factor,seed,baseline,candidate,jointly_accepted,jointly_boarded,jointly_finished,censored_journeys,baseline_finished_candidate_unfinished,candidate_finished_baseline_unfinished,wait_regressions,wait_proposal_failures,maximum_added_wait,journey_proposal_failures,maximum_added_journey
reserve,1,acton-s1-baseline-share1,acton-s1-reserve-share1,239,239,235,4,0,0,0,0,0.0,0,15.783333333333303
reserve,1,acton-s1-baseline-share4,acton-s1-reserve-share4,239,239,239,0,0,0,6,6,1811.95,6,1811.1
sharing,1,acton-s1-baseline-share1,acton-s1-baseline-share4,239,239,235,4,0,4,3,1,55.0,0,171.5666666666666
sharing,1,acton-s1-reserve-share1,acton-s1-reserve-share4,239,239,235,4,0,4,1,1,73.85000000000002,2,164.95000000000005
combined,1,acton-s1-baseline-share1,acton-s1-reserve-share4,239,239,235,4,0,4,0,0,0.0,0,57.09999999999991
reserve,2,acton-s2-baseline-share1,acton-s2-reserve-share1,239,239,238,1,0,0,105,0,100.58333333333303,81,338.3666666666668
reserve,2,acton-s2-baseline-share4,acton-s2-reserve-share4,239,239,239,0,0,0,26,5,1904.85,5,1906.0333333333333
sharing,2,acton-s2-baseline-share1,acton-s2-baseline-share4,239,239,238,1,0,1,0,0,0.0,2,134.23333333333335
sharing,2,acton-s2-reserve-share1,acton-s2-reserve-share4,239,239,238,1,0,1,0,0,0.0,0,71.6833333333334
combined,2,acton-s2-baseline-share1,acton-s2-reserve-share4,239,239,238,1,0,1,0,0,0.0,0,0.06666666666706078
