factor,seed,baseline,candidate,schedule_index,request_id_baseline,request_id_candidate,origin,destination,baseline_wait,candidate_wait,added_wait,wait_limit_exceeded,baseline_complete,candidate_complete,baseline_journey,candidate_journey,added_journey,journey_limit_exceeded
reserve,1,acton-s1-baseline-share1,acton-s1-reserve-share1,0,1,1,940GZZLUACT,940GZZLUBSC,0.0,0.0,0.0,False,True,True,414.96666666666664,414.96666666666664,0.0,False
reserve,1,acton-s1-baseline-share1,acton-s1-reserve-share1,138,139,139,940GZZLUACT,940GZZLUOXC,1264.2833333333333,1257.2833333333333,-7.0,False,True,True,2155.5833333333335,2138.983333333333,-16.600000000000364,False
reserve,1,acton-s1-baseline-share1,acton-s1-reserve-share1,133,134,134,940GZZLUACT,940GZZLUADE,1205.2833333333333,1197.6,-7.683333333333394,False,True,True,2421.633333333333,2401.866666666667,-19.766666666666424,False
reserve,1,acton-s1-baseline-share1,acton-s1-reserve-share1,161,162,162,940GZZLUACT,940GZZLUWOG,1525.5833333333333,1516.2833333333333,-9.299999999999955,False,True,True,3184.983333333333,3190.1,5.116666666666788,False
reserve,1,acton-s1-baseline-share1,acton-s1-reserve-share1,160,161,161,940GZZLUACT,940GZZLUAGL,1511.35,1501.15,-10.199999999999818,False,True,True,2684.1666666666665,2689.6,5.433333333333394,False
reserve,1,acton-s1-baseline-share1,acton-s1-reserve-share1,156,157,157,940GZZLUACT,940GZZLUDGE,1470.0,1450.9833333333333,-19.01666666666665,False,True,True,3917.883333333333,3933.6666666666665,15.783333333333303,False
reserve,1,acton-s1-baseline-share1,acton-s1-reserve-share1,162,163,163,940GZZLUACT,940GZZLUCSD,1540.7166666666667,1530.0166666666667,-10.700000000000045,False,True,True,3108.9333333333334,3123.2833333333333,14.349999999999909,False
reserve,1,acton-s1-baseline-share1,acton-s1-reserve-share1,159,160,160,940GZZLUACT,940GZZLUFYR,1504.4333333333334,1486.0166666666667,-18.416666666666742,False,True,True,2634.5333333333333,2642.7166666666667,8.183333333333394,False
reserve,1,acton-s1-baseline-share1,acton-s1-reserve-share1,214,215,215,940GZZLUACT,940GZZLUKNB,2160.15,2146.366666666667,-13.783333333333303,False,True,True,2872.9666666666667,2881.133333333333,8.166666666666515,False
reserve,1,acton-s1-baseline-share4,acton-s1-reserve-share4,199,200,200,940GZZLUACT,940GZZLURYL,0.0,1811.95,1811.95,True,True,True,859.7166666666667,2670.8166666666666,1811.1,True
reserve,1,acton-s1-baseline-share4,acton-s1-reserve-share4,176,177,177,940GZZLUACT,940GZZLUVIC,18.9,1568.1666666666667,1549.2666666666667,True,True,True,914.7,2434.766666666667,1520.0666666666668,True
reserve,1,acton-s1-baseline-share4,acton-s1-reserve-share4,150,151,151,940GZZLUACT,940GZZLUUXB,0.0,1279.8,1279.8,True,True,True,1595.7333333333333,2749.35,1153.6166666666666,True
reserve,1,acton-s1-baseline-share4,acton-s1-reserve-share4,148,149,149,940GZZLUACT,940GZZLUSSQ,18.9,1255.1833333333334,1236.2833333333333,True,True,True,781.9833333333333,2015.2,1233.2166666666667,True
reserve,1,acton-s1-baseline-share4,acton-s1-reserve-share4,147,148,148,940GZZLUACT,940GZZLUSWF,18.9,1250.45,1231.55,True,True,True,2232.45,3326.483333333333,1094.0333333333333,True
sharing,1,acton-s1-baseline-share1,acton-s1-baseline-share4,121,122,122,940GZZLUACT,940GZZLUCAR,1009.0333333333333,1064.0333333333333,55.0,True,True,True,2230.8,2257.5833333333335,26.783333333333303,False
sharing,1,acton-s1-baseline-share1,acton-s1-baseline-share4,131,132,132,940GZZLUACT,940GZZLUMGT,1188.3333333333333,1192.2333333333333,3.900000000000091,False,True,True,2345.5333333333333,2342.9666666666667,-2.566666666666606,False
sharing,1,acton-s1-baseline-share1,acton-s1-baseline-share4,124,125,125,940GZZLUACT,940GZZLUFCN,1101.9166666666667,1102.0166666666667,0.09999999999990905,False,True,True,2284.016666666667,2278.116666666667,-5.900000000000091,False
sharing,1,acton-s1-baseline-share1,acton-s1-baseline-share4,0,1,1,940GZZLUACT,940GZZLUBSC,0.0,0.0,0.0,False,True,True,414.96666666666664,414.96666666666664,0.0,False
sharing,1,acton-s1-baseline-share1,acton-s1-baseline-share4,126,127,127,940GZZLUACT,940GZZLUNOW,1129.7666666666667,1129.3333333333333,-0.43333333333339397,False,True,True,2660.383333333333,2655.4666666666667,-4.916666666666515,False
sharing,1,acton-s1-baseline-share1,acton-s1-baseline-share4,39,40,40,940GZZLUACT,940GZZLUTHB,649.7,618.9,-30.800000000000068,False,True,True,3518.4333333333334,3690.0,171.5666666666666,False
sharing,1,acton-s1-baseline-share1,acton-s1-baseline-share4,38,39,39,940GZZLUACT,940GZZLUBWR,647.5666666666667,604.6666666666666,-42.90000000000009,False,True,True,2109.9666666666667,2213.9666666666667,104.0,False
sharing,1,acton-s1-baseline-share1,acton-s1-baseline-share4,1,2,2,940GZZLUACT,940GZZLUBOR,131.98333333333332,0.0,-131.98333333333332,False,True,True,1227.25,1272.1833333333334,44.933333333333394,False
sharing,1,acton-s1-baseline-share1,acton-s1-baseline-share4,37,38,38,940GZZLUACT,940GZZLURSM,634.6,597.75,-36.85000000000002,False,True,True,1703.5666666666666,1732.4166666666667,28.850000000000136,False
sharing,1,acton-s1-reserve-share1,acton-s1-reserve-share4,123,124,124,940GZZLUACT,940GZZLUAGL,963.8333333333334,1037.6833333333334,73.85000000000002,True,True,True,2140.5,2165.383333333333,24.883333333333212,False
sharing,1,acton-s1-reserve-share1,acton-s1-reserve-share4,0,1,1,940GZZLUACT,940GZZLUBSC,0.0,0.0,0.0,False,True,True,414.96666666666664,414.96666666666664,0.0,False
sharing,1,acton-s1-reserve-share1,acton-s1-reserve-share4,1,2,2,940GZZLUACT,940GZZLUBOR,0.0,0.0,0.0,False,True,True,1107.2333333333333,1272.1833333333334,164.95000000000005,True
sharing,1,acton-s1-reserve-share1,acton-s1-reserve-share4,4,5,5,940GZZLUACT,940GZZLURSQ,147.15,140.33333333333334,-6.816666666666663,False,True,True,1161.1,1143.7833333333333,-17.316666666666606,False
sharing,1,acton-s1-reserve-share1,acton-s1-reserve-share4,3,4,4,940GZZLUACT,940GZZLUCYF,140.33333333333334,126.61666666666666,-13.716666666666683,False,True,True,1576.0,1556.9166666666667,-19.083333333333258,False
sharing,1,acton-s1-reserve-share1,acton-s1-reserve-share4,2,3,3,940GZZLUACT,940GZZLUTBY,126.61666666666666,0.0,-126.61666666666666,False,True,True,1556.7166666666667,1642.8,86.08333333333326,True
sharing,1,acton-s1-reserve-share1,acton-s1-reserve-share4,44,45,45,940GZZLUACT,940GZZLUBBB,644.9166666666666,597.5666666666667,-47.34999999999991,False,True,True,2199.2166666666667,2276.5,77.2833333333333,False
sharing,1,acton-s1-reserve-share1,acton-s1-reserve-share4,46,47,47,940GZZLUACT,940GZZLURSG,660.05,606.1166666666667,-53.93333333333328,False,True,True,1904.3166666666666,1967.7166666666667,63.40000000000009,False
combined,1,acton-s1-baseline-share1,acton-s1-reserve-share4,0,1,1,940GZZLUACT,940GZZLUBSC,0.0,0.0,0.0,False,True,True,414.96666666666664,414.96666666666664,0.0,False
combined,1,acton-s1-baseline-share1,acton-s1-reserve-share4,8,9,9,940GZZLUACT,940GZZLUOXC,248.65,201.11666666666667,-47.53333333333333,False,True,True,1125.45,1085.9333333333334,-39.51666666666665,False
combined,1,acton-s1-baseline-share1,acton-s1-reserve-share4,124,125,125,940GZZLUACT,940GZZLUFCN,1101.9166666666667,1051.8833333333334,-50.0333333333333,False,True,True,2284.016666666667,2211.3,-72.7166666666667,False
combined,1,acton-s1-baseline-share1,acton-s1-reserve-share4,125,126,126,940GZZLUACT,940GZZLURBG,1118.2333333333333,1063.5833333333333,-54.65000000000009,False,True,True,3164.5833333333335,3091.2833333333333,-73.30000000000018,False
combined,1,acton-s1-baseline-share1,acton-s1-reserve-share4,7,8,8,940GZZLUACT,940GZZLUNGW,246.26666666666668,187.0,-59.26666666666668,False,True,True,1812.7333333333333,1739.1166666666666,-73.61666666666679,False
combined,1,acton-s1-baseline-share1,acton-s1-reserve-share4,2,3,3,940GZZLUACT,940GZZLUTBY,150.25,0.0,-150.25,False,True,True,1585.7,1642.8,57.09999999999991,False
combined,1,acton-s1-baseline-share1,acton-s1-reserve-share4,1,2,2,940GZZLUACT,940GZZLUBOR,131.98333333333332,0.0,-131.98333333333332,False,True,True,1227.25,1272.1833333333334,44.933333333333394,False
combined,1,acton-s1-baseline-share1,acton-s1-reserve-share4,44,45,45,940GZZLUACT,940GZZLUBBB,709.5,597.5666666666667,-111.93333333333328,False,True,True,2248.4166666666665,2276.5,28.083333333333485,False
combined,1,acton-s1-baseline-share1,acton-s1-reserve-share4,46,47,47,940GZZLUACT,940GZZLURSG,738.4666666666667,606.1166666666667,-132.35000000000002,False,True,True,1988.25,1967.7166666666667,-20.533333333333303,False
reserve,2,acton-s2-baseline-share1,acton-s2-reserve-share1,237,238,238,940GZZLUACT,940GZZLUHCL,2432.3333333333335,2532.9166666666665,100.58333333333303,False,True,True,4112.1,4400.5,288.39999999999964,True
reserve,2,acton-s2-baseline-share1,acton-s2-reserve-share1,238,239,239,940GZZLUACT,940GZZLUTPN,2448.0333333333333,2548.05,100.01666666666688,False,True,True,4047.3,4335.75,288.4499999999998,True
reserve,2,acton-s2-baseline-share1,acton-s2-reserve-share1,236,237,237,940GZZLUACT,940GZZLUWKA,2418.1,2495.6666666666665,77.5666666666666,False,True,True,3277.3333333333335,3512.7,235.36666666666633,True
reserve,2,acton-s2-baseline-share1,acton-s2-reserve-share1,229,230,230,940GZZLUACT,940GZZLUBLM,2332.116666666667,2407.883333333333,75.76666666666642,False,True,True,3644.1,3856.9,212.80000000000018,True
reserve,2,acton-s2-baseline-share1,acton-s2-reserve-share1,232,233,233,940GZZLUACT,940GZZLUTAW,2368.9666666666667,2443.883333333333,74.91666666666652,False,True,True,4334.383333333333,4672.75,338.3666666666668,True
reserve,2,acton-s2-baseline-share1,acton-s2-reserve-share1,216,217,217,940GZZLUACT,940GZZLUMPK,2172.4333333333334,2223.85,51.416666666666515,False,True,True,3854.4333333333334,4185.95,331.5166666666664,True
reserve,2,acton-s2-baseline-share1,acton-s2-reserve-share1,214,215,215,940GZZLUACT,940GZZLUWAF,2152.25,2193.5833333333335,41.333333333333485,False,True,True,4125.666666666667,4456.183333333333,330.5166666666664,True
reserve,2,acton-s2-baseline-share1,acton-s2-reserve-share1,215,216,216,940GZZLUACT,940GZZLUASG,2165.516666666667,2208.7166666666667,43.19999999999982,False,True,True,3989.266666666667,4319.183333333333,329.9166666666665,True
reserve,2,acton-s2-baseline-share1,acton-s2-reserve-share1,233,234,234,940GZZLUACT,940GZZLUMTC,2386.616666666667,2459.15,72.5333333333333,False,True,True,3462.6666666666665,3784.1,321.4333333333334,True
reserve,2,acton-s2-baseline-share4,acton-s2-reserve-share4,204,205,205,940GZZLUACT,940GZZLUVXL,18.9,1923.75,1904.85,True,True,True,967.1,2873.133333333333,1906.0333333333333,True
reserve,2,acton-s2-baseline-share4,acton-s2-reserve-share4,163,164,164,940GZZLUACT,940GZZLUMDN,18.9,1459.2,1440.3,True,True,True,1896.0333333333333,3164.0833333333335,1268.0500000000002,True
reserve,2,acton-s2-baseline-share4,acton-s2-reserve-share4,147,148,148,940GZZLUACT,940GZZLUTBY,18.9,1298.0833333333333,1279.1833333333332,True,True,True,1562.25,2735.866666666667,1173.6166666666668,True
reserve,2,acton-s2-baseline-share4,acton-s2-reserve-share4,137,138,138,940GZZLUACT,940GZZLUUPM,0.0,1201.0166666666667,1201.0166666666667,True,True,True,3094.6666666666665,4080.2833333333333,985.6166666666668,True
reserve,2,acton-s2-baseline-share4,acton-s2-reserve-share4,124,125,125,940GZZLUACT,940GZZLUUPB,0.0,1070.2833333333333,1070.2833333333333,True,True,True,2944.85,3837.616666666667,892.7666666666669,True
sharing,2,acton-s2-baseline-share1,acton-s2-baseline-share4,0,1,1,940GZZLUACT,940GZZLURVP,0.0,0.0,0.0,False,True,True,304.6,304.6,0.0,False
sharing,2,acton-s2-baseline-share1,acton-s2-baseline-share4,1,2,2,940GZZLUACT,940GZZLUSUH,131.98333333333332,131.98333333333332,0.0,False,True,True,764.8333333333334,764.8333333333334,0.0,False
sharing,2,acton-s2-baseline-share1,acton-s2-baseline-share4,2,3,3,940GZZLUACT,940GZZLUKSX,150.25,150.25,0.0,False,True,True,1192.65,1192.65,0.0,False
sharing,2,acton-s2-baseline-share1,acton-s2-baseline-share4,3,4,4,940GZZLUACT,940GZZLUSWN,187.0,187.0,0.0,False,True,True,1779.8333333333333,1779.8333333333333,0.0,False
sharing,2,acton-s2-baseline-share1,acton-s2-baseline-share4,4,5,5,940GZZLUACT,940GZZLUPKR,202.68333333333334,202.68333333333334,0.0,False,True,True,467.15,467.15,0.0,False
sharing,2,acton-s2-baseline-share1,acton-s2-baseline-share4,35,36,36,940GZZLUACT,940GZZLUHSN,604.6666666666666,604.6666666666666,0.0,False,True,True,1929.55,2063.7833333333333,134.23333333333335,True
sharing,2,acton-s2-baseline-share1,acton-s2-baseline-share4,36,37,37,940GZZLUACT,940GZZLUMDN,618.9,618.9,0.0,False,True,True,2362.9,2496.0333333333333,133.1333333333332,True
sharing,2,acton-s2-baseline-share1,acton-s2-baseline-share4,34,35,35,940GZZLUACT,940GZZLUUPY,597.75,597.75,0.0,False,True,True,2716.866666666667,2784.55,67.6833333333334,False
sharing,2,acton-s2-baseline-share1,acton-s2-baseline-share4,40,41,41,940GZZLUACT,940GZZLUHCH,665.45,665.45,0.0,False,True,True,3386.7,3393.6,6.900000000000091,False
sharing,2,acton-s2-baseline-share1,acton-s2-baseline-share4,67,68,68,940GZZLUACT,940GZZLUBLR,973.6833333333333,973.6833333333333,0.0,False,True,True,2709.65,2715.016666666667,5.366666666666788,False
sharing,2,acton-s2-reserve-share1,acton-s2-reserve-share4,0,1,1,940GZZLUACT,940GZZLURVP,0.0,0.0,0.0,False,True,True,304.6,304.6,0.0,False
sharing,2,acton-s2-reserve-share1,acton-s2-reserve-share4,1,2,2,940GZZLUACT,940GZZLUSUH,0.0,0.0,0.0,False,True,True,638.9,697.1333333333333,58.23333333333335,False
sharing,2,acton-s2-reserve-share1,acton-s2-reserve-share4,2,3,3,940GZZLUACT,940GZZLUKSX,126.61666666666666,126.61666666666666,0.0,False,True,True,1163.6666666666667,1163.6666666666667,0.0,False
sharing,2,acton-s2-reserve-share1,acton-s2-reserve-share4,3,4,4,940GZZLUACT,940GZZLUSWN,140.33333333333334,140.33333333333334,0.0,False,True,True,1738.5166666666667,1738.5166666666667,0.0,False
sharing,2,acton-s2-reserve-share1,acton-s2-reserve-share4,9,10,10,940GZZLUACT,940GZZLUEUS,215.41666666666666,215.4,-0.01666666666665151,False,True,True,1217.6666666666667,1207.5333333333333,-10.13333333333344,False
sharing,2,acton-s2-reserve-share1,acton-s2-reserve-share4,43,44,44,940GZZLUACT,940GZZLUHCL,630.6833333333333,597.5666666666667,-33.11666666666656,False,True,True,2318.616666666667,2390.3,71.6833333333334,False
sharing,2,acton-s2-reserve-share1,acton-s2-reserve-share4,45,46,46,940GZZLUACT,940GZZLUWJN,655.25,613.3,-41.950000000000045,False,True,True,1906.8166666666666,1931.85,25.033333333333303,False
sharing,2,acton-s2-reserve-share1,acton-s2-reserve-share4,44,45,45,940GZZLUACT,940GZZLUPAC,637.6,606.1166666666667,-31.48333333333335,False,True,True,1459.3333333333333,1484.2166666666667,24.88333333333344,False
sharing,2,acton-s2-reserve-share1,acton-s2-reserve-share4,16,17,17,940GZZLUACT,940GZZLUBOR,289.26666666666665,287.18333333333334,-2.0833333333333144,False,True,True,1410.25,1432.5166666666667,22.26666666666665,False
combined,2,acton-s2-baseline-share1,acton-s2-reserve-share4,0,1,1,940GZZLUACT,940GZZLURVP,0.0,0.0,0.0,False,True,True,304.6,304.6,0.0,False
combined,2,acton-s2-baseline-share1,acton-s2-reserve-share4,125,126,126,940GZZLUACT,940GZZLUSUH,1106.3833333333334,1085.4166666666667,-20.966666666666697,False,True,True,1741.5833333333333,1718.2666666666667,-23.316666666666606,False
combined,2,acton-s2-baseline-share1,acton-s2-reserve-share4,2,3,3,940GZZLUACT,940GZZLUKSX,150.25,126.61666666666666,-23.63333333333334,False,True,True,1192.65,1163.6666666666667,-28.98333333333335,False
combined,2,acton-s2-baseline-share1,acton-s2-reserve-share4,123,124,124,940GZZLUACT,940GZZLUNEN,1081.4333333333334,1055.1666666666667,-26.26666666666665,False,True,True,1271.1833333333334,1244.9166666666667,-26.26666666666665,False
combined,2,acton-s2-baseline-share1,acton-s2-reserve-share4,124,125,125,940GZZLUACT,940GZZLUUPB,1096.5666666666666,1070.2833333333333,-26.283333333333303,False,True,True,3895.4666666666667,3837.616666666667,-57.84999999999991,False
combined,2,acton-s2-baseline-share1,acton-s2-reserve-share4,43,44,44,940GZZLUACT,940GZZLUHCL,701.0666666666667,597.5666666666667,-103.5,False,True,True,2390.233333333333,2390.3,0.06666666666706078,False
combined,2,acton-s2-baseline-share1,acton-s2-reserve-share4,81,82,82,940GZZLUACT,940GZZLUKNB,1125.8,1052.75,-73.04999999999995,False,True,True,1901.0666666666666,1872.1666666666667,-28.899999999999864,False
