variant,rep,preset,clients,gc,wall_seconds,playback,end_speed,speed_changes,server_cpu_seconds,server_end_rss_mib,browser_cpu_seconds,browser_end_summed_rss_mib,command_max_ms,shared_sequences
baseline,1,central,1,100,60.044,59.74951702085138,60,0,21.33,104.80859375,496.10999999999996,752.109375,5.490745999995852,0
candidate,1,central,1,100,60.035,59.77568640515255,60,0,20.07,106.8984375,498.05999999999995,818.58984375,5.568761999999879,0
candidate,2,central,1,100,60.062,59.76685203067941,60,0,20.01,108.671875,495.25999999999993,817.88671875,13.952008000000205,0
baseline,2,central,1,100,60.054,59.70987222610761,60,0,21.45,105.671875,497.23999999999995,832.23828125,9.002292000000125,0
baseline,1,central,1,400,60.038,59.77325471645736,60,0,20.27,240.44140625,498.03,814.72265625,9.246141999999963,0
candidate,1,central,1,400,60.045,59.814028367613176,60,0,19.299999999999997,237.1640625,498.9799999999999,834.671875,5.673701000000165,0
candidate,2,central,1,400,60.047,59.762352823621505,60,0,19.31,230.60546875,498.3699999999999,823.0859375,7.87068999999974,0
baseline,2,central,1,400,60.034,59.82720902599638,60,0,20.15,234.84375,498.46999999999997,833.625,4.549521999999797,0
baseline,1,full,1,100,60.048,59.970634603428365,60,0,44.63,224.7890625,482.22999999999996,1046.49609375,7.325192000000243,0
candidate,1,full,1,100,60.054,59.97879686060323,60,0,42.74,231.9921875,484.68999999999994,1037.47265625,9.408207000000402,0
candidate,2,full,1,100,60.049,59.97740733956158,60,0,42.62,237.02734375,482.6699999999999,1044.9140625,4.589837999999872,0
baseline,2,full,1,100,60.044,59.97129882530589,60,0,44.300000000000004,234.23828125,477.9599999999999,1042.89453125,4.801185999999689,0
baseline,1,full,1,400,60.061,59.97596887608709,60,0,42.870000000000005,558.09765625,481.62999999999994,1030.734375,4.569118999999773,0
candidate,1,full,1,400,60.052,59.96497479961811,60,0,41.48,556.0703125,483.66999999999996,1045.7109375,4.8652869999996256,0
candidate,2,full,1,400,60.053,59.967584189521475,60,0,41.41,556.83984375,481.74999999999994,1030.84765625,4.745122000000265,0
baseline,2,full,1,400,60.054,59.962700236453855,60,0,42.89,561.25,483.46999999999997,1040.44140625,7.230626000000484,0
