preset,mode,GOGC,baseline_cpu_seconds,candidate_cpu_seconds,cpu_reduction_percent,baseline_wall_seconds,candidate_wall_seconds,baseline_allocated_mib,candidate_allocated_mib,saved_allocated_mib,baseline_allocations,candidate_allocations,baseline_collections,candidate_collections,baseline_gc_pause_ms,candidate_gc_pause_ms,baseline_peak_heap_mib,candidate_peak_heap_mib,paired_cpu_reduction_min_percent,paired_cpu_reduction_max_percent,baseline_mean_batch_p95_ms,candidate_mean_batch_p95_ms,baseline_mean_batch_p99_ms,candidate_mean_batch_p99_ms,baseline_gzip_bytes,candidate_gzip_bytes
central,stream,100,14.809480999999998,13.772506,7.002102234372687,13.505684407499999,12.793657873499999,3328.9310264587402,2526.726245880127,802.2047805786133,7615363,5683654.5,51,38,2.8086485,1.961754,140.81739044189453,139.52169036865234,6.931538174537444,7.0725020812069666,4.5519125,4.215674,12.0077115,11.158516500000001,14341831.5,14340348
central,stream,200,13.972376999999998,13.093092500000001,6.293020149685324,13.295379416500001,12.598346987500001,3329.864158630371,2523.516891479492,806.3472671508789,7615310.5,5683042,24,18,1.3215005,0.9558275,212.33765029907227,212.41191482543945,6.227981546922445,6.358278400980488,4.29044,3.91937,11.675014999999998,11.202789500000002,14339996.5,14343524.5
central,stream,400,13.544574999999998,13.765248999999999,-1.6292427041822988,13.165347501,13.547938334000001,3327.8044204711914,2523.67671585083,804.1277046203613,7614957,5683127,11,8,0.596528,0.839277,359.86588287353516,358.5517158508301,-8.578422367109528,5.3016018398422515,4.0566435,4.263684,11.471385999999999,12.1869695,14340897,14344010
central,ticks,100,12.172945000000002,11.114781,8.692752657635449,11.4102432035,10.6823264875,1929.1438674926758,1124.568458557129,804.5754089355469,5115488.5,3183514.5,29,16,1.511316,0.8142125,137.54743194580078,139.06673431396484,8.32719738056178,9.058054027970696,4.3717179999999995,4.020346,11.6664395,11.0209575,0,0
central,ticks,200,11.689088,10.8627215,7.069554955869961,11.2886009805,10.615634691,1929.0965118408203,1124.5137252807617,804.5827865600586,5115496,3183512,13.5,8,0.7325375,0.3989875,212.30253982543945,211.08959197998047,6.538683983754423,7.5951945723521375,4.057365,3.750883,11.4753535,11.161247,0,0
central,ticks,400,11.469344,10.698761999999999,6.718623140085445,11.244916354,10.590800163499999,1929.0924797058105,1124.5169982910156,804.5754814147949,5115490.5,3183516.5,6,3,0.313839,0.1527125,352.6676025390625,351.7417640686035,6.594468651176843,6.842156301271984,3.91384,3.4892905,11.4048955,10.9057155,0,0
full,stream,100,33.7644485,32.065047500000006,5.033107530247372,31.475452220999998,30.2716729625,6516.526336669922,5230.642021179199,1285.8843154907227,10360536.5,8033592,67,53,3.8178035,2.916441,207.48204040527344,204.76047897338867,4.985372210180261,5.080986251064035,16.927682,16.7426685,31.613605,31.665232500000002,20847790.5,20846248
full,stream,200,32.514669500000004,30.8781815,5.033075916702778,31.326092209000002,29.94666814,6515.614410400391,5231.320987701416,1284.2934226989746,10359881.5,8033701,32,25,1.826532,1.4229135,316.427734375,314.64380264282227,4.760672039865,5.3046315577172205,16.829877500000002,16.407120999999997,31.4914495,31.3137145,20847297,20845912
full,stream,400,32.063019,30.708384,4.224914066888086,31.359189647,30.172092275,6516.13321685791,5230.916564941406,1285.216651916504,10359823.5,8033355.5,15,12,0.8664225,0.674477,518.8074989318848,513.1282424926758,4.110647884857177,4.339852593293115,16.803587999999998,16.254628,30.675822500000002,31.1381835,20848132.5,20844117
full,ticks,100,28.883846000000002,27.2218685,5.754003466158908,27.522294238,26.3136777185,3921.8998794555664,2637.461326599121,1284.4385528564453,4316311,1990160,39,26,2.0621495,1.388308,205.77424240112305,205.36997604370117,5.723573885525635,5.784461359492054,16.501829999999998,16.4484945,31.4133375,30.877989499999998,0,0
full,ticks,200,28.3178585,26.892324000000002,5.034047684078924,27.561344144,26.4140875505,3921.9041061401367,2637.450340270996,1284.4537658691406,4316318,1990144,19,12,0.98849,0.624856,313.5641899108887,311.35080337524414,4.8887027813596,5.179641007449042,16.443985499999997,16.424003,30.699486999999998,31.1508375,0,0
full,ticks,400,28.111689000000005,26.845727500000002,4.5033277794158995,27.6878766185,26.546309469500002,3921.906078338623,2637.457805633545,1284.4482727050781,4316320.5,1990154.5,9,6,0.5007295,0.3156335,519.3807945251465,512.6088752746582,4.16732000287261,4.840720843431933,16.6721905,16.228360000000002,30.692204,30.424309,0,0
