name,kind,pattern,band,rate,seed,queue,buffers,reassignment,schedule_id,scheduled,served,remaining,skipped,drained,actual_end_seconds,wait_average_seconds,wait_p95_seconds,journey_average_seconds,journey_p95_seconds,empty_distance_meters,backlog_at_arrival_midpoint,backlog_at_arrival_end,late_backlog_change,accepted,aboard,pending,late_backlog_per_minute,swaps,transfers,entry_platoon_member_pod_seconds,focus_entry_platoon_member_pod_seconds,focus_entry_platoon_shared_resource_pod_seconds,safety_samples,physical_restores,dense_restore_samples
full-morning-r10-s3-q200-boff-roff,controller,profile,morning,10,3,200,off,off,0e98f40709623bc2,1799,1796,3,0,False,14400,514.6704002223457,1394.6333333333334,1533.6349944320714,3120.6833333333334,13461141.438924886,273,252,-21,1799,3,0,-0.23333333333333334,0,0,0.0,0.0,0.0,14400,2,7200
full-morning-r10-s3-q200-bon-roff,controller,profile,morning,10,3,200,on,off,0e98f40709623bc2,1799,1796,3,0,False,14400,508.16521215490087,1330.5,1524.8898106904232,3132.983333333333,13827277.336739551,272,248,-24,1799,3,0,-0.26666666666666666,0,0,0.0,0.0,0.0,14400,2,7200
full-morning-r10-s3-q200-boff-ron,controller,profile,morning,10,3,200,off,on,0e98f40709623bc2,1799,1796,3,0,False,14400,509.9254493236984,1371.8166666666666,1528.8978841870824,3080.5833333333335,13406179.501234138,270,244,-26,1799,3,0,-0.28888888888888886,35,56,0.0,0.0,0.0,14400,2,7200
full-morning-r10-s3-q200-bon-ron,controller,profile,morning,10,3,200,on,on,0e98f40709623bc2,1799,1797,2,0,False,14400,506.01102464332035,1342.1,1524.0807642366908,3095.75,13863078.185552783,268,250,-18,1799,2,0,-0.2,25,60,0.0,0.0,0.0,14400,2,7200
full-morning-r10-s3-q1000000-boff-roff,controller,profile,morning,10,3,1000000,off,off,0e98f40709623bc2,1799,1796,3,0,False,14400,514.6704002223457,1394.6333333333334,1533.6349944320714,3120.6833333333334,13461141.438924886,273,252,-21,1799,3,0,-0.23333333333333334,0,0,0.0,0.0,0.0,14400,2,7200
full-morning-r10-s3-q1000000-bon-roff,controller,profile,morning,10,3,1000000,on,off,0e98f40709623bc2,1799,1796,3,0,False,14400,508.16521215490087,1330.5,1524.8898106904232,3132.983333333333,13827277.336739551,272,248,-24,1799,3,0,-0.26666666666666666,0,0,0.0,0.0,0.0,14400,2,7200
full-morning-r10-s3-q1000000-boff-ron,controller,profile,morning,10,3,1000000,off,on,0e98f40709623bc2,1799,1796,3,0,False,14400,509.9254493236984,1371.8166666666666,1528.8978841870824,3080.5833333333335,13406179.501234138,270,244,-26,1799,3,0,-0.28888888888888886,35,56,0.0,0.0,0.0,14400,2,7200
full-morning-r10-s3-q1000000-bon-ron,controller,profile,morning,10,3,1000000,on,on,0e98f40709623bc2,1799,1797,2,0,False,14400,506.01102464332035,1342.1,1524.0807642366908,3095.75,13863078.185552783,268,250,-18,1799,2,0,-0.2,25,60,0.0,0.0,0.0,14400,2,7200
full-am-peak-r12-s3-q200-boff-roff,controller,profile,am-peak,12,3,200,off,off,00d35c827ec64c9c,2159,2159,0,0,True,13704,323.76231279913543,1063.05,1046.787779836344,2361.3333333333335,11505155.420597099,183,225,42,2159,0,0,0.4666666666666667,0,0,0.0,0.0,0.0,13704,2,7200
full-am-peak-r12-s3-q200-bon-roff,controller,profile,am-peak,12,3,200,on,off,00d35c827ec64c9c,2159,2159,0,0,True,13694,304.5042535124286,994.9,1026.5678323297825,2341.1666666666665,12173793.76904451,186,211,25,2159,0,0,0.2777777777777778,0,0,0.0,0.0,0.0,13694,2,7200
full-am-peak-r12-s3-q200-boff-ron,controller,profile,am-peak,12,3,200,off,on,00d35c827ec64c9c,2159,2159,0,0,True,13766,321.0987339817817,1053.9333333333334,1044.007194688899,2390.4666666666667,11498427.398938049,184,221,37,2159,0,0,0.4111111111111111,11,30,0.0,0.0,0.0,13766,2,7200
full-am-peak-r12-s3-q200-bon-ron,controller,profile,am-peak,12,3,200,on,on,00d35c827ec64c9c,2159,2159,0,0,True,13675,302.6902423961711,989.4333333333333,1024.9707349081366,2324.9333333333334,12254299.131317506,189,211,22,2159,0,0,0.24444444444444444,11,36,0.0,0.0,0.0,13675,2,7200
full-am-peak-r12-s3-q1000000-boff-roff,controller,profile,am-peak,12,3,1000000,off,off,00d35c827ec64c9c,2159,2159,0,0,True,13704,323.76231279913543,1063.05,1046.787779836344,2361.3333333333335,11505155.420597099,183,225,42,2159,0,0,0.4666666666666667,0,0,0.0,0.0,0.0,13704,2,7200
full-am-peak-r12-s3-q1000000-bon-roff,controller,profile,am-peak,12,3,1000000,on,off,00d35c827ec64c9c,2159,2159,0,0,True,13694,304.5042535124286,994.9,1026.5678323297825,2341.1666666666665,12173793.76904451,186,211,25,2159,0,0,0.2777777777777778,0,0,0.0,0.0,0.0,13694,2,7200
full-am-peak-r12-s3-q1000000-boff-ron,controller,profile,am-peak,12,3,1000000,off,on,00d35c827ec64c9c,2159,2159,0,0,True,13766,321.0987339817817,1053.9333333333334,1044.007194688899,2390.4666666666667,11498427.398938049,184,221,37,2159,0,0,0.4111111111111111,11,30,0.0,0.0,0.0,13766,2,7200
full-am-peak-r12-s3-q1000000-bon-ron,controller,profile,am-peak,12,3,1000000,on,on,00d35c827ec64c9c,2159,2159,0,0,True,13675,302.6902423961711,989.4333333333333,1024.9707349081366,2324.9333333333334,12254299.131317506,189,211,22,2159,0,0,0.24444444444444444,11,36,0.0,0.0,0.0,13675,2,7200
full-pm-peak-r14-s3-q200-boff-roff,controller,profile,pm-peak,14,3,200,off,off,7fa66b3bcc280179,2521,2521,0,0,True,14112,343.6554938516462,827.65,1027.744512759487,2065.1666666666665,11984128.177169038,227,265,38,2521,0,0,0.4222222222222222,0,0,0.0,0.0,0.0,14112,2,7200
full-pm-peak-r14-s3-q200-bon-roff,controller,profile,pm-peak,14,3,200,on,off,7fa66b3bcc280179,2521,2521,0,0,True,13878,330.9143659923311,819.45,1010.232070606902,2046.4333333333334,12023014.073189627,228,261,33,2521,0,0,0.36666666666666664,0,0,0.0,0.0,0.0,13878,2,7200
full-pm-peak-r14-s3-q200-boff-ron,controller,profile,pm-peak,14,3,200,off,on,7fa66b3bcc280179,2521,2521,0,0,True,14122,310.73109877032925,736.4,994.6260809202697,1988.65,10955021.01002448,222,249,27,2521,0,0,0.3,173,142,0.0,0.0,0.0,14122,2,7200
full-pm-peak-r14-s3-q200-bon-ron,controller,profile,pm-peak,14,3,200,on,on,7fa66b3bcc280179,2521,2521,0,0,True,13422,299.83696284543174,696.2,979.2186103398122,1963.6166666666666,11256226.843446797,218,252,34,2521,0,0,0.37777777777777777,201,131,0.0,0.0,0.0,13422,2,7200
full-pm-peak-r14-s3-q1000000-boff-roff,controller,profile,pm-peak,14,3,1000000,off,off,7fa66b3bcc280179,2521,2521,0,0,True,14112,343.6554938516462,827.65,1027.744512759487,2065.1666666666665,11984128.177169038,227,265,38,2521,0,0,0.4222222222222222,0,0,0.0,0.0,0.0,14112,2,7200
full-pm-peak-r14-s3-q1000000-bon-roff,controller,profile,pm-peak,14,3,1000000,on,off,7fa66b3bcc280179,2521,2521,0,0,True,13878,330.9143659923311,819.45,1010.232070606902,2046.4333333333334,12023014.073189627,228,261,33,2521,0,0,0.36666666666666664,0,0,0.0,0.0,0.0,13878,2,7200
full-pm-peak-r14-s3-q1000000-boff-ron,controller,profile,pm-peak,14,3,1000000,off,on,7fa66b3bcc280179,2521,2521,0,0,True,14122,310.73109877032925,736.4,994.6260809202697,1988.65,10955021.01002448,222,249,27,2521,0,0,0.3,173,142,0.0,0.0,0.0,14122,2,7200
full-pm-peak-r14-s3-q1000000-bon-ron,controller,profile,pm-peak,14,3,1000000,on,on,7fa66b3bcc280179,2521,2521,0,0,True,13422,299.83696284543174,696.2,979.2186103398122,1963.6166666666666,11256226.843446797,218,252,34,2521,0,0,0.37777777777777777,201,131,0.0,0.0,0.0,13422,2,7200
acton-mixed-s3-q200-boff-roff,controller,acton-mixed,,16,3,200,off,off,66be56d12eb2d55a,1920,989,69,862,False,10800,1409.7135948330183,2314.9666666666667,2702.969295584766,6213.4,6963168.975261246,368,365,-3,1058,69,0,-0.05,0,0,0.0,0.0,0.0,10800,2,7200
acton-mixed-s3-q200-bon-roff,controller,acton-mixed,,16,3,200,on,off,66be56d12eb2d55a,1920,880,65,975,False,10800,1613.2373721340387,2631.366666666667,3040.8420265151517,6510.283333333334,6897883.827179956,356,358,2,945,62,3,0.03333333333333333,0,0,4528.466666666666,4521.833333333333,4523.816666666667,10800,2,7200
acton-mixed-s3-q200-boff-ron,controller,acton-mixed,,16,3,200,off,on,66be56d12eb2d55a,1920,1072,52,796,False,10800,1330.2325919335706,2675.2833333333333,2773.9419309701493,5294.85,6664956.932112829,371,397,26,1124,51,1,0.43333333333333335,81,58,0.0,0.0,0.0,10800,2,7200
acton-mixed-s3-q200-bon-ron,controller,acton-mixed,,16,3,200,on,on,66be56d12eb2d55a,1920,857,69,994,False,10800,1642.4698884089273,2666.0666666666666,3108.5371645274213,6578.2,6708891.825538103,363,361,-2,926,69,0,-0.03333333333333333,65,49,3725.366666666667,3612.55,3721.383333333333,10800,2,7200
acton-mixed-s3-q1000000-boff-roff,controller,acton-mixed,,16,3,1000000,off,off,66be56d12eb2d55a,1920,1029,891,0,False,10800,3478.036918402778,6000,3461.5214285714283,6511.883333333333,6116399.787689734,623,1228,605,1920,188,703,10.083333333333334,0,0,0.0,0.0,0.0,10800,2,7200
acton-mixed-s3-q1000000-bon-roff,controller,acton-mixed,,16,3,1000000,on,off,66be56d12eb2d55a,1920,907,1013,0,False,10800,3977.742751736111,6493.483333333334,3858.7303564865856,7165.7,6020069.341495389,686,1317,631,1920,177,836,10.516666666666667,0,0,3675.116666666667,3661.5,3671.233333333333,10800,2,7200
acton-mixed-s3-q1000000-boff-ron,controller,acton-mixed,,16,3,1000000,off,on,66be56d12eb2d55a,1920,1099,821,0,False,10800,3147.4812065972224,5634.35,3370.0899454049136,6369.816666666667,5911614.715506577,595,1164,569,1920,224,597,9.483333333333333,108,45,0.0,0.0,0.0,10800,2,7200
acton-mixed-s3-q1000000-bon-ron,controller,acton-mixed,,16,3,1000000,on,on,66be56d12eb2d55a,1920,893,1027,0,False,10800,4034.8346788194444,6540,4003.508174692049,7306.9,5671925.8018171275,703,1343,640,1920,183,844,10.666666666666666,83,26,5202.65,5182.816666666667,5197.1,10800,2,7200
capacity-full-am-peak-r13-s3,capacity,profile,am-peak,13,3,1000000,off,off,b4ca0e28d80350a8,4695,4694,1,0,False,25200,382.81067092651756,1141.3666666666666,1113.5189035648345,2502.7166666666667,26167894.93357105,254,264,10,4695,1,0,0.05555555555555555,0,0,0.0,0.0,0.0,25200,2,7200
capacity-full-am-peak-r13-s4,capacity,profile,am-peak,13,4,1000000,off,off,3755a4d7dbe8a395,4695,4694,1,0,False,25200,376.13858004969825,1106.2333333333333,1103.2791755432468,2511.6833333333334,25639763.42703901,250,243,-7,4695,1,0,-0.03888888888888889,0,0,0.0,0.0,0.0,25200,2,7200
capacity-full-am-peak-r14-s3,capacity,profile,am-peak,14,3,1000000,off,off,248fcc138d54cf67,5042,5000,42,0,False,25200,1081.9213341266693,2757.6666666666665,1786.8484533333335,3797.1,39582912.1659953,314,696,382,5042,36,6,2.1222222222222222,0,0,0.0,0.0,0.0,25200,2,7200
capacity-full-am-peak-r14-s4,capacity,profile,am-peak,14,4,1000000,off,off,b9fb42d7b9815dfd,5042,5028,14,0,False,25200,645.7691293137644,1855.5666666666666,1366.1009911164147,3071.633333333333,35232841.02968267,274,490,216,5042,14,0,1.2,0,0,0.0,0.0,0.0,25200,2,7200
capacity-full-am-peak-r15-s3,capacity,profile,am-peak,15,3,1000000,off,off,b48e3faeaa080872,5399,5022,377,0,False,25200,1985.7999567821203,4414.166666666667,2529.025129430506,5149,44148231.27758814,504,1088,584,5399,146,231,3.2444444444444445,0,0,0.0,0.0,0.0,25200,2,7200
capacity-full-am-peak-r15-s4,capacity,profile,am-peak,15,4,1000000,off,off,8ffc6ee2b62a9ceb,5399,4973,426,0,False,25200,2171.1319750571092,4595.25,2694.35647496481,5327.483333333334,44931235.88561513,539,1127,588,5399,145,281,3.2666666666666666,0,0,0.0,0.0,0.0,25200,2,7200
