kind,baseline,candidate,schedule_exact,all_result_checks_exact,accepted_baseline,accepted_candidate,jointly_boarded,jointly_completed,jointly_accepted_unfinished,baseline_end,candidate_end,aggregate_wait_or_age_mean_change,joint_boarded_mean_wait_change,joint_completed_mean_journey_change,max_added_wait,max_added_journey,proposed_wait_limit_failures,proposed_journey_limit_failures
policy,full-morning-r10-s3-q200-boff-roff,full-morning-r10-s3-q200-bon-roff,True,False,1799,1799,1799,1794,5,14400,14400,-6.5051880674448626,-6.505188067444877,-9.588089929394277,1541.0833333333333,1095.6333333333334,393,265
policy,full-morning-r10-s3-q200-boff-roff,full-morning-r10-s3-q200-boff-ron,True,False,1799,1799,1799,1794,5,14400,14400,-4.744950898647346,-4.744950898647397,-5.54629319955407,1537.9666666666667,1121.3,321,247
policy,full-morning-r10-s3-q200-boff-roff,full-morning-r10-s3-q200-bon-ron,True,False,1799,1799,1799,1795,4,14400,14400,-8.65937557902538,-8.659375579025385,-10.75439182915506,1163.4833333333333,978.45,396,272
queue,full-morning-r10-s3-q200-boff-roff,full-morning-r10-s3-q1000000-boff-roff,True,True,1799,1799,1799,1796,3,14400,14400,0.0,0.0,0.0,0.0,0.0,0,0
queue,full-morning-r10-s3-q200-bon-roff,full-morning-r10-s3-q1000000-bon-roff,True,True,1799,1799,1799,1796,3,14400,14400,0.0,0.0,0.0,0.0,0.0,0,0
queue,full-morning-r10-s3-q200-boff-ron,full-morning-r10-s3-q1000000-boff-ron,True,True,1799,1799,1799,1796,3,14400,14400,0.0,0.0,0.0,0.0,0.0,0,0
queue,full-morning-r10-s3-q200-bon-ron,full-morning-r10-s3-q1000000-bon-ron,True,True,1799,1799,1799,1797,2,14400,14400,0.0,0.0,0.0,0.0,0.0,0,0
policy,full-morning-r10-s3-q1000000-boff-roff,full-morning-r10-s3-q1000000-bon-roff,True,False,1799,1799,1799,1794,5,14400,14400,-6.5051880674448626,-6.505188067444877,-9.588089929394277,1541.0833333333333,1095.6333333333334,393,265
policy,full-morning-r10-s3-q1000000-boff-roff,full-morning-r10-s3-q1000000-boff-ron,True,False,1799,1799,1799,1794,5,14400,14400,-4.744950898647346,-4.744950898647397,-5.54629319955407,1537.9666666666667,1121.3,321,247
policy,full-morning-r10-s3-q1000000-boff-roff,full-morning-r10-s3-q1000000-bon-ron,True,False,1799,1799,1799,1795,4,14400,14400,-8.65937557902538,-8.659375579025385,-10.75439182915506,1163.4833333333333,978.45,396,272
policy,full-am-peak-r12-s3-q200-boff-roff,full-am-peak-r12-s3-q200-bon-roff,True,False,2159,2159,2159,2159,0,13704,13694,-19.25805928670684,-19.258059286706807,-20.21994750656168,1000.05,998.0666666666667,323,206
policy,full-am-peak-r12-s3-q200-boff-roff,full-am-peak-r12-s3-q200-boff-ron,True,False,2159,2159,2159,2159,0,13704,13766,-2.6635788173537094,-2.663578817353713,-2.7805851474448047,1007.2166666666667,1012.5833333333334,259,165
policy,full-am-peak-r12-s3-q200-boff-roff,full-am-peak-r12-s3-q200-bon-ron,True,False,2159,2159,2159,2159,0,13704,13675,-21.072070402964357,-21.072070402964336,-21.817044928207505,1143.35,1132.6166666666666,348,234
queue,full-am-peak-r12-s3-q200-boff-roff,full-am-peak-r12-s3-q1000000-boff-roff,True,True,2159,2159,2159,2159,0,13704,13704,0.0,0.0,0.0,0.0,0.0,0,0
queue,full-am-peak-r12-s3-q200-bon-roff,full-am-peak-r12-s3-q1000000-bon-roff,True,True,2159,2159,2159,2159,0,13694,13694,0.0,0.0,0.0,0.0,0.0,0,0
queue,full-am-peak-r12-s3-q200-boff-ron,full-am-peak-r12-s3-q1000000-boff-ron,True,True,2159,2159,2159,2159,0,13766,13766,0.0,0.0,0.0,0.0,0.0,0,0
queue,full-am-peak-r12-s3-q200-bon-ron,full-am-peak-r12-s3-q1000000-bon-ron,True,True,2159,2159,2159,2159,0,13675,13675,0.0,0.0,0.0,0.0,0.0,0,0
policy,full-am-peak-r12-s3-q1000000-boff-roff,full-am-peak-r12-s3-q1000000-bon-roff,True,False,2159,2159,2159,2159,0,13704,13694,-19.25805928670684,-19.258059286706807,-20.21994750656168,1000.05,998.0666666666667,323,206
policy,full-am-peak-r12-s3-q1000000-boff-roff,full-am-peak-r12-s3-q1000000-boff-ron,True,False,2159,2159,2159,2159,0,13704,13766,-2.6635788173537094,-2.663578817353713,-2.7805851474448047,1007.2166666666667,1012.5833333333334,259,165
policy,full-am-peak-r12-s3-q1000000-boff-roff,full-am-peak-r12-s3-q1000000-bon-ron,True,False,2159,2159,2159,2159,0,13704,13675,-21.072070402964357,-21.072070402964336,-21.817044928207505,1143.35,1132.6166666666666,348,234
policy,full-pm-peak-r14-s3-q200-boff-roff,full-pm-peak-r14-s3-q200-bon-roff,True,False,2521,2521,2521,2521,0,14112,13878,-12.7411278593151,-12.741127859315087,-17.512442152584953,1446.9666666666667,1446.9666666666667,881,696
policy,full-pm-peak-r14-s3-q200-boff-roff,full-pm-peak-r14-s3-q200-boff-ron,True,False,2521,2521,2521,2521,0,14112,14122,-32.92439508131696,-32.92439508131694,-33.118431839217244,1447.1333333333334,1436.4166666666667,755,645
policy,full-pm-peak-r14-s3-q200-boff-roff,full-pm-peak-r14-s3-q200-bon-ron,True,False,2521,2521,2521,2521,0,14112,13422,-43.81853100621447,-43.818531006214464,-48.52590241967473,1584.6333333333334,1587.0166666666667,750,586
queue,full-pm-peak-r14-s3-q200-boff-roff,full-pm-peak-r14-s3-q1000000-boff-roff,True,True,2521,2521,2521,2521,0,14112,14112,0.0,0.0,0.0,0.0,0.0,0,0
queue,full-pm-peak-r14-s3-q200-bon-roff,full-pm-peak-r14-s3-q1000000-bon-roff,True,True,2521,2521,2521,2521,0,13878,13878,0.0,0.0,0.0,0.0,0.0,0,0
queue,full-pm-peak-r14-s3-q200-boff-ron,full-pm-peak-r14-s3-q1000000-boff-ron,True,True,2521,2521,2521,2521,0,14122,14122,0.0,0.0,0.0,0.0,0.0,0,0
queue,full-pm-peak-r14-s3-q200-bon-ron,full-pm-peak-r14-s3-q1000000-bon-ron,True,True,2521,2521,2521,2521,0,13422,13422,0.0,0.0,0.0,0.0,0.0,0,0
policy,full-pm-peak-r14-s3-q1000000-boff-roff,full-pm-peak-r14-s3-q1000000-bon-roff,True,False,2521,2521,2521,2521,0,14112,13878,-12.7411278593151,-12.741127859315087,-17.512442152584953,1446.9666666666667,1446.9666666666667,881,696
policy,full-pm-peak-r14-s3-q1000000-boff-roff,full-pm-peak-r14-s3-q1000000-boff-ron,True,False,2521,2521,2521,2521,0,14112,14122,-32.92439508131696,-32.92439508131694,-33.118431839217244,1447.1333333333334,1436.4166666666667,755,645
policy,full-pm-peak-r14-s3-q1000000-boff-roff,full-pm-peak-r14-s3-q1000000-bon-ron,True,False,2521,2521,2521,2521,0,14112,13422,-43.81853100621447,-43.818531006214464,-48.52590241967473,1584.6333333333334,1587.0166666666667,750,586
policy,acton-mixed-s3-q200-boff-roff,acton-mixed-s3-q200-bon-roff,True,False,1058,945,870,820,53,10800,10800,203.52377730102035,215.81438697318006,425.41762195121953,930.9833333333333,1845.45,547,651
policy,acton-mixed-s3-q200-boff-roff,acton-mixed-s3-q200-boff-ron,True,False,1058,1124,984,924,61,10800,10800,-79.48100289944773,-110.1224593495935,-61.68270202020202,644.55,1150.5833333333333,182,276
policy,acton-mixed-s3-q200-boff-roff,acton-mixed-s3-q200-bon-ron,True,False,1058,926,848,794,54,10800,10800,232.756293575909,253.12722091194968,507.162825356843,939.4333333333333,2165.983333333333,597,667
queue,acton-mixed-s3-q200-boff-roff,acton-mixed-s3-q1000000-boff-roff,True,False,1058,1920,810,716,342,10800,10800,2068.32332356976,772.397962962963,411.50921787709495,4670.533333333334,3607.2166666666667,304,217
queue,acton-mixed-s3-q200-bon-roff,acton-mixed-s3-q1000000-bon-roff,True,False,945,1920,661,615,330,10800,10800,2364.5053796020725,845.3262228946041,548.489783197832,5163.0,3823.9333333333334,313,242
queue,acton-mixed-s3-q200-boff-ron,acton-mixed-s3-q1000000-boff-ron,True,False,1124,1920,901,794,330,10800,10800,1817.2486146636518,756.4405845357011,494.1906381192275,4018.5666666666666,3351.7166666666667,397,283
queue,acton-mixed-s3-q200-bon-ron,acton-mixed-s3-q1000000-bon-ron,True,False,926,1920,649,593,333,10800,10800,2392.3647904105173,904.0903441191576,622.6438729623384,4877.55,3601.8,289,288
policy,acton-mixed-s3-q1000000-boff-roff,acton-mixed-s3-q1000000-bon-roff,True,False,1920,1920,1084,907,1013,10800,10800,499.705833333333,799.5517835178351,805.8924108783535,1721.6833333333334,2438.1666666666665,962,874
policy,acton-mixed-s3-q1000000-boff-roff,acton-mixed-s3-q1000000-boff-ron,True,False,1920,1920,1217,1028,892,10800,10800,-330.5557118055558,-469.0960010955902,-306.50286964980546,190.98333333333332,206.13333333333333,78,30
policy,acton-mixed-s3-q1000000-boff-roff,acton-mixed-s3-q1000000-bon-ron,True,False,1920,1920,1076,893,1027,10800,10800,556.7977604166663,896.3141728624536,1004.8435983575961,2160.6,3118.5,999,861
