name,arm,variant,GOGC,allocatedBytes,allocations,batchMaxMs,batchP50Ms,batchP95Ms,batchP99Ms,batchSimTicks,batchTargetMs,batches,collections,demand,encodeWallSeconds,gcCpuFraction,gcPauseNs,gzipBytes,gzipBytesPerWallSecondAt60x,heapAfterBytes,heapBeforeBytes,maxUnpacedPlayback,measuredSimSeconds,preset,processCpuSeconds,publications,publish,sampledPeakHeapBytes,state,stateDigestSha256,wallSeconds,warmupSimSeconds
native-central-pub0-gc100-1-baseline,1,baseline,100,1180341840,3183579,57.810018,2.564251,3.716903,10.605662,60,16.666666666666668,3600,16,"{'config': {'enabled': True, 'perMinute': 12, 'pattern': 'profile', 'seed': 20260929, 'profile': 'tfl-numbat-2019-midweek', 'band': 'am-peak'}, 'generated': 1359, 'skipped': 81}",0,0.0054964665646502165,691935,0,0,106575384,74745344,351.84309545273805,3600,central,10.707037000000001,0,False,149009312,"{'completed': 1096, 'emptyMeters': 4540171.440896687, 'passengerMeters': 5979696.164050795, 'pending': 199, 'submitted': 1359, 'tick': 432000}",8d03caa8933da304d634af0fa4adada9ea43622c9eae3cbd58df509d14fcf8b4,10.231833583,3600
native-central-pub0-gc100-2-candidate,2,candidate,100,1176724560,3182091,18.448287,2.530848,3.761146,7.347193,60,16.666666666666668,3600,17,"{'config': {'enabled': True, 'perMinute': 12, 'pattern': 'profile', 'seed': 20260929, 'profile': 'tfl-numbat-2019-midweek', 'band': 'am-peak'}, 'generated': 1359, 'skipped': 81}",0,0.005640825698119727,712803,0,0,106682872,65451456,363.18008175369465,3600,central,10.407537,0,False,141536808,"{'completed': 1096, 'emptyMeters': 4540171.440896687, 'passengerMeters': 5979696.164050795, 'pending': 199, 'submitted': 1359, 'tick': 432000}",8d03caa8933da304d634af0fa4adada9ea43622c9eae3cbd58df509d14fcf8b4,9.912437881,3600
native-central-pub0-gc100-3-candidate,3,candidate,100,1175628760,3182023,19.201156,2.528243,3.732152,7.471797,60,16.666666666666668,3600,17,"{'config': {'enabled': True, 'perMinute': 12, 'pattern': 'profile', 'seed': 20260929, 'profile': 'tfl-numbat-2019-midweek', 'band': 'am-peak'}, 'generated': 1359, 'skipped': 81}",0,0.005481383962241141,680753,0,0,130712896,65454112,363.1538665879633,3600,central,10.375840000000002,0,False,142009248,"{'completed': 1096, 'emptyMeters': 4540171.440896687, 'passengerMeters': 5979696.164050795, 'pending': 199, 'submitted': 1359, 'tick': 432000}",8d03caa8933da304d634af0fa4adada9ea43622c9eae3cbd58df509d14fcf8b4,9.913153435,3600
native-central-pub0-gc100-4-baseline,4,baseline,100,1179135224,3183508,58.132855,2.531399,3.557092,10.618595,60,16.666666666666668,3600,16,"{'config': {'enabled': True, 'perMinute': 12, 'pattern': 'profile', 'seed': 20260929, 'profile': 'tfl-numbat-2019-midweek', 'band': 'am-peak'}, 'generated': 1359, 'skipped': 81}",0,0.005328405369432544,648548,0,0,123646096,74745760,356.22680108766133,3600,central,10.568612,0,False,146181392,"{'completed': 1096, 'emptyMeters': 4540171.440896687, 'passengerMeters': 5979696.164050795, 'pending': 199, 'submitted': 1359, 'tick': 432000}",8d03caa8933da304d634af0fa4adada9ea43622c9eae3cbd58df509d14fcf8b4,10.105921253,3600
native-full-pub0-gc100-1-baseline,1,baseline,100,2766777952,1990220,39.916935,5.252706,14.748419,28.630765,60,16.666666666666668,3600,26,"{'config': {'enabled': True, 'perMinute': 12, 'pattern': 'profile', 'seed': 20260929, 'profile': 'tfl-numbat-2024-twt', 'band': 'am-peak'}, 'generated': 1440, 'skipped': 0}",0,0.004571657834718687,1134942,0,0,188452400,106404504,152.95641827075636,3600,full,24.576214999999998,0,False,215394192,"{'completed': 1242, 'emptyMeters': 5647224.620574172, 'passengerMeters': 12052823.013418026, 'pending': 67, 'submitted': 1440, 'tick': 432000}",0d83498454403aed464a4ed14f6ebd01b93a835e976e7e409641b03be0db4891,23.536115978,3600
native-full-pub0-gc100-2-candidate,2,candidate,100,2614950976,1965064,16.417353,5.137059,6.810112,8.312663,60,16.666666666666668,3600,28,"{'config': {'enabled': True, 'perMinute': 12, 'pattern': 'profile', 'seed': 20260929, 'profile': 'tfl-numbat-2024-twt', 'band': 'am-peak'}, 'generated': 1440, 'skipped': 0}",0,0.005162805696141828,1205989,0,0,110698400,96479168,188.24594667278518,3600,full,20.14636,0,False,195739504,"{'completed': 1242, 'emptyMeters': 5647224.620574172, 'passengerMeters': 12052823.013418026, 'pending': 67, 'submitted': 1440, 'tick': 432000}",0d83498454403aed464a4ed14f6ebd01b93a835e976e7e409641b03be0db4891,19.123917745,3600
native-full-pub0-gc100-3-candidate,3,candidate,100,2613753320,1965007,15.905278,5.160042,6.8044,8.425446,60,16.666666666666668,3600,28,"{'config': {'enabled': True, 'perMinute': 12, 'pattern': 'profile', 'seed': 20260929, 'profile': 'tfl-numbat-2024-twt', 'band': 'am-peak'}, 'generated': 1440, 'skipped': 0}",0,0.005240059584320708,1211804,0,0,148740912,96472096,187.97278751038422,3600,full,20.152693999999997,0,False,192028480,"{'completed': 1242, 'emptyMeters': 5647224.620574172, 'passengerMeters': 12052823.013418026, 'pending': 67, 'submitted': 1440, 'tick': 432000}",0d83498454403aed464a4ed14f6ebd01b93a835e976e7e409641b03be0db4891,19.151708328,3600
native-full-pub0-gc100-4-baseline,4,baseline,100,2765580088,1990162,40.169667,5.256093,15.117083,28.801356,60,16.666666666666668,3600,27,"{'config': {'enabled': True, 'perMinute': 12, 'pattern': 'profile', 'seed': 20260929, 'profile': 'tfl-numbat-2024-twt', 'band': 'am-peak'}, 'generated': 1440, 'skipped': 0}",0,0.004577105599581377,1205565,0,0,133381456,106400768,152.89120758182673,3600,full,24.617791999999998,0,False,215620840,"{'completed': 1242, 'emptyMeters': 5647224.620574172, 'passengerMeters': 12052823.013418026, 'pending': 67, 'submitted': 1440, 'tick': 432000}",0d83498454403aed464a4ed14f6ebd01b93a835e976e7e409641b03be0db4891,23.54615453,3600
native-full-pub1-gc100-1-baseline,1,baseline,100,5488653656,8034632,39.354841,5.307971,14.947002,28.884914,60,16.666666666666668,3600,53,"{'config': {'enabled': True, 'perMinute': 12, 'pattern': 'profile', 'seed': 20260929, 'profile': 'tfl-numbat-2024-twt', 'band': 'am-peak'}, 'generated': 1440, 'skipped': 0}",3.029513733,0.006039463373100834,2391249,20847432,347457.2,132084824,106404944,134.15313009851172,3600,full,28.924823000000004,1200,True,221962256,"{'completed': 1242, 'emptyMeters': 5647224.620574172, 'passengerMeters': 12052823.013418026, 'pending': 67, 'submitted': 1440, 'tick': 432000}",0d83498454403aed464a4ed14f6ebd01b93a835e976e7e409641b03be0db4891,26.835005619,3600
native-full-pub1-gc100-2-candidate,2,candidate,100,5334977128,8009276,16.725113,5.242788,7.074359,8.928002,60,16.666666666666668,3600,58,"{'config': {'enabled': True, 'perMinute': 12, 'pattern': 'profile', 'seed': 20260929, 'profile': 'tfl-numbat-2024-twt', 'band': 'am-peak'}, 'generated': 1440, 'skipped': 0}",3.020585942,0.007077474846104806,2644849,20844616,347410.26666666666,114076848,96480960,159.26938777050674,3600,full,24.690350999999996,1200,True,195252248,"{'completed': 1242, 'emptyMeters': 5647224.620574172, 'passengerMeters': 12052823.013418026, 'pending': 67, 'submitted': 1440, 'tick': 432000}",0d83498454403aed464a4ed14f6ebd01b93a835e976e7e409641b03be0db4891,22.603213652,3600
native-full-pub1-gc100-3-candidate,3,candidate,100,5333594224,8009543,12.359457,5.195108,7.055323,8.691596,60,16.666666666666668,3600,59,"{'config': {'enabled': True, 'perMinute': 12, 'pattern': 'profile', 'seed': 20260929, 'profile': 'tfl-numbat-2024-twt', 'band': 'am-peak'}, 'generated': 1440, 'skipped': 0}",3.008819405,0.007309756130363531,2660345,20842874,347381.23333333334,142799496,96471320,160.7010800528133,3600,full,24.623562999999997,1200,True,190010976,"{'completed': 1242, 'emptyMeters': 5647224.620574172, 'passengerMeters': 12052823.013418026, 'pending': 67, 'submitted': 1440, 'tick': 432000}",0d83498454403aed464a4ed14f6ebd01b93a835e976e7e409641b03be0db4891,22.401840727,3600
native-full-pub1-gc100-4-baseline,4,baseline,100,5486587088,8034641,39.290049,5.283756,14.953876,28.695747,60,16.666666666666668,3600,53,"{'config': {'enabled': True, 'perMinute': 12, 'pattern': 'profile', 'seed': 20260929, 'profile': 'tfl-numbat-2024-twt', 'band': 'am-peak'}, 'generated': 1440, 'skipped': 0}",3.016316353,0.006343625377546373,2374552,20842145,347369.0833333333,215894936,106410240,134.8186464799208,3600,full,28.865927999999997,1200,True,215894936,"{'completed': 1242, 'emptyMeters': 5647224.620574172, 'passengerMeters': 12052823.013418026, 'pending': 67, 'submitted': 1440, 'tick': 432000}",0d83498454403aed464a4ed14f6ebd01b93a835e976e7e409641b03be0db4891,26.702537772,3600
native-full-pub0-gc400-1-baseline,1,baseline,400,2766776584,1990218,39.531072,5.310877,14.899362,28.933745,60,16.666666666666668,3600,6,"{'config': {'enabled': True, 'perMinute': 12, 'pattern': 'profile', 'seed': 20260929, 'profile': 'tfl-numbat-2024-twt', 'band': 'am-peak'}, 'generated': 1440, 'skipped': 0}",0,0.0012126463647853755,264699,0,0,260398688,106408224,152.0294697001819,3600,full,23.955791000000005,0,False,542740344,"{'completed': 1242, 'emptyMeters': 5647224.620574172, 'passengerMeters': 12052823.013418026, 'pending': 67, 'submitted': 1440, 'tick': 432000}",0d83498454403aed464a4ed14f6ebd01b93a835e976e7e409641b03be0db4891,23.679619531,3600
native-full-pub0-gc400-2-candidate,2,candidate,400,2614968144,1965087,12.249018,5.221909,6.918396,8.087758,60,16.666666666666668,3600,6,"{'config': {'enabled': True, 'perMinute': 12, 'pattern': 'profile', 'seed': 20260929, 'profile': 'tfl-numbat-2024-twt', 'band': 'am-peak'}, 'generated': 1440, 'skipped': 0}",0,0.0014736555464719616,264256,0,0,355794848,96468200,185.78341768136596,3600,full,19.666464999999995,0,False,503716432,"{'completed': 1242, 'emptyMeters': 5647224.620574172, 'passengerMeters': 12052823.013418026, 'pending': 67, 'submitted': 1440, 'tick': 432000}",0d83498454403aed464a4ed14f6ebd01b93a835e976e7e409641b03be0db4891,19.377402165,3600
native-full-pub0-gc400-3-candidate,3,candidate,400,2613748712,1965001,11.985853,5.236927,6.949484,8.144756,60,16.666666666666668,3600,6,"{'config': {'enabled': True, 'perMinute': 12, 'pattern': 'profile', 'seed': 20260929, 'profile': 'tfl-numbat-2024-twt', 'band': 'am-peak'}, 'generated': 1440, 'skipped': 0}",0,0.0014797013417380096,291739,0,0,375198720,96473480,185.45516613196156,3600,full,19.709677,0,False,468942152,"{'completed': 1242, 'emptyMeters': 5647224.620574172, 'passengerMeters': 12052823.013418026, 'pending': 67, 'submitted': 1440, 'tick': 432000}",0d83498454403aed464a4ed14f6ebd01b93a835e976e7e409641b03be0db4891,19.411699739,3600
native-full-pub0-gc400-4-baseline,4,baseline,400,2765568728,1990149,39.236266,5.328901,14.727449,28.605728,60,16.666666666666668,3600,6,"{'config': {'enabled': True, 'perMinute': 12, 'pattern': 'profile', 'seed': 20260929, 'profile': 'tfl-numbat-2024-twt', 'band': 'am-peak'}, 'generated': 1440, 'skipped': 0}",0,0.0012851025544811127,266974,0,0,288438064,106401816,151.6999713700015,3600,full,24.067273999999998,0,False,541839664,"{'completed': 1242, 'emptyMeters': 5647224.620574172, 'passengerMeters': 12052823.013418026, 'pending': 67, 'submitted': 1440, 'tick': 432000}",0d83498454403aed464a4ed14f6ebd01b93a835e976e7e409641b03be0db4891,23.7310526,3600
native-full-pub1-gc400-1-baseline,1,baseline,400,5486091640,8033482,39.668992,5.381068,14.774699,28.474139,60,16.666666666666668,3600,12,"{'config': {'enabled': True, 'perMinute': 12, 'pattern': 'profile', 'seed': 20260929, 'profile': 'tfl-numbat-2024-twt', 'band': 'am-peak'}, 'generated': 1440, 'skipped': 0}",2.999157799,0.0016149804421795547,573061,20847642,347460.7,357564400,106404424,133.7233906258945,3600,full,27.528347,1200,True,528665248,"{'completed': 1242, 'emptyMeters': 5647224.620574172, 'passengerMeters': 12052823.013418026, 'pending': 67, 'submitted': 1440, 'tick': 432000}",0d83498454403aed464a4ed14f6ebd01b93a835e976e7e409641b03be0db4891,26.921243794,3600
native-full-pub1-gc400-2-candidate,2,candidate,400,5334843368,8008563,10.934882,5.262035,6.884001,8.214307,60,16.666666666666668,3600,13,"{'config': {'enabled': True, 'perMinute': 12, 'pattern': 'profile', 'seed': 20260929, 'profile': 'tfl-numbat-2024-twt', 'band': 'am-peak'}, 'generated': 1440, 'skipped': 0}",2.9760313309999997,0.0018024830094240908,593075,20845391,347423.18333333335,351176832,96469768,159.98447418227062,3600,full,23.047819999999998,1200,True,478451280,"{'completed': 1242, 'emptyMeters': 5647224.620574172, 'passengerMeters': 12052823.013418026, 'pending': 67, 'submitted': 1440, 'tick': 432000}",0d83498454403aed464a4ed14f6ebd01b93a835e976e7e409641b03be0db4891,22.50218353,3600
native-full-pub1-gc400-3-candidate,3,candidate,400,5333217248,8008431,12.234682,5.234542,6.876747,7.975227,60,16.666666666666668,3600,13,"{'config': {'enabled': True, 'perMinute': 12, 'pattern': 'profile', 'seed': 20260929, 'profile': 'tfl-numbat-2024-twt', 'band': 'am-peak'}, 'generated': 1440, 'skipped': 0}",2.96496312,0.001843746429729545,608821,20843418,347390.3,406326840,96472336,160.69101063288807,3600,full,22.938211000000003,1200,True,481040448,"{'completed': 1242, 'emptyMeters': 5647224.620574172, 'passengerMeters': 12052823.013418026, 'pending': 67, 'submitted': 1440, 'tick': 432000}",0d83498454403aed464a4ed14f6ebd01b93a835e976e7e409641b03be0db4891,22.403244499,3600
native-full-pub1-gc400-4-baseline,4,baseline,400,5483758632,8033336,39.387621,5.351032,14.833257,28.709272,60,16.666666666666668,3600,12,"{'config': {'enabled': True, 'perMinute': 12, 'pattern': 'profile', 'seed': 20260929, 'profile': 'tfl-numbat-2024-twt', 'band': 'am-peak'}, 'generated': 1440, 'skipped': 0}",3.018370588,0.001612186961840192,559966,20846496,347441.6,421379104,106403744,133.87278980956398,3600,full,27.488441,1200,True,535506696,"{'completed': 1242, 'emptyMeters': 5647224.620574172, 'passengerMeters': 12052823.013418026, 'pending': 67, 'submitted': 1440, 'tick': 432000}",0d83498454403aed464a4ed14f6ebd01b93a835e976e7e409641b03be0db4891,26.891200259,3600
