variant,rep,capture_seconds,preset,clients,gc,rtt_ms,gzip_bytes,gzip_bytes_per_second,updates_per_second,full_snapshots,deltas,ack_count,capture_unacked,max_outstanding,max_proxy_pending_bytes,inflate_p50_ms,inflate_p95_ms,ack_p50_ms,ack_p95_ms,ack_max_ms,raf_p50_ms,raf_p95_ms,raf_max_ms,long_tasks,long_task_ms,script_seconds,task_seconds,backing_storage_mib
baseline,1,60.32090900000185,central,1,100,0,8370493,139403.66391872763,12.540594554084436,1,754,755,0,2,19432,0.39999961853027344,0.5,9.399999618530273,15.09999942779541,37,33.30000000000291,50,66.79999999999973,0,0,23.205126,31.905047000000003,84.53780174255371
candidate,1,60.29461099952459,central,1,100,0,10058071,167517.25458845476,12.507911128876453,1,752,753,0,2,24751,0.40000057220458984,0.5999994277954102,10.800000190734863,17.100000381469727,31.100000381469727,33.30000000000291,50,83.40000000000146,1,51,22.952528,33.206657,85.85509586334229
baseline,1,60.29823399987072,central,1,200,0,10105619,168314.77348434378,12.70819453697535,1,764,765,0,2,19428,0.40000057220458984,0.6000003814697266,10.600000381469727,16.300000190734863,35.30000019073486,33.30000000000291,50,83.39999999999782,0,0,22.915917,33.281154,85.76516628265381
candidate,1,60.27746400050819,central,1,200,0,10116132,168512.32675906183,12.593283582089553,1,757,758,0,2,19512,0.40000057220458984,0.6000003814697266,10.799999237060547,16.600000381469727,34.80000019073486,33.30000000000291,50,83.29999999999563,0,0,22.874727,33.267824,82.55884742736816
candidate,2,60.30713200010359,central,1,100,0,10065510,167599.2806833508,12.538088815625155,1,754,755,0,2,19514,0.40000057220458984,0.6000003814697266,10.899999618530273,16.600000381469727,32.90000057220459,33.30000000000291,50,83.29999999999563,0,0,23.170725,33.546115,82.6333179473877
baseline,2,60.29625199921429,central,1,100,0,8429220,140384.05169542338,12.590766771034575,1,757,758,0,2,22460,0.39999961853027344,0.5999994277954102,9.199999809265137,14.699999809265137,32.30000019073486,33.30000000000291,50,66.80000000000018,0,0,23.133911,31.797044,84.42201519012451
candidate,2,60.3207729998976,central,1,200,0,10144131,168928.076602831,12.622814321398835,1,759,760,0,2,19430,0.40000057220458984,0.5999994277954102,10.800000190734863,17.09999942779541,30.5,33.30000000000291,50,100.09999999999854,0,0,23.289945,34.065213,68.4998025894165
baseline,2,60.2825600001961,central,1,200,0,9943811,165603.22086400425,12.473770109582654,1,750,751,0,2,24611,0.40000057220458984,0.6000003814697266,10.700000762939453,17.5,41,33.30000000000291,50,66.80000000000291,0,0,22.937694,33.184749,85.32830238342285
baseline,1,60.28335699997842,full,1,200,0,14772594,246017.18653721252,12.556830482788483,1,755,756,0,2,41126,0.5,0.6999998092651367,14,21.399999618530273,47,33.30000000000291,50.10000000000218,83.40000000000146,49,2748,30.661279999999998,44.000666,243.86694049835205
candidate,1,60.33382300008088,full,1,200,0,14812495,246624.18208155042,12.603852749704467,1,758,759,0,2,41131,0.5,0.6000003814697266,13.90000057220459,21.199999809265137,47.79999923706055,33.30000000000291,66.59999999999854,83.39999999999964,49,2776,31.019408,44.095466,233.93688011169434
candidate,2,60.317071999423206,full,1,200,0,14655457,244021.72899530453,12.437976622598155,1,748,749,0,2,41126,0.5,0.6000003814697266,13.799999237060547,19.899999618530273,56.30000019073486,33.30000000000291,66.60000000000036,100,53,2951,31.659985,44.450913,231.07040786743164
baseline,2,60.359298000112176,full,1,200,0,14753308,245614.19747948126,12.536001465030715,1,754,755,0,2,41125,0.5,0.6000003814697266,14.09999942779541,21.100000381469727,36.5,33.30000000000291,66.59999999999854,83.40000000000146,51,2875,30.698277,44.039807,222.07579135894775
