variant,rep,preset,clients,gc,wall_seconds,playback,end_speed,reductions,server_cpu_seconds,server_end_rss_mib,browser_cpu_seconds,browser_end_summed_rss_mib,command_max_ms,shared_sequences
baseline,1,central,1,100,60.045,35.95608848918866,15,1,16.630000000000003,91.00390625,504.2,751.23828125,5.432176000000254,0
candidate,1,central,1,100,60.042,59.785094878029824,60,0,21.25,107.46484375,494.26,825.97265625,6.43304000000353,0
baseline,1,central,1,200,60.04,58.64756828780813,60,0,22.16,152.66796875,496.7,820.5625,4.664287999999942,0
candidate,1,central,1,200,60.032,59.801439232409386,60,0,20.46,151.08984375,495.23999999999995,817.45703125,10.75134799999978,0
candidate,2,central,1,100,60.057,59.716047532621786,60,0,21.51,107.19921875,496.43999999999994,814.578125,10.494404000004579,0
baseline,2,central,1,100,60.044,35.93115048964093,15,1,16.65,93.75,502.72999999999996,823.7578125,7.516813000002003,0
candidate,2,central,1,200,60.05,59.763252844851515,60,0,20.46,152.734375,497.66999999999996,798.9453125,11.978650000004563,0
baseline,2,central,1,200,60.046,58.600905972088064,60,0,22.08,153.375,497.17999999999995,824.87890625,5.650246000000152,0
baseline,1,full,1,200,60.047,59.97746209913346,60,0,43.68000000000001,356.109375,480.01,1057.12890625,5.313251000000491,0
candidate,1,full,1,200,60.061,59.97263892820078,60,0,43.39,353.35546875,482.31,1036.7890625,4.5895879999998215,0
candidate,2,full,1,200,60.058,59.96564432160023,60,0,43.470000000000006,361.58984375,481.61,1037.3359375,5.241707000000133,0
baseline,2,full,1,200,60.067,59.96748075759846,60,0,43.690000000000005,351.3203125,481.42999999999995,1048.87890625,8.049166999997396,0
