variant,arm,labels,Labels,Iterations,Checksum,Entries,ElapsedNanoseconds,AllocatedBytes,Allocations
baseline,1,1,1,150000,7950000,1,32900096,0,0
baseline,1,600,600,150000,7950000,600,24000000,0,0
baseline,1,1500,1500,150000,8000000,280,312300032,22800032,300000
candidate,2,1,1,150000,7950000,1,31399936,0,0
candidate,2,600,600,150000,7950000,600,21699840,0,0
candidate,2,1500,1500,150000,8000000,1024,102599936,6854400,47600
candidate,3,1,1,150000,7950000,1,31500032,0,0
candidate,3,600,600,150000,7950000,600,24000000,0,0
candidate,3,1500,1500,150000,8000000,1024,104900096,6854400,47600
baseline,4,1,1,150000,7950000,1,32999936,0,0
baseline,4,600,600,150000,7950000,600,22699776,0,0
baseline,4,1500,1500,150000,8000000,280,309100032,22800032,300000
