arm,variant,labels,path,nanoseconds_per_operation,bytes_per_operation,rounded_allocations_per_operation
1,baseline,1,original,369.6,144,1
1,baseline,1,original,363.4,144,1
1,baseline,1,original,373.3,144,1
1,baseline,1,cached,47.28,0,0
1,baseline,1,cached,48.79,0,0
1,baseline,1,cached,48.0,0,0
1,baseline,600,original,375.9,144,1
1,baseline,600,original,368.7,144,1
1,baseline,600,original,374.6,144,1
1,baseline,600,cached,50.75,0,0
1,baseline,600,cached,50.85,0,0
1,baseline,600,cached,50.54,0,0
1,baseline,1500,original,389.4,144,1
1,baseline,1500,original,386.7,144,1
1,baseline,1500,original,380.8,144,1
1,baseline,1500,cached,489.7,152,2
1,baseline,1500,cached,484.8,152,2
1,baseline,1500,cached,487.0,151,1
2,candidate,1,original,366.7,144,1
2,candidate,1,original,369.9,144,1
2,candidate,1,original,369.3,144,1
2,candidate,1,cached,47.24,0,0
2,candidate,1,cached,47.33,0,0
2,candidate,1,cached,47.21,0,0
2,candidate,600,original,376.5,144,1
2,candidate,600,original,370.1,144,1
2,candidate,600,original,372.1,144,1
2,candidate,600,cached,50.71,0,0
2,candidate,600,cached,50.71,0,0
2,candidate,600,cached,51.05,0,0
2,candidate,1500,original,382.3,144,1
2,candidate,1500,original,383.3,144,1
2,candidate,1500,original,381.4,144,1
2,candidate,1500,cached,176.3,45,0
2,candidate,1500,cached,179.5,45,0
2,candidate,1500,cached,176.5,45,0
3,candidate,1,original,368.5,144,1
3,candidate,1,original,360.8,144,1
3,candidate,1,original,361.3,144,1
3,candidate,1,cached,47.52,0,0
3,candidate,1,cached,47.47,0,0
3,candidate,1,cached,47.56,0,0
3,candidate,600,original,375.8,144,1
3,candidate,600,original,369.4,144,1
3,candidate,600,original,369.2,144,1
3,candidate,600,cached,50.58,0,0
3,candidate,600,cached,50.04,0,0
3,candidate,600,cached,50.38,0,0
3,candidate,1500,original,389.2,144,1
3,candidate,1500,original,383.7,144,1
3,candidate,1500,original,384.6,144,1
3,candidate,1500,cached,178.4,45,0
3,candidate,1500,cached,176.8,45,0
3,candidate,1500,cached,176.5,45,0
4,baseline,1,original,374.7,144,1
4,baseline,1,original,369.6,144,1
4,baseline,1,original,368.4,144,1
4,baseline,1,cached,47.86,0,0
4,baseline,1,cached,48.03,0,0
4,baseline,1,cached,48.47,0,0
4,baseline,600,original,374.0,144,1
4,baseline,600,original,402.4,144,1
4,baseline,600,original,385.0,144,1
4,baseline,600,cached,51.49,0,0
4,baseline,600,cached,51.05,0,0
4,baseline,600,cached,50.92,0,0
4,baseline,1500,original,381.7,144,1
4,baseline,1500,original,380.6,144,1
4,baseline,1500,original,389.7,144,1
4,baseline,1500,cached,488.7,152,2
4,baseline,1500,cached,489.7,151,1
4,baseline,1500,cached,490.8,151,1
