preset,clients,gc,rtt_ms,gzip_bytes,gzip_bytes_per_second,updates_per_second,full_snapshots,deltas,ack_count,capture_unacked,max_outstanding,max_proxy_pending_bytes,inflate_p50_ms,inflate_p95_ms,ack_p50_ms,ack_p95_ms,ack_max_ms,raf_p50_ms,raf_p95_ms,raf_max_ms,long_tasks,long_task_ms,script_seconds,task_seconds,backing_storage_mib
full,1,400,0,14741846,245492.8559533722,12.522897585345547,1,753,754,0,2,41218,0.5,0.6000003814697266,13.5,18.800000190734863,42.80000019073486,33.30000000000291,66.60000000000582,100,70,4216,40.969806,53.607678,230.94325256347656
full,3,400,0,14690116,244464.49551513538,12.481070376595497,1,751,752,0,2,41131,0.5,0.6999998092651367,14.5,22.5,37.89999961853027,116.69999999999709,133.3000000000029,166.70000000000073,58,3901,18.448019,31.951543,234.79705238342285
full,3,400,300,14690116,244464.49551513538,12.481070376595497,1,751,752,0,5,77408,0.5,0.7000007629394531,14.5,23.899999618530273,63.30000019073486,116.69999999999709,133.3000000000029,150,61,4043,18.599522,32.369142999999994,235.03453540802002
full,3,400,600,14690116,244464.49551513538,12.481070376595497,1,751,752,0,6,113333,0.5,0.6999998092651367,14.90000057220459,22.5,43.30000019073486,116.69999999999709,133.29999999999927,183.30000000000018,65,4394,18.949206,32.753934,233.31708335876465
central,1,400,0,10121733,168563.5085849418,12.756673938747982,1,767,768,0,2,19424,0.39999961853027344,0.6000003814697266,10.40000057220459,16.200000762939453,30.5,33.400000000001455,66.60000000000582,100,0,0,20.336683,30.395174,91.57247924804688
central,3,400,0,10157087,169152.28071344114,12.77332756007794,1,768,769,0,2,19512,0.40000057220458984,0.6999998092651367,11.199999809265137,18.399999618530273,28.90000057220459,100,116.70000000000073,116.80000000000291,2,111,9.751446,20.381236,84.83724117279053
central,3,400,300,10157087,169152.28071344114,12.77332756007794,1,768,769,0,5,53872,0.39999961853027344,0.6999998092651367,11.100000381469727,18.5,34.19999980926514,100,116.70000000000073,133.29999999998836,1,51,9.739246999999999,20.354075,87.37360286712646
central,3,400,600,10157087,169152.28071344114,12.77332756007794,1,768,769,0,7,83985,0.40000057220458984,0.6000003814697266,11.09999942779541,18.300000190734863,35.80000019073486,100,116.70000000000073,133.40000000000146,1,52,10.064636,20.650620999999997,99.1444959640503
full,1,200,0,14883903,247792.4782738987,12.735990410548396,1,766,767,0,2,41218,0.5,0.6000003814697266,13.40000057220459,19.800000190734863,44.90000057220459,33.30000000000291,66.60000000000218,100,72,4231,40.781604,53.689258,226.42917728424072
full,3,200,0,14718977,245083.45405198395,12.488136270542984,1,751,752,0,3,41127,0.5,0.6999998092651367,15.100000381469727,23.5,35.90000057220459,116.69999999999709,133.3000000000029,200,60,4149,18.397481,32.441494,232.06310081481934
full,3,200,300,14718977,245083.45405198395,12.488136270542984,1,751,752,0,5,75485,0.5,0.6999998092651367,14.600000381469727,23.5,52.80000019073486,116.69999999999709,133.3000000000029,216.70000000000073,61,4105,18.449004,32.234709,237.25010871887207
full,3,200,600,14718977,245083.45405198395,12.488136270542984,1,751,752,0,7,117885,0.5,0.7000007629394531,14.699999809265137,22.800000190734863,67.69999980926514,116.69999999999709,133.39999999999418,183.39999999999964,60,4100,18.982391,32.683029000000005,246.0404577255249
central,1,200,0,9432561,157128.16711365795,12.526861121753761,1,753,754,0,2,19426,0.39999961853027344,0.5999994277954102,10.200000762939453,15.399999618530273,33.69999980926514,33.30000000000291,50,83.40000000000146,1,51,24.844538,34.318904,83.04882144927979
central,3,200,0,10033051,167106.1125916056,12.641572285143239,1,760,761,0,2,19423,0.40000057220458984,0.6000003814697266,11.300000190734863,17.800000190734863,34.70000076293945,100,116.70000000000073,116.80000000000291,2,104,9.684657,20.230312,93.08313655853271
central,3,200,300,10033051,167106.1125916056,12.641572285143239,1,760,761,0,4,57431,0.40000057220458984,0.6999998092651367,11,17.899999618530273,32.30000019073486,100,116.70000000000073,133.3000000000029,0,0,9.806224,20.236207,95.70588207244873
central,3,200,600,10033051,167106.1125916056,12.641572285143239,1,760,761,0,7,80222,0.40000057220458984,0.6000003814697266,11.199999809265137,18.199999809265137,33.60000038146973,100,116.70000000000073,133.39999999999418,0,0,9.803954,20.331215999999998,92.29643058776855
full,1,100,0,14671919,244344.6524331346,12.457116210904973,1,749,750,0,2,41124,0.5,0.6000003814697266,13.5,20.90000057220459,52.39999961853027,33.30000000000291,66.69999999999709,116.80000000000291,67,4054,40.750679000000005,53.671789,233.9625415802002
full,3,100,0,14809522,246537.73930414516,12.618611619776926,1,759,760,0,3,41125,0.5,0.6999998092651367,14.699999809265137,23.899999618530273,40.10000038146973,116.69999999999709,133.39999999999418,216.60000000000036,64,4310,18.176547,31.989068,231.88033294677734
full,3,100,300,14809522,246537.73930414516,12.618611619776926,1,759,760,0,6,78474,0.5,0.7000007629394531,14.300000190734863,23.09999942779541,44.39999961853027,116.69999999999709,133.39999999999418,199.89999999999964,62,4189,18.562348,32.296530999999995,224.63501930236816
full,3,100,600,14809522,246537.73930414516,12.618611619776926,1,759,760,0,7,121697,0.5,0.6999998092651367,14.59999942779541,22.800000190734863,45.80000019073486,116.69999999999709,133.39999999999964,200,62,4292,18.75807,32.510416,230.49441051483154
central,1,100,0,8465937,140960.33899998336,12.85402687357432,1,773,774,0,2,19511,0.39999961853027344,0.5999994277954102,9.100000381469727,14.09999942779541,32.30000019073486,33.30000000000291,50,83.40000000000146,1,51,24.458381,33.114098999999996,83.06105995178223
central,3,100,0,8497335,141523.18377136005,12.807701275773624,1,770,771,0,2,19429,0.39999961853027344,0.6000003814697266,9.600000381469727,15.699999809265137,33.80000019073486,100,116.70000000000073,133.3000000000029,1,66,9.52437,18.325603,91.17505264282227
central,3,100,300,8497335,141523.18377136005,12.807701275773624,1,770,771,0,4,52673,0.39999961853027344,0.6000003814697266,9.399999618530273,15.5,29,100,116.70000000000073,166.59999999999127,1,51,9.401705,18.194389,81.31286525726318
central,3,100,600,8497335,141523.18377136005,12.807701275773624,1,770,771,0,7,77683,0.39999961853027344,0.6000003814697266,9.40000057220459,15.800000190734863,38.69999980926514,100,116.70000000000437,166.59999999999854,1,51,9.2721,18.143317,84.42519092559814
