pattern,demand_profile,demand_band,request_every_seconds,offered_per_minute,burst_size,seed,policy,routing_policy,platoon_policy,shared_ride_party_limit,sharing_mode,shared_parties,full_pod_refusals,full_departures,departure_backlog,departures_demand_over_four,departures_over_four_aboard,join_eligible_assigned,join_eligible_existing_stop,join_eligible_added_stop_only,focus_station,window_start_seconds,window_end_seconds,actual_end_seconds,arrival_window_seconds,arrival_end_seconds,schedule_id,scheduled,served,remaining,skipped,completed_at_arrival_end,backlog_at_arrival_end,arrival_throughput_per_minute,completed_at_arrival_midpoint,backlog_at_arrival_midpoint,late_arrival_throughput_per_minute,late_backlog_change,drained,drain_seconds,peak_pending,peak_outstanding,peak_active_vehicles,peak_passenger_vehicles,peak_stopped_vehicles,peak_focus_approaching,peak_focus_entrance_stopped,peak_focus_exit_stopped,peak_focus_occupied_berths,peak_focus_reserved_empty_berths,stopped_pod_seconds,junction_wait_seconds,track_wait_seconds,peak_node_throughput_per_minute,peak_node,queue_cleared,queue_clear_seconds,wait_average_seconds,wait_maximum_seconds,wait_p95_seconds,journey_average_seconds,journey_p95_seconds,journey_maximum_seconds,passenger_distance_meters,empty_distance_meters,loaded_distance_percent,occupancy,rider_distance_meters,direct_distance_meters,detour_ratio_mean,detour_ratio_max,intermediate_stops,positioning_moves,coupled_time_percent
profile,tfl-numbat-2019-midweek,early,60,0.9666666666666667,1,1,off,free-flow,virtual,4,drop-offs,0,0,0,9,0,0,6,2,4,940GZZLUEUS,0,3900,2588,1800,1740,9528258c1baa82ba,29,29,0,0,19,10,0.6333333333333333,6,8,0.8666666666666667,2,true,788,4,10,10,9,1,0,0,0,1,0,3,1,2,2,940GZZLULVT-01-arrival,true,215,108.86724137931034,274.26666666666665,254.53333333333333,554.3074712643678,868.65,907.1666666666666,175363.26653690037,205991.72869473742,45.984258428392536,1,175363.2665354108,175363.2665354108,1,1,0,0,0
profile,tfl-numbat-2019-midweek,early,60,0.9666666666666667,1,2,off,free-flow,virtual,4,drop-offs,1,0,0,17,0,0,11,1,10,940GZZLUEUS,0,3900,2511,1800,1740,bb5eef7e7cabdb3b,29,29,0,0,20,9,0.6666666666666666,6,8,0.9333333333333333,1,true,711,4,13,12,9,0,0,0,0,1,1,0,0,0,3,london-link-009-a-arrival,true,185,131.95344827586206,295.9166666666667,280.31666666666666,608.4040229885057,890.6333333333333,913.75,181115.29620128524,189945.2210433735,48.81017725792337,1.0362918174495146,187688.29946667125,186992.10622258438,1.0029548948628195,1.085691951021767,1,0,0
profile,tfl-numbat-2019-midweek,early,60,0.9666666666666667,1,3,off,free-flow,virtual,4,drop-offs,1,0,0,11,0,0,8,1,7,940GZZLUEUS,0,3900,2555,1800,1740,47735eda4f594ac0,29,29,0,0,22,7,0.7333333333333333,6,8,1.0666666666666667,-1,true,755,4,12,12,10,1,0,0,0,1,0,1,0,1,3,london-link-013-a-arrival,true,220,109.19827586206897,279.6166666666667,249.18333333333334,568.4436781609195,870.0833333333334,874.3333333333334,172901.9303355624,193672.19624757537,47.1669760076067,1.045267930086737,180728.84282819697,180728.84282819697,1,1,0,0,0
profile,tfl-numbat-2019-midweek,early,30,1.9666666666666666,1,1,off,free-flow,virtual,4,drop-offs,2,0,0,48,4,0,25,13,12,940GZZLUEUS,0,3900,2514,1800,1770,383a7529680b260f,59,59,0,0,35,24,1.1666666666666667,12,17,1.5333333333333334,7,true,714,9,26,25,19,1,0,0,0,1,1,18,14,4,5,london-link-009-a-arrival,true,263,156.13870056497174,363.6666666666667,354.65,613.7398305084746,932.0666666666667,953.0166666666667,354443.1105145786,374541.85326800845,48.621456974287874,1.0323982949080177,365926.4629326151,364411.60168360017,1.0032870796832105,1.1142946344023401,2,0,0
profile,tfl-numbat-2019-midweek,early,30,1.9666666666666666,1,2,off,free-flow,virtual,4,drop-offs,1,0,0,105,13,0,32,16,16,940GZZLUEUS,0,3900,2596,1800,1770,d1340ee5a623df89,59,59,0,0,36,23,1.2,11,18,1.6666666666666667,5,true,796,10,26,26,17,1,0,0,0,1,1,16,12,4,4,london-link-010-a-departure,true,258,186.56214689265536,377.55,355.4,650.4581920903955,945.65,978.3333333333334,362302.9778726146,427570.3616660735,45.868490520798105,1.0222172380162884,370352.3493613477,369593.250302165,1.0014718535935703,1.0868393620206458,1,0,0
profile,tfl-numbat-2019-midweek,early,30,1.9666666666666666,1,3,off,free-flow,virtual,4,drop-offs,0,0,0,65,4,0,26,12,14,940GZZLUEUS,0,3900,2719,1800,1770,badaff981b31ddb7,59,59,0,0,40,19,1.3333333333333333,11,18,1.9333333333333333,1,true,919,8,22,22,16,1,0,0,0,1,1,18,14,4,4,london-link-009-a-arrival,true,372,162.00536723163842,371.68333333333334,361.48333333333335,618.55,947.1666666666666,950.1166666666667,364992.5610805288,408717.21492391557,47.17435043478528,1,364992.56107588904,364992.56107588904,1,1,0,0,0
profile,tfl-numbat-2019-midweek,early,20,2.966666666666667,1,1,off,free-flow,virtual,4,drop-offs,4,0,0,169,22,0,50,31,19,940GZZLUEUS,0,3900,2684,1800,1780,4a2d770f2630dd23,89,89,0,0,51,38,1.7,18,26,2.2,12,true,884,16,38,37,26,2,0,0,0,1,1,43,34,9,5,london-link-069-a-departure,true,285,192.61198501872659,410.25,404.28333333333336,651.4095505617977,1009.7333333333333,1043.0666666666666,529660.3234974149,593915.347642046,47.140600949490675,1.0426843874942353,552268.549979768,550876.1634915941,1.001925661820714,1.085691951021767,2,0,0.002437597503900156
profile,tfl-numbat-2019-midweek,early,20,2.966666666666667,1,2,off,free-flow,virtual,4,drop-offs,5,0,0,149,21,0,43,28,15,940GZZLUEUS,0,3900,2690,1800,1780,19332ce46bf440c5,89,89,0,0,59,30,1.9666666666666666,14,30,3,0,true,890,14,36,35,26,1,0,0,0,1,1,31,24,7,6,london-link-069-a-departure,true,276,179.4320224719101,388.3666666666667,372.18333333333334,635.1550561797753,977.7166666666667,1010.6666666666666,512615.3264218923,566351.69307321,47.50982348485205,1.0689188769784443,547944.1990334049,544411.9494171848,1.0051307877556817,1.1259876259352548,4,0,0.30476577480348954
profile,tfl-numbat-2019-midweek,early,20,2.966666666666667,1,3,off,free-flow,virtual,4,drop-offs,3,0,0,168,24,0,44,23,21,940GZZLUEUS,0,3900,2742,1800,1780,1023c2b2435ed2d7,89,89,0,0,55,34,1.8333333333333333,19,25,2.4,9,true,942,14,37,35,27,1,0,0,0,1,1,44,33,11,5,940GZZLUPAC-01-arrival,true,329,176.05917602996254,389.4,369.01666666666665,635.1996254681649,965.7333333333333,1021.8,532062.4121225614,565771.65953822,48.4647385116831,1.0391540418759355,552894.8060818585,552894.8060818585,1,1,0,0,0.5916938171741003
profile,tfl-numbat-2019-midweek,early,15,3.966666666666667,1,1,off,free-flow,virtual,4,drop-offs,5,0,0,357,37,0,75,54,21,940GZZLUEUS,0,3900,2860,1800,1785,1609c532807f9008,119,119,0,0,73,46,2.433333333333333,20,39,3.533333333333333,7,true,1060,23,50,49,32,3,0,0,0,1,1,243,196,47,6,london-link-033-a-departure,true,490,235.00812324929973,495.96666666666664,480.8,709.2341736694679,1089.6833333333334,1119.5833333333333,726367.2242058298,805550.1695811582,47.41556086194753,1.0475275056996403,760889.6466348439,757646.2214140517,1.0032260554924737,1.1058955185161006,4,0,1.3526742012992792
profile,tfl-numbat-2019-midweek,early,15,3.966666666666667,1,2,off,free-flow,virtual,4,drop-offs,7,0,0,343,40,0,67,55,12,940GZZLUEUS,0,3900,2797,1800,1785,c5ea67b17f25e70e,119,119,0,0,76,43,2.533333333333333,18,41,3.8666666666666667,2,true,997,18,47,45,32,1,0,0,0,1,1,55,40,15,5,london-link-009-a-arrival,true,410,209.90084033613445,441.8,430.35,663.3152661064426,1028.3833333333334,1080.4333333333334,686152.355758202,759097.8776257435,47.47637052108461,1.0621765274859556,728814.9265968951,725756.8819520401,1.0031012746305672,1.096802756601761,4,0,0
profile,tfl-numbat-2019-midweek,early,15,3.966666666666667,1,3,off,free-flow,virtual,4,drop-offs,7,0,0,288,36,0,58,41,17,940GZZLUEUS,0,3900,2808,1800,1785,a02f25ab84cc8d7d,119,119,0,0,76,43,2.533333333333333,22,37,3.6,6,true,1008,18,48,45,31,1,0,0,0,1,1,65,46,19,5,940GZZLUPAC-01-arrival,true,375,186.96344537815128,415.53333333333336,403.03333333333336,652.9838935574229,1022.3,1099.6166666666666,694068.89682912,734685.1116590446,48.578614142510695,1.0785214760021322,748568.2110890704,744407.9728173974,1.0041213875624708,1.1105222053607933,5,0,0.23954849898910532
profile,tfl-numbat-2019-midweek,early,12,4.966666666666667,1,1,off,free-flow,virtual,4,drop-offs,13,0,0,564,51,0,92,72,20,940GZZLUEUS,0,3900,2811,1800,1788,fde388a840555436,149,149,0,0,88,61,2.933333333333333,25,49,4.2,12,true,1011,27,65,60,36,2,0,0,0,1,1,230,189,41,6,london-link-009-a-arrival,true,408,235.80581655480987,502.55,481.1333333333333,714.9008948545861,1116.3333333333333,1187.9,863987.0859522705,924628.9706211005,48.30478194451056,1.1127296505325022,961384.0482936881,950908.6494512907,1.0083051197164294,1.166482428927728,12,0,0.7413339434847271
profile,tfl-numbat-2019-midweek,early,12,4.966666666666667,1,2,off,free-flow,virtual,4,drop-offs,14,0,0,498,47,0,86,68,18,940GZZLUEUS,0,3900,2782,1800,1788,0db4ec5e24e7ed35,149,149,0,0,96,53,3.2,22,52,4.933333333333334,1,true,982,28,58,52,36,3,0,0,0,1,1,227,184,43,6,940GZZLUPAC-01-departure,true,381,223.2191275167785,486.8333333333333,475.8333333333333,680.8326621923937,1073.2333333333333,1124.2833333333333,833054.1837156945,921739.6912656184,47.47305057265291,1.102568553612233,918499.3464891305,911421.5062785232,1.00633961543081,1.16410454218367,8,0,1.229979785414399
profile,tfl-numbat-2019-midweek,early,12,4.966666666666667,1,3,off,free-flow,virtual,4,drop-offs,11,0,0,529,49,0,80,64,16,940GZZLUEUS,0,3900,2859,1800,1788,8d13d145a9ef1806,149,149,0,0,90,59,3,26,48,4.266666666666667,11,true,1059,25,61,54,36,2,0,0,0,1,1,198,153,45,6,940GZZLUPAC-01-departure,true,482,221.5195749440716,508,465.56666666666666,687.6578299776286,1094.35,1175.15,859408.2251604561,934366.9684686224,47.91058702410436,1.0882137642115386,935219.8597702442,930942.5919286269,1.0039517208366444,1.1559109732048352,6,0,2.4561163231299505
profile,tfl-numbat-2019-midweek,early,10,5.966666666666667,1,1,off,free-flow,virtual,4,drop-offs,24,0,3,685,59,0,106,87,19,940GZZLUEUS,0,3900,2930,1800,1790,aadad49ab1254db9,179,179,0,0,101,78,3.3666666666666667,27,62,4.933333333333334,16,true,1130,33,78,65,41,3,1,0,0,1,1,328,239,89,6,940GZZLUPAC-01-arrival,true,504,237.5441340782123,523.95,488.1166666666667,721.3933891992551,1128.2,1204.6666666666667,980457.9917117471,1146316.6900222548,46.10069887198206,1.1861482863241093,1162968.5667949645,1145151.488624008,1.011951831022296,1.1895599476918954,15,0,3.486392380757316
profile,tfl-numbat-2019-midweek,early,10,5.966666666666667,1,2,off,free-flow,virtual,4,drop-offs,15,0,0,792,67,0,118,99,19,940GZZLUEUS,0,3900,2908,1800,1790,2b255de325ea94d8,179,179,0,0,105,74,3.5,24,65,5.4,9,true,1108,35,75,70,43,2,2,0,0,1,2,282,222,60,7,london-link-069-a-departure,true,523,258.95316573556795,532.8833333333333,493,717.7540968342645,1110.2166666666667,1155.5666666666666,1005141.0134739487,1204822.6271024714,45.48224210656153,1.0970430758427951,1102682.9891867726,1094168.1971933101,1.0066260290552234,1.184440149101361,10,0,1.334731388392031
profile,tfl-numbat-2019-midweek,early,10,5.966666666666667,1,3,off,free-flow,virtual,4,drop-offs,23,0,1,708,62,0,99,81,18,940GZZLUEUS,0,3900,2891,1800,1790,26744e71f4c37b72,179,179,0,0,106,73,3.533333333333333,29,60,5.133333333333334,13,true,1091,32,76,63,37,2,0,0,0,1,1,210,160,49,6,london-link-068-a-arrival,true,468,224.4688081936685,514.25,478,701.2435754189944,1104.9166666666667,1220.85,983480.2632222916,1066356.5911578124,47.978465267652155,1.168174481514993,1148876.5466817482,1131604.1332244077,1.0118384513000747,1.2046466221312568,16,0,0.4234128674904133
profile,tfl-numbat-2019-midweek,early,8.571429,7,1,1,off,free-flow,virtual,4,drop-offs,42,1,3,820,72,0,122,104,18,940GZZLUEUS,0,3900,2926,1800,1799,3563668f01b58088,210,210,0,0,117,93,3.9,29,76,5.866666666666666,17,true,1126,37,94,73,46,5,2,0,0,1,2,520,422,97,7,london-link-009-a-arrival,true,545,241.54714285714286,580.4333333333333,550.95,734.7529365079365,1167.0666666666666,1297.8,1096428.7514159516,1243165.235357042,46.86406092743716,1.2659914518312547,1388069.426957781,1361831.202767958,1.0156562988060631,1.2747856031503002,26,0,3.1359572738883084
profile,tfl-numbat-2019-midweek,early,8.571429,7,1,2,off,free-flow,virtual,4,drop-offs,31,0,1,906,72,0,135,118,17,940GZZLUEUS,0,3900,2905,1800,1799,2c5e275a02e8aba7,210,210,0,0,124,86,4.133333333333334,29,76,6.333333333333333,10,true,1105,41,87,79,46,3,2,0,0,1,2,287,224,63,8,london-link-069-b-arrival,true,538,256.5622222222222,583.2833333333333,537.1833333333333,721.3653174603174,1146.7666666666667,1236.4833333333333,1106913.8189855407,1278704.882677745,46.399444228609774,1.1836266840862415,1310172.733246235,1293281.7027547231,1.0098527739836025,1.1980423813242134,18,0,2.0185591014929463
profile,tfl-numbat-2019-midweek,early,8.571429,7,1,3,off,free-flow,virtual,4,drop-offs,36,0,1,864,73,0,112,95,17,940GZZLUEUS,0,3900,2886,1800,1799,ddd650abd105cd58,210,210,0,0,127,83,4.233333333333333,32,73,6.333333333333333,10,true,1086,37,87,77,44,2,2,0,0,1,2,422,338,84,7,london-link-048-b-departure,true,504,228.30436507936508,564.1,545.55,705.6530158730159,1136.3166666666666,1259.95,1102927.4069011533,1149736.509259279,48.961027829710396,1.2215896947346139,1347324.7544281874,1322721.0729633423,1.0154934328827803,1.1903092773325137,26,0,2.817309608197127
profile,tfl-numbat-2019-midweek,early,7.5,7.966666666666667,1,1,off,free-flow,virtual,4,drop-offs,51,2,7,961,80,0,138,121,17,940GZZLUEUS,0,3900,2878,1800,1792.5,63b1ce4d79486c0c,239,239,0,0,130,109,4.333333333333333,31,88,6.6,21,true,1078,45,110,82,53,3,2,0,0,1,2,496,389,107,7,london-link-069-a-departure,true,503.5,247.15634588563458,606.0833333333334,582.1,743.3087866108787,1198.1,1373.8166666666666,1217287.8488346068,1308701.3560020935,48.190540422887594,1.3067384681452938,1590676.858965936,1552733.584971387,1.019858924675568,1.2944558459332471,33,0,2.2887494483968527
profile,tfl-numbat-2019-midweek,early,7.5,7.966666666666667,1,2,off,free-flow,virtual,4,drop-offs,47,0,4,992,88,0,150,136,14,940GZZLUEUS,0,3900,2975,1800,1792.5,b14207684481cacc,239,239,0,0,140,99,4.666666666666667,33,86,7.133333333333334,13,true,1175,44,101,80,50,4,2,0,0,1,2,409,308,101,6,940GZZLULVT-01-departure,true,587.5,252.22566248256626,586.9666666666667,551.1666666666666,724.2937238493724,1157.4833333333333,1228.7666666666667,1193595.505899692,1359271.1124551473,46.75510648765851,1.2681766305374491,1513689.926990319,1483818.6865510899,1.0158498894668606,1.2934205984570486,29,0,1.8429371844696425
profile,tfl-numbat-2019-midweek,early,7.5,7.966666666666667,1,3,off,free-flow,virtual,4,drop-offs,55,1,4,943,72,0,126,102,24,940GZZLUEUS,0,3900,2816,1800,1792.5,93ce2d6fb7cde873,239,239,0,0,144,95,4.8,38,81,7.066666666666666,14,true,1016,39,100,78,46,2,2,0,0,1,2,357,275,82,8,london-link-009-a-arrival,true,439.5,216.2986750348675,585.8333333333334,520.2166666666667,698.1006276150628,1122.0333333333333,1254.8166666666666,1150156.519192393,1232790.5655359067,48.26613761436219,1.3425399408577998,1544131.0653654402,1508073.5933517055,1.0190407755086393,1.2025395663720042,30,0,2.028932555404588
profile,tfl-numbat-2019-midweek,early,6.666667,8.966666666666667,1,1,off,free-flow,virtual,4,drop-offs,67,2,7,999,90,0,141,127,14,940GZZLUEUS,0,3900,3065,1800,1793.3333333333333,4a2c0b0e2de5a8b9,269,269,0,0,153,116,5.1,35,99,7.866666666666666,17,true,1265,44,118,88,52,2,2,0,0,1,2,454,339,115,6,940GZZLULVT-01-departure,true,666.6666666666666,241.05353159851302,666.6333333333333,581,735.769950433705,1199.0333333333333,1310.3666666666666,1307671.7935416023,1354837.5566955982,49.114261079500174,1.3641749356989492,1783893.0849283282,1744802.5896569216,1.0181308502816258,1.280956619594185,37,0,2.022575208131161
profile,tfl-numbat-2019-midweek,early,6.666667,8.966666666666667,1,2,off,free-flow,virtual,4,drop-offs,61,1,4,1223,98,0,162,143,19,940GZZLUEUS,0,3900,3069,1800,1793.3333333333333,d22cf29e05f827ac,269,269,0,0,153,116,5.1,38,96,7.666666666666667,20,true,1269,51,118,91,52,3,2,0,0,1,2,801,592,209,8,london-link-057-b-departure,true,645.6666666666666,264.8302354399009,658.55,613.1833333333333,741.7297397769516,1210.45,1309.0333333333333,1290158.3314222135,1467742.0957614821,46.780453663430244,1.3277181743880435,1712966.6645311436,1671482.6817698611,1.0196474698950209,1.1986526523914152,36,0,4.856351746754904
profile,tfl-numbat-2019-midweek,early,6.666667,8.966666666666667,1,3,off,free-flow,virtual,4,drop-offs,66,0,2,1114,87,0,144,124,20,940GZZLUEUS,0,3900,2910,1800,1793.3333333333333,d987e36c0704b230,269,269,0,0,162,107,5.4,42,92,8,15,true,1110,46,115,88,50,5,2,0,0,1,2,645,510,134,7,london-link-009-a-arrival,true,564.6666666666666,236.47187112763322,816.4333333333333,580.2333333333333,719.6118339529121,1189.7666666666667,1326.3166666666666,1280119.1809815522,1371071.4244189234,48.28469059802601,1.355611137119022,1735343.8186468254,1693677.2864348313,1.0197546825689074,1.2234829067304414,39,0,3.7843450152417195
profile,tfl-numbat-2019-midweek,early,6,9.966666666666667,1,1,off,free-flow,virtual,4,drop-offs,85,4,7,1190,101,0,153,139,14,940GZZLUEUS,0,3900,3001,1800,1794,813f7f4fec7f70d2,299,299,0,0,178,121,5.933333333333334,46,103,8.8,18,true,1201,53,124,93,54,5,2,0,0,1,2,683,483,195,8,london-link-009-b-departure,true,574,238.04710144927537,651.05,606.3333333333334,739.858082497213,1244.75,1424.2333333333333,1401444.975809879,1399769.6822798732,50.0299029837854,1.4300236763830665,2004099.4965883743,1944770.7559318675,1.0245101780518016,1.2750275159785756,53,0,2.865684349029131
profile,tfl-numbat-2019-midweek,early,6,9.966666666666667,1,2,off,free-flow,virtual,4,drop-offs,75,3,7,1327,110,0,179,157,22,940GZZLUEUS,0,3900,2947,1800,1794,a6937e018b1fcc1f,299,299,0,0,168,131,5.6,42,107,8.4,24,true,1147,58,131,99,56,4,2,0,0,1,2,832,602,228,9,london-link-010-a-departure,true,567,264.7213489409142,677.6666666666666,626.5,742.5610367892976,1231.95,1329.2,1384064.9272036077,1548760.5799332245,47.19220164430443,1.3732565223243016,1900676.1886383449,1849174.415084611,1.0221460230935875,1.2907118910939726,47,0,5.285188104754134
profile,tfl-numbat-2019-midweek,early,6,9.966666666666667,1,3,off,free-flow,virtual,4,drop-offs,90,8,11,1151,90,0,151,129,22,940GZZLUEUS,0,3900,2908,1800,1794,569e16cc1ad11ec7,299,299,0,0,188,111,6.266666666666667,48,101,9.333333333333334,10,true,1108,49,120,92,52,5,2,0,0,1,2,714,529,183,8,london-link-009-a-arrival,true,546,217.09258639910814,652.8833333333333,589.1833333333333,710.1520624303233,1198.2,1313,1332875.8463155788,1390027.6277567537,48.950536036525385,1.4761764987011439,1967560.0000715384,1899124.5306804895,1.0291741708097084,1.2602275196997421,58,0,4.779658489299829
profile,tfl-numbat-2019-midweek,early,5.4545449999999995,11,1,1,off,free-flow,virtual,4,drop-offs,105,7,14,1326,107,0,163,147,16,940GZZLUEUS,0,3900,3514,1800,1798.5,20e33643790350cf,330,330,0,0,185,145,6.166666666666667,47,118,9.2,27,true,1714,60,149,103,62,5,2,0,0,2,2,904,717,187,8,london-link-009-a-arrival,true,749.5,240.53444444444446,865.2166666666667,649.75,746.6917171717172,1287.3666666666666,1831.5666666666666,1468040.719441121,1594111.3996460617,47.941469344074875,1.514772848336338,2223748.2220700057,2142222.0907105505,1.0315667165482196,1.2973325477924411,65,0,3.765141408162003
profile,tfl-numbat-2019-midweek,early,5.4545449999999995,11,1,2,off,free-flow,virtual,4,drop-offs,84,3,7,1849,132,0,196,177,19,940GZZLUEUS,0,3900,3172,1800,1798.5,9a5fd55d60a95da3,330,330,0,0,181,149,6.033333333333333,46,119,9,30,true,1372,70,149,114,69,7,2,0,0,1,2,1755,1054,698,12,london-link-009-a-arrival,true,743.5,286.31217171717174,781.7833333333333,690.3666666666667,766.4000505050504,1310.6833333333334,1412.3833333333334,1532724.1173154484,1857558.899851379,45.20932646491285,1.3634611851805565,2089809.8415417685,2044536.6204109523,1.0186995422405614,1.2900010471067682,42,0,6.751959300436633
profile,tfl-numbat-2019-midweek,early,5.4545449999999995,11,1,3,off,free-flow,virtual,4,drop-offs,107,5,16,1174,101,0,167,149,18,940GZZLUEUS,0,3900,2964,1800,1798.5,3aa6ead3ecd2761f,330,330,0,0,200,130,6.666666666666667,53,112,9.8,18,true,1164,48,136,93,53,4,2,0,0,1,2,610,463,147,7,london-link-010-a-departure,true,578.5,221.0780808080808,688.1833333333333,590.2166666666667,715.5022727272727,1241.2,1358.1333333333334,1410474.3147646463,1430225.700352394,49.65235002846765,1.5373086215992748,2168334.324659862,2083360.0067648394,1.0334150967884617,1.2863627042936565,66,0,3.4444958129381877
profile,tfl-numbat-2019-midweek,early,5,11.966666666666667,1,1,off,free-flow,virtual,4,drop-offs,114,16,16,1627,123,0,187,169,18,940GZZLUEUS,0,3900,3389,1800,1795,5608ed1bb22ab7e5,359,359,0,0,208,151,6.933333333333334,50,129,10.533333333333333,22,true,1589,67,153,112,63,5,2,0,0,2,2,1458,1088,365,8,london-link-009-a-arrival,true,925,260.8218198700093,929.8666666666667,687.2833333333333,767.1213091922006,1314.85,1783.9166666666667,1597115.8398027467,1851197.1366314108,46.31586084898528,1.5099069672973033,2411496.3340586815,2324331.8144697566,1.030946574491134,1.2715327232353122,68,0,5.284131165765688
profile,tfl-numbat-2019-midweek,early,5,11.966666666666667,1,2,off,free-flow,virtual,4,drop-offs,110,2,10,1888,133,0,197,175,22,940GZZLUEUS,0,3900,3026,1800,1795,706d8f75a32eac66,359,359,0,0,207,152,6.9,51,128,10.4,24,true,1226,76,155,114,64,7,2,0,0,1,2,3078,1886,1192,11,london-link-009-a-arrival,true,584,278.67140204271124,837.3833333333333,737.5166666666667,758.8009285051068,1383.05,1571.9666666666667,1574077.885716068,1849025.6531187398,45.98394024189725,1.4443991563421155,2273596.7701245,2209431.4692169083,1.0242775540600482,1.3249566356672553,56,0,8.492791815824967
profile,tfl-numbat-2019-midweek,early,5,11.966666666666667,1,3,off,free-flow,virtual,4,drop-offs,116,18,20,1582,118,0,193,169,24,940GZZLUEUS,0,3900,3083,1800,1795,e90e4c4c349d670e,359,359,0,0,213,146,7.1,52,127,10.733333333333333,19,true,1283,64,152,106,57,6,2,0,0,1,2,1682,1220,460,8,london-link-009-a-arrival,true,658,249.9650417827298,694.65,669.7333333333333,748.8534818941505,1293.6333333333334,1475.85,1569501.294377748,1722567.0073698766,47.67523485295137,1.5121927487369862,2373388.476455148,2271462.518991435,1.0376606370708021,1.2785181235853302,76,0,5.5719265021590605
profile,tfl-numbat-2019-midweek,early,4.615385,13.033333333333333,1,1,off,free-flow,virtual,4,drop-offs,134,28,23,1761,129,0,196,176,20,940GZZLUEUS,0,3900,3373,1800,1798.6,90c3c036d47733d8,391,391,0,0,219,172,7.3,50,145,11.266666666666667,27,true,1573,82,172,114,67,6,2,0,0,2,2,1454,1137,317,7,london-link-009-a-arrival,true,694.4,258.99590792838876,915.85,699.9333333333333,761.2038363171356,1314.9333333333334,1882.2,1664353.1161126508,1909277.6184670296,46.57316996990757,1.574513384333956,2620546.2575066932,2519865.504008942,1.0322531867975286,1.2863627042936563,73,0,4.2660458577254055
profile,tfl-numbat-2019-midweek,early,4.615385,13.033333333333333,1,2,off,free-flow,virtual,4,drop-offs,136,4,11,1975,140,0,201,187,14,940GZZLUEUS,0,3900,2857,1800,1798.6,dd76da605dc6d0b3,391,391,0,0,216,175,7.2,59,136,10.466666666666667,39,true,1057,76,175,114,78,14,2,0,0,1,2,4550,1840,2710,13,london-link-069-a-departure,true,517.4,263.88955669224214,803.7833333333333,732.9166666666666,759.2097186700768,1407.2666666666667,1579.6333333333334,1625868.308049428,1753208.693227588,48.11575194749875,1.5380073970425874,2500597.4843558213,2412374.7482605577,1.0308298156991802,1.2969810902435661,77,0,9.95332800086976
profile,tfl-numbat-2019-midweek,early,4.615385,13.033333333333333,1,3,off,free-flow,virtual,4,drop-offs,135,21,25,1942,125,0,203,174,29,940GZZLUEUS,0,3900,3028,1800,1798.6,42c18a3a5d04a7c1,391,391,0,0,225,166,7.5,55,140,11.333333333333334,26,true,1228,83,167,114,59,12,2,0,0,1,2,3256,1669,1587,8,london-link-009-b-arrival,true,622.4,258.1286018755328,815.8666666666667,760.05,756.3512787723785,1357.4333333333334,1569.9833333333333,1635452.3675150608,1802857.9143065184,47.565584064990674,1.5760249219313138,2577513.689772597,2473628.395056712,1.034635303715282,1.2942103944131924,77,0,6.6131652227722775
profile,tfl-numbat-2019-midweek,early,4.2857140000000005,14,1,1,off,free-flow,virtual,4,drop-offs,159,43,27,1848,143,0,207,187,20,940GZZLUEUS,0,3900,3192,1800,1799,c19c8f7ced0a6fad,420,420,0,0,240,180,8,49,161,12.733333333333333,19,true,1392,80,181,114,67,6,2,0,0,1,2,1272,974,298,8,london-link-069-a-departure,true,720,253.19845238095238,881.2666666666667,689.55,757.5293253968254,1301.3833333333334,1804,1706791.074029916,1940305.0930036367,46.79863090690511,1.6530422526742252,2821397.761761753,2701703.0891309218,1.035812816595164,1.302209427544702,89,0,5.092724626194013
profile,tfl-numbat-2019-midweek,early,4.2857140000000005,14,1,2,off,free-flow,virtual,4,drop-offs,160,28,22,1974,148,0,208,194,14,940GZZLUEUS,0,3900,2968,1800,1799,576e1859100cd6b6,420,420,0,0,240,180,8,58,152,12.133333333333333,28,true,1168,78,188,114,74,9,2,0,0,1,2,4036,2219,1811,10,london-link-009-a-arrival,true,539,261.7915476190476,847.6,758.3666666666667,757.3044841269842,1387.5666666666666,1583.7166666666667,1648850.2101066923,1871272.4489851058,46.84070328765477,1.6345002195027813,2695046.030292467,2588258.91305951,1.0355833237207976,1.3613706775821777,87,0,10.87018331462776
profile,tfl-numbat-2019-midweek,early,4.2857140000000005,14,1,3,off,free-flow,virtual,4,drop-offs,156,37,29,1921,134,0,210,181,29,940GZZLUEUS,0,3900,2984,1800,1799,880a3a3a981d7825,420,420,0,0,239,181,7.966666666666667,59,151,12,30,true,1184,74,181,114,66,9,2,0,0,1,2,2637,1646,991,10,london-link-009-b-departure,true,580,244.41384920634923,767.8833333333333,714.0666666666667,748.4514285714286,1339.7833333333333,1518.45,1693674.435249546,1829915.7993322557,48.06672520054138,1.6389955037424904,2775924.784092205,2657234.3232881357,1.0369498134239614,1.3212839135000576,88,0,8.567645779349737
profile,tfl-numbat-2019-midweek,early,4,14.966666666666667,1,1,off,free-flow,virtual,4,drop-offs,178,74,32,2260,145,0,215,196,19,940GZZLUEUS,0,3900,3159,1800,1796,63c82187320d4492,449,449,0,0,255,194,8.5,56,168,13.266666666666667,26,true,1359,84,196,114,63,8,2,0,0,1,2,2799,1603,1196,8,london-link-035-b-departure,true,742,259.2909799554566,893.55,753.1166666666667,768.9229769858946,1356.7166666666667,1862.5666666666666,1781363.558196764,1940263.6237093732,47.86518023238394,1.7020718677393725,3032008.798493469,2893446.6433019787,1.0394940439711366,1.302209427544702,107,0,6.162676263747315
profile,tfl-numbat-2019-midweek,early,4,14.966666666666667,1,2,off,free-flow,virtual,4,drop-offs,187,26,26,2101,146,0,209,196,13,940GZZLUEUS,0,3900,2904,1800,1796,3c1cc4bd02bc2287,449,449,0,0,260,189,8.666666666666666,59,165,13.4,24,true,1104,82,194,114,80,11,2,0,0,1,2,5205,2282,2920,11,london-link-069-b-arrival,true,573,245.20649591685228,843.9666666666667,761.25,743.6198589458055,1405.1166666666666,1671.8333333333333,1683131.2377947015,1805811.965832234,48.241864070616,1.7145999100795406,2885896.668911081,2767425.506267039,1.037948845451637,1.3046067842636164,98,0,12.673142651556036
profile,tfl-numbat-2019-midweek,early,4,14.966666666666667,1,3,off,free-flow,virtual,4,drop-offs,178,64,30,2392,154,0,218,188,30,940GZZLUEUS,0,3900,3041,1800,1796,518b208a85e38dde,449,449,0,0,261,188,8.7,62,162,13.266666666666667,26,true,1241,83,190,114,71,12,2,0,0,1,2,5217,2518,2695,12,london-link-069-b-arrival,true,624,258.78466963622867,839.65,790.7833333333333,763.1815144766147,1442.8833333333334,1607.9,1751788.489304097,1896662.3373580934,48.01458406681426,1.6823960158683589,2947201.9749508854,2828636.8712767255,1.0343286307010684,1.3039694741787458,88,0,11.329203698716222
profile,tfl-numbat-2019-midweek,night,60,0.9666666666666667,1,1,off,free-flow,virtual,4,drop-offs,0,0,0,1,0,0,1,1,0,940GZZLUEUS,0,3900,2284,1800,1740,ca2265641b46fb7e,29,29,0,0,22,7,0.7333333333333333,9,5,0.8666666666666667,2,true,484,3,9,9,9,1,1,0,0,1,1,1,1,0,2,940GZZLUOVL-01-arrival,true,158,52.74367816091954,165.28333333333333,157.9,422.60057471264366,969.3666666666667,1083.95,144848.7384353437,74529.64291916759,66.02689724529915,1,144848.73843440652,144848.73843440652,1,1,0,0,0
profile,tfl-numbat-2019-midweek,night,60,0.9666666666666667,1,2,off,free-flow,virtual,4,drop-offs,0,0,0,0,0,0,0,0,0,940GZZLUEUS,0,3900,2774,1800,1740,c81386e7d7872707,29,29,0,0,21,8,0.7,9,5,0.8,3,true,974,3,9,9,8,0,0,0,0,1,1,0,0,0,2,940GZZLUOVL-01-arrival,true,67,55.54252873563219,133.9,131.65,414.5942528735632,927.75,1093.1166666666666,140371.27930934585,134676.84989844353,51.03516963145755,1,140371.27930844465,140371.27930844465,1,1,0,0,0
profile,tfl-numbat-2019-midweek,night,60,0.9666666666666667,1,3,off,free-flow,virtual,4,drop-offs,0,0,0,1,0,0,1,1,0,940GZZLUEUS,0,3900,2834,1800,1740,59d46cdde352f10e,29,29,0,0,23,6,0.7666666666666667,8,6,1,0,true,1034,2,10,10,10,1,1,0,0,1,1,3,1,2,3,london-link-030-a-arrival,true,0,39.45287356321839,258.31666666666666,159.96666666666667,471.2298850574712,1083.95,1093.1166666666666,170110.6173579565,95863.50479099632,63.957582032243685,1,170110.61735650408,170110.61735650408,1,1,0,0,0
profile,tfl-numbat-2019-midweek,night,30,1.9666666666666666,1,1,off,free-flow,virtual,4,drop-offs,1,0,0,5,0,0,5,5,0,940GZZLUEUS,0,3900,2729,1800,1770,175bf1e8ac6f44d7,59,59,0,0,43,16,1.4333333333333333,16,13,1.8,3,true,929,6,18,18,16,1,1,0,0,1,1,4,2,2,3,940GZZLUOVL-01-arrival,true,33,69.01299435028248,221.83333333333334,205.78333333333333,485.01638418079096,1093.1166666666666,1193.55,319029.3234333859,216222.51903824921,59.60359182701784,1.041774708539878,332356.68043160497,332356.68043160497,1,1,0,0,0
profile,tfl-numbat-2019-midweek,night,30,1.9666666666666666,1,2,off,free-flow,virtual,4,drop-offs,1,0,0,8,0,0,8,8,0,940GZZLUEUS,0,3900,2968,1800,1770,332bbea8045ea8af,59,59,0,0,42,17,1.4,17,12,1.6666666666666667,5,true,1168,5,19,19,16,1,0,0,0,1,1,14,12,2,3,940GZZLUWIG-01-departure,true,226,74.9867231638418,227.18333333333334,221.83333333333334,482.2607344632769,1193.55,1198.9,320263.6284170868,252384.80833781225,55.92674455412226,1.0147725484800207,324994.73839049326,324994.73839049326,1,1,0,0,0
profile,tfl-numbat-2019-midweek,night,30,1.9666666666666666,1,3,off,free-flow,virtual,4,drop-offs,0,0,0,7,0,0,6,6,0,940GZZLUEUS,0,3900,2694,1800,1770,a1a4f419a9f155b7,59,59,0,0,42,17,1.4,14,15,1.8666666666666667,2,true,894,5,20,20,17,0,1,0,0,2,1,0,0,0,3,london-link-013-a-arrival,true,100,71.23418079096045,258.31666666666666,216.46666666666667,490.4223163841808,1103.8333333333333,1182.8166666666666,335439.61133191455,254599.66635590018,56.85038674821798,1,335439.6113278676,335439.6113278676,1,1,0,0,0
profile,tfl-numbat-2019-midweek,night,20,2.966666666666667,1,1,off,free-flow,virtual,4,drop-offs,1,0,0,16,0,0,13,12,1,940GZZLUEUS,0,3900,3196,1800,1780,8c76375d5400f0a2,89,89,0,0,63,26,2.1,25,19,2.533333333333333,7,true,1396,7,28,27,24,1,1,0,0,1,1,8,5,3,4,london-link-048-a-departure,true,449,80.78220973782771,488.76666666666665,225.51666666666668,481.48932584269664,1182.8166666666666,1455.1166666666666,480560.7408336444,346313.0864052382,58.11778351218887,1.0036147925590233,482297.86821747106,482297.86821747106,1,1,0,0,0
profile,tfl-numbat-2019-midweek,night,20,2.966666666666667,1,2,off,free-flow,virtual,4,drop-offs,1,0,0,34,0,0,23,23,0,940GZZLUEUS,0,3900,3126,1800,1780,afec5a831dfb0ad9,89,89,0,0,63,26,2.1,22,22,2.7333333333333334,4,true,1326,9,30,28,24,1,1,0,0,2,1,10,8,2,3,940GZZLUCWR-01-arrival,true,374,101.25861423220974,416.55,333.68333333333334,534.9565543071161,1221.85,1382.9,510162.9346802167,411388.63024652505,55.359130633213326,1.0261237265511625,523490.29167542496,523490.29167542496,1,1,0,0,0
profile,tfl-numbat-2019-midweek,night,20,2.966666666666667,1,3,off,free-flow,virtual,4,drop-offs,2,0,0,11,0,0,10,10,0,940GZZLUEUS,0,3900,2766,1800,1780,094cd0a41dfbd30a,89,89,0,0,62,27,2.066666666666667,22,22,2.6666666666666665,5,true,966,8,28,27,23,1,1,0,0,1,1,28,22,6,3,940GZZLULSQ-01-arrival,true,163,80.67284644194756,258.31666666666666,219.38333333333333,532.8593632958801,1109.2,1212.8833333333334,527914.6670761578,417634.8059331631,55.83152253218524,1.034207170411273,545973.1340490241,545973.1340490241,1,1,0,0,0
profile,tfl-numbat-2019-midweek,night,15,3.966666666666667,1,1,off,free-flow,virtual,4,drop-offs,6,0,0,38,2,0,28,26,2,940GZZLUEUS,0,3900,3167,1800,1785,f9e1bd3d2523c995,119,119,0,0,84,35,2.8,29,30,3.6666666666666665,5,true,1367,12,35,33,29,1,1,0,0,1,1,34,25,6,4,london-link-098-a-departure,true,415,91.47871148459383,429.9166666666667,227.08333333333334,512.691456582633,1148.5333333333333,1396.2666666666667,636174.8005009238,421363.25462711556,60.156208792306785,1.0672930950587873,678984.9718449648,678984.9718449648,1,1,0,0,0
profile,tfl-numbat-2019-midweek,night,15,3.966666666666667,1,2,off,free-flow,virtual,4,drop-offs,7,0,0,37,4,0,23,23,0,940GZZLUEUS,0,3900,2766,1800,1785,690a196e2f9a4ff9,119,119,0,0,75,44,2.5,28,31,3.1333333333333333,13,true,966,12,44,38,32,1,2,1,0,2,2,32,23,9,4,940GZZLUWHP-01-arrival,true,202,98.45014005602242,338.1,253.78333333333333,544.7823529411764,1193.55,1309.8166666666666,649689.1336893131,492287.25995226076,56.891643059062005,1.1084838574606561,720169.9170863044,720169.9170863044,1,1,0,0,0
profile,tfl-numbat-2019-midweek,night,15,3.966666666666667,1,3,off,free-flow,virtual,4,drop-offs,2,0,0,33,1,0,21,21,0,940GZZLUEUS,0,3900,3212,1800,1785,db99ebd72e363b57,119,119,0,0,80,39,2.6666666666666665,27,32,3.533333333333333,7,true,1412,11,40,39,33,1,2,0,0,1,1,33,24,9,4,london-link-063-a-departure,true,455,110.6015406162465,532.2833333333333,487.43333333333334,561.5662464985994,1223.65,1501.4833333333333,718151.5613712942,540886.2532743649,57.0397134238108,1.0131757980664786,727613.781362984,727613.781362984,1,1,0,0,0
profile,tfl-numbat-2019-midweek,night,12,4.966666666666667,1,1,off,free-flow,virtual,4,drop-offs,11,0,0,70,4,0,41,39,2,940GZZLUEUS,0,3900,2844,1800,1788,c19eeed41d417052,149,149,0,0,104,45,3.466666666666667,34,40,4.666666666666667,5,true,1044,14,50,45,35,2,1,0,0,1,1,51,42,6,5,london-link-048-a-departure,true,221,107.70659955257271,378.45,265.15,520.5958612975392,1170.5166666666667,1295.8333333333333,769545.046662507,591665.2277422315,56.53388467105359,1.0809863096202386,831867.660131153,830123.3046612646,1.002414408606341,1.1869062441939247,2,0,0
profile,tfl-numbat-2019-midweek,night,12,4.966666666666667,1,2,off,free-flow,virtual,4,drop-offs,6,0,0,87,9,0,40,40,0,940GZZLUEUS,0,3900,2901,1800,1788,8ad3f9dbd58a4a5d,149,149,0,0,95,54,3.1666666666666665,33,41,4.133333333333334,13,true,1101,17,58,52,40,1,2,0,0,1,2,27,19,8,5,london-link-048-a-departure,true,408,125.35413870246086,479.65,317.5,552.2194630872483,1285.0833333333333,1375.35,802554.8139805503,706313.0241844635,53.18920542150099,1.0734048921647967,861466.2636177011,861466.2636177011,1,1,0,0,0
profile,tfl-numbat-2019-midweek,night,12,4.966666666666667,1,3,off,free-flow,virtual,4,drop-offs,9,0,0,49,1,0,31,31,0,940GZZLUEUS,0,3900,3091,1800,1788,f3a80d553036d591,149,149,0,0,98,51,3.2666666666666666,33,41,4.333333333333333,10,true,1291,15,52,48,41,1,2,0,0,1,1,48,34,14,5,london-link-099-b-departure,true,331,109.04597315436241,558.8333333333334,397.9,555.9285234899329,1302.0666666666666,1530.55,843358.3624387562,606227.8448286601,58.179248547663335,1.0702557259318677,902609.1164833172,901885.8484063895,1.0009227245069747,1.137485951539261,1,0,0.2589131318094626
profile,tfl-numbat-2019-midweek,night,10,5.966666666666667,1,1,off,free-flow,virtual,4,drop-offs,10,0,0,96,4,0,62,57,5,940GZZLUEUS,0,3900,2785,1800,1790,6e42c7acb2ed4782,179,179,0,0,122,57,4.066666666666666,43,46,5.266666666666667,11,true,985,18,59,56,41,3,1,0,0,1,1,146,108,38,6,london-link-048-a-departure,true,207,115.76154562383613,394.56666666666666,276.05,526.0758845437616,1148.8333333333333,1360.9166666666667,922862.7393467649,706209.0022040616,56.64960700062403,1.0737308242506556,990906.1698781917,990906.1698781917,1,1,0,0,0.27823871540872597
profile,tfl-numbat-2019-midweek,night,10,5.966666666666667,1,2,off,free-flow,virtual,4,drop-offs,10,0,1,92,8,0,48,46,2,940GZZLUEUS,0,3900,2765,1800,1790,d7ddc3217005eedc,179,179,0,0,117,62,3.9,38,51,5.266666666666667,11,true,965,21,69,62,50,2,2,0,0,1,2,126,79,47,6,london-link-063-b-arrival,true,199,122.76778398510241,468.93333333333334,291.45,553.3343575418995,1223.1166666666666,1385.1833333333334,960947.2310891245,739746.2210522869,56.50325929573946,1.0835671852901008,1041250.8865037481,1041250.8865037481,1,1,0,0,0.20412099392458774
profile,tfl-numbat-2019-midweek,night,10,5.966666666666667,1,3,off,free-flow,virtual,4,drop-offs,8,0,0,89,5,0,49,47,2,940GZZLUEUS,0,3900,3246,1800,1790,aa670b5f8d7371c6,179,179,0,0,114,65,3.8,38,51,5.066666666666666,14,true,1446,20,65,64,47,2,2,0,0,2,2,169,131,33,6,london-link-022-a-arrival,true,597,137.69869646182497,636.1333333333333,450.1166666666667,578.9024208566109,1364.15,1565.4166666666667,1029415.1134544122,854245.9695720219,54.64969907434065,1.0371580404039562,1067666.1619449875,1067666.1619449875,1,1,0,0,0.28625191621682494
profile,tfl-numbat-2019-midweek,night,8.571429,7,1,1,off,free-flow,virtual,4,drop-offs,13,0,0,136,8,0,78,74,4,940GZZLUEUS,0,3900,3218,1800,1799,e91f11a6d7b085ac,210,210,0,0,142,68,4.733333333333333,49,56,6.2,12,true,1418,22,71,64,50,3,1,0,0,1,1,177,134,40,6,london-link-048-a-departure,true,555,132.50761904761904,572,290.8333333333333,547.3873015873015,1190.7666666666667,1514.7,1086522.5302048451,910371.8371213193,54.41061620398557,1.0799135691545898,1173350.4236698656,1172584.3770467518,1.0002625016237365,1.0551253409846588,1,0,0.4345954367479141
profile,tfl-numbat-2019-midweek,night,8.571429,7,1,2,off,free-flow,virtual,4,drop-offs,12,0,0,141,11,0,64,61,3,940GZZLUEUS,0,3900,2764,1800,1799,2eea3e3fe02210bb,210,210,0,0,141,69,4.7,47,58,6.266666666666667,11,true,964,26,78,71,55,2,2,0,0,1,2,212,174,36,5,940GZZLUWHP-01-arrival,true,228,136.87722222222223,457.4166666666667,367.8333333333333,566.6753174603175,1325.5,1433.1,1139403.4910469016,852138.3480539729,57.212129249632554,1.0698565984810056,1218998.3433242075,1218998.3433242075,1,1,0,0,0.4469702682507147
profile,tfl-numbat-2019-midweek,night,8.571429,7,1,3,off,free-flow,virtual,4,drop-offs,15,0,0,135,10,0,64,63,1,940GZZLUEUS,0,3900,3195,1800,1799,cd9753e4db035a1b,210,210,0,0,143,67,4.766666666666667,47,58,6.4,9,true,1395,28,76,70,51,2,2,0,0,2,2,100,78,22,5,london-link-022-a-arrival,true,578,146.62928571428571,594.6333333333333,454.45,584.4173809523809,1342.0666666666666,1493.55,1163034.7563108439,917282.3374646106,55.90660961210078,1.0677451501051238,1241824.7205421505,1239573.0911653417,1.0018009272752715,1.1583985866266315,3,0,0.6815161761416711
profile,tfl-numbat-2019-midweek,night,7.5,7.966666666666667,1,1,off,free-flow,virtual,4,drop-offs,27,0,0,174,16,0,87,81,6,940GZZLUEUS,0,3900,3158,1800,1792.5,ac698127e9c870b6,239,239,0,0,161,78,5.366666666666666,57,62,6.933333333333334,16,true,1358,24,82,74,59,2,2,0,0,2,1,177,139,38,8,london-link-048-a-departure,true,393.5,127.50536959553695,402.1166666666667,318.3333333333333,546.0979776847978,1231.0333333333333,1364.9833333333333,1215599.5243264865,944187.99620225,56.2832923503927,1.1095671175079518,1348789.2603259468,1347276.7029673345,1.0014389924432316,1.1879481766937212,2,0,0.5961006663418277
profile,tfl-numbat-2019-midweek,night,7.5,7.966666666666667,1,2,off,free-flow,virtual,4,drop-offs,22,0,0,138,12,0,72,67,5,940GZZLUEUS,0,3900,2692,1800,1792.5,363a18a5ce685250,239,239,0,0,159,80,5.3,51,68,7.2,12,true,892,30,88,75,57,2,2,0,0,1,1,118,85,24,5,london-link-022-a-arrival,true,301.5,141.72252440725245,488.3833333333333,392.45,569.034309623431,1152.6333333333334,1465.45,1237957.3148606238,970198.7207728905,56.06294550219396,1.1138508874153112,1378899.8538102712,1378061.7770196893,1.0007231825864054,1.1728406381508452,1,0,0
profile,tfl-numbat-2019-midweek,night,7.5,7.966666666666667,1,3,off,free-flow,virtual,4,drop-offs,19,0,0,150,11,0,83,77,6,940GZZLUEUS,0,3900,3116,1800,1792.5,d38bd377032d4c52,239,239,0,0,161,78,5.366666666666666,47,72,7.6,6,true,1316,34,85,75,52,2,2,0,0,2,1,148,113,35,5,london-link-048-a-departure,true,503.5,161.63563458856345,632.0333333333333,414.9,596.8304741980475,1328.1833333333334,1487.85,1285194.3955663983,1040446.8145241224,55.26193765358908,1.0941003236225626,1406131.6041620604,1403492.6772815129,1.0021904117093046,1.2037758651061488,3,0,0.1706836173155587
profile,tfl-numbat-2019-midweek,night,6.666667,8.966666666666667,1,1,off,free-flow,virtual,4,drop-offs,30,0,1,216,21,0,98,89,9,940GZZLUEUS,0,3900,2918,1800,1793.3333333333333,8ba338bafbc5514f,269,269,0,0,181,88,6.033333333333333,64,70,7.8,18,true,1118,27,90,85,62,2,1,0,0,2,1,237,188,49,6,london-link-048-a-departure,true,401.6666666666667,136.2187112763321,428.0833333333333,339.3833333333333,554.4539033457249,1254.85,1355.4333333333334,1374220.6146631814,1057946.8770050767,56.50189057171322,1.1028611219968407,1515574.4889879616,1512131.5497616618,1.0025074697710608,1.1917196223713216,4,0,0.953593645700695
profile,tfl-numbat-2019-midweek,night,6.666667,8.966666666666667,1,2,off,free-flow,virtual,4,drop-offs,17,1,1,206,14,0,102,93,9,940GZZLUEUS,0,3900,3052,1800,1793.3333333333333,c43a7f45f4cd834d,269,269,0,0,175,94,5.833333333333333,53,81,8.133333333333333,13,true,1252,36,100,91,66,3,2,0,0,2,2,306,251,44,7,london-link-075-a-arrival,true,556.6666666666666,179.55607187112764,639.05,497.53333333333336,605.6911400247831,1211.7666666666667,1492.3166666666666,1422764.4104179917,1240419.78825467,53.42343241324056,1.088844657632612,1549169.4273689801,1548413.148689674,1.000627148072266,1.1687028314395012,1,0,1.2332769491004152
profile,tfl-numbat-2019-midweek,night,6.666667,8.966666666666667,1,3,off,free-flow,virtual,4,drop-offs,24,0,0,187,19,0,92,83,9,940GZZLUEUS,0,3900,3302,1800,1793.3333333333333,c77ab3603993635e,269,269,0,0,177,92,5.9,54,80,8.2,12,true,1502,38,95,87,61,2,2,0,0,2,1,315,242,70,6,london-link-048-a-departure,true,542.6666666666666,160.94064436183396,648.3833333333333,424.53333333333336,598.440644361834,1271.0666666666666,1614.7333333333333,1409959.0246236548,1179871.5813872528,54.442133062725745,1.1268623400909672,1588829.7259394147,1588073.4472601085,1.0006735825889257,1.181193716421034,1,0,0.41296379314891485
profile,tfl-numbat-2019-midweek,night,6,9.966666666666667,1,1,off,free-flow,virtual,4,drop-offs,38,0,1,260,25,0,116,103,13,940GZZLUEUS,0,3900,3180,1800,1794,436349ce9314f077,299,299,0,0,201,98,6.7,65,84,9.066666666666666,14,true,1380,39,105,91,64,3,1,0,0,2,1,453,333,115,7,london-link-048-a-departure,true,529,157.5591415830546,588.5166666666667,380.46666666666664,572.4591415830546,1223.6166666666666,1541.3166666666666,1452379.1549086361,1250966.371304814,53.7252504655951,1.1443926119394778,1662091.974619967,1658846.7690601132,1.002404224311703,1.2021632811498402,4,0,0.9050844896622932
profile,tfl-numbat-2019-midweek,night,6,9.966666666666667,1,2,off,free-flow,virtual,4,drop-offs,22,0,0,295,25,0,119,110,9,940GZZLUEUS,0,3900,3081,1800,1794,cf673c15ac76cbab,299,299,0,0,187,112,6.233333333333333,58,91,8.6,21,true,1281,45,116,104,72,3,2,0,0,2,2,439,332,107,8,london-link-099-b-departure,true,483,191.41833890746932,632.0333333333333,488.35,626.4879598662208,1370.3666666666666,1513.4666666666667,1620232.4992602705,1376727.6451851977,54.062530736793114,1.080299783915616,1750336.8188045493,1747215.0394447423,1.0019569718113182,1.2370832310183666,3,0,1.0284262665258403
profile,tfl-numbat-2019-midweek,night,6,9.966666666666667,1,3,off,free-flow,virtual,4,drop-offs,35,0,0,235,22,0,111,103,8,940GZZLUEUS,0,3900,2837,1800,1794,a1953c90166778c3,299,299,0,0,196,103,6.533333333333333,58,91,9.2,12,true,1037,44,108,97,64,3,2,0,0,2,1,379,314,61,6,london-link-013-a-arrival,true,583,172.99866220735785,658.1833333333333,426.76666666666665,605.3986622073579,1253.2166666666667,1436.35,1541224.1631126755,1071139.8441178778,58.99729742282639,1.1298237889525218,1741311.7235753348,1735431.1693801603,1.0034364460933705,1.2021632811498402,7,0,1.469038001899573
profile,tfl-numbat-2019-midweek,night,5.4545449999999995,11,1,1,off,free-flow,virtual,4,drop-offs,43,0,0,329,33,0,142,128,14,940GZZLUEUS,0,3900,2954,1800,1798.5,d042e9976f1d18e7,330,330,0,0,220,110,7.333333333333333,71,94,9.933333333333334,16,true,1154,43,118,101,71,3,1,0,0,2,1,496,392,99,7,london-link-048-a-departure,true,579.5,173.4312121212121,616.5666666666667,388.3666666666667,588.534797979798,1226.4666666666667,1465.6,1615958.0668514166,1313652.369774543,55.1594862801117,1.1379731415568022,1838916.8779189656,1835005.7616491881,1.0021794629813503,1.1840592862965176,5,0,0.9833079296628128
profile,tfl-numbat-2019-midweek,night,5.4545449999999995,11,1,2,off,free-flow,virtual,4,drop-offs,38,0,0,350,33,0,141,131,10,940GZZLUEUS,0,3900,3198,1800,1798.5,50bea3e032ab06ac,330,330,0,0,204,126,6.8,63,102,9.4,24,true,1398,46,133,114,79,3,2,0,0,2,2,424,322,101,6,london-link-048-a-departure,true,953.5,209.53035353535356,969.6166666666667,535.2666666666667,644.9391414141414,1331.2666666666667,1524.85,1734570.5528386459,1511734.1890132297,53.432154118998355,1.1174570669231594,1938308.1222721047,1934348.2859768695,1.001661648410733,1.175556071610166,4,0,1.3911454957192286
profile,tfl-numbat-2019-midweek,night,5.4545449999999995,11,1,3,off,free-flow,virtual,4,drop-offs,46,0,2,304,36,0,119,108,11,940GZZLUEUS,0,3900,2914,1800,1798.5,c4a341f4642e795c,330,330,0,0,207,123,6.9,63,102,9.6,21,true,1114,48,124,104,70,3,2,0,0,2,1,389,324,65,6,london-link-048-a-departure,true,480.5,181.6160606060606,632.0333333333333,457.28333333333336,621.8038888888889,1260.9833333333333,1574.0666666666666,1661888.6791316797,1232231.2224734337,57.42293808248845,1.1774500439081044,1956790.8981570674,1950524.0828854851,1.0032640123291694,1.1898426570345046,8,0,0.680894404783236
profile,tfl-numbat-2019-midweek,night,5,11.966666666666667,1,1,off,free-flow,virtual,4,drop-offs,52,1,2,328,35,0,139,127,12,940GZZLUEUS,0,3900,3680,1800,1795,2be3e529710e9875,359,359,0,0,234,125,7.8,83,96,10.066666666666666,29,true,1880,51,126,109,75,4,2,0,1,2,1,518,416,100,7,london-link-048-a-departure,true,918,180.3183844011142,997.8666666666667,462.26666666666665,601.7644846796658,1261.35,1964.2166666666667,1751572.7553476347,1438529.0522988401,54.906484525014974,1.1600452525937743,2031903.6593326444,2027037.4828660896,1.0025205685241265,1.1887282126396161,6,0,0.7707392517335224
profile,tfl-numbat-2019-midweek,night,5,11.966666666666667,1,2,off,free-flow,virtual,4,drop-offs,45,0,0,369,37,0,161,149,12,940GZZLUEUS,0,3900,3626,1800,1795,4211505d27680b8b,359,359,0,0,226,133,7.533333333333333,68,111,10.533333333333333,22,true,1826,66,136,114,76,3,2,0,0,2,2,565,428,135,6,london-link-048-a-departure,true,859,234.8066852367688,939.8666666666667,595.85,671.6604456824513,1356.1333333333334,1906.2166666666667,1831503.6450137305,1719522.4647615752,51.576743971888746,1.1517837813300311,2109496.1936674905,2104286.5417951196,1.0028813695898453,1.1903092773325137,5,0,1.4337675520216546
profile,tfl-numbat-2019-midweek,night,5,11.966666666666667,1,3,off,free-flow,virtual,4,drop-offs,60,0,0,406,47,0,140,121,19,940GZZLUEUS,0,3900,3132,1800,1795,e593d26bccbd6209,359,359,0,0,225,134,7.5,69,110,10.4,24,true,1332,62,144,114,74,5,3,0,0,2,2,841,652,181,7,london-link-048-a-departure,true,870,216.09809656453112,959.1333333333333,551.75,655.20547818013,1425.0666666666666,1613.6666666666667,1781863.2965479975,1513730.3146388459,54.06805288429645,1.1890871840747088,2118790.8096053624,2113844.8898687335,1.0027767730154546,1.1898426570345046,6,0,1.22988928516818
profile,tfl-numbat-2019-midweek,night,4.615385,13.033333333333333,1,1,off,free-flow,virtual,4,drop-offs,63,0,0,463,52,0,166,148,18,940GZZLUEUS,0,3900,3761,1800,1798.6,86aba24f394e3624,391,391,0,0,250,141,8.333333333333334,84,111,11.066666666666666,30,true,1961,60,143,114,78,5,2,0,0,2,2,624,472,150,7,london-link-063-a-arrival,true,990.4,215.07186700767264,1008.25,593.8333333333334,641.4786445012787,1257.2833333333333,1979.9666666666667,1898997.7023767428,1627417.4543294876,53.85065620437213,1.1797641398235177,2240369.39074207,2232006.455069236,1.004177688426078,1.228183917662986,10,0,1.4630809718320201
profile,tfl-numbat-2019-midweek,night,4.615385,13.033333333333333,1,2,off,free-flow,virtual,4,drop-offs,73,7,5,400,38,0,170,149,21,940GZZLUEUS,0,3900,3576,1800,1798.6,09112042b1d9f956,391,391,0,0,234,157,7.8,70,125,10.933333333333334,32,true,1776,70,162,114,72,4,3,0,1,2,1,513,433,79,6,london-link-048-a-departure,true,896.4,247.49727195225918,1158.0333333333333,635.4833333333333,678.2852088661551,1394.3666666666666,2008.6,1869655.2147550196,1755577.5788666275,51.57338359193241,1.2140915728609578,2269932.640267916,2260763.634045649,1.0042551477165773,1.2718137438468866,10,0,0.6145360988086526
profile,tfl-numbat-2019-midweek,night,4.615385,13.033333333333333,1,3,off,free-flow,virtual,4,drop-offs,86,3,6,423,44,0,146,125,21,940GZZLUEUS,0,3900,3399,1800,1798.6,de8c84346b576f9d,391,391,0,0,233,158,7.766666666666667,73,122,10.666666666666666,36,true,1599,78,167,114,69,3,3,0,1,2,2,531,418,110,6,london-link-022-a-arrival,true,997.4,252.7332907075874,1001.7166666666667,669.3166666666667,694.1091219096335,1410.2333333333333,1710.0833333333333,1816765.6845374538,1729149.1278277016,51.23545772171711,1.2785020304063957,2322738.616341528,2308198.3613001863,1.0072253611580457,1.221104619462378,14,0,0.8889865091384114
profile,tfl-numbat-2019-midweek,night,4.2857140000000005,14,1,1,off,free-flow,virtual,4,drop-offs,88,2,8,473,60,0,172,152,20,940GZZLUEUS,0,3900,3767,1800,1799,def6a6a41e8ad6fd,420,420,0,0,262,158,8.733333333333333,94,116,11.2,42,true,1967,78,159,114,75,3,2,0,0,2,1,783,625,153,6,london-link-048-a-arrival,true,992,238.02781746031744,1026.2666666666667,710.65,666.0428571428571,1352.5833333333333,2001.7,1979313.240033216,1789994.9793854458,52.51131307957842,1.2200099575414172,2414781.861775961,2401805.7205081712,1.0062645763932512,1.3847312352602879,13,0,1.0912221181355546
profile,tfl-numbat-2019-midweek,night,4.2857140000000005,14,1,2,off,free-flow,virtual,4,drop-offs,83,2,7,418,49,0,176,156,20,940GZZLUEUS,0,3900,3674,1800,1799,5d8b702387ea3569,420,420,0,0,252,168,8.4,81,129,11.4,39,true,1874,74,168,114,74,4,2,0,0,2,2,544,342,202,6,london-link-048-a-departure,true,993,252.6395238095238,1030.9166666666667,668.85,681.439007936508,1347.3333333333333,1895.9,1938905.0318791973,1853575.2799519068,51.124986089724636,1.250684100243894,2424957.6951077715,2418577.6157660517,1.002505028499602,1.2279764331400824,8,0,0.7082377717195321
profile,tfl-numbat-2019-midweek,night,4.2857140000000005,14,1,3,off,free-flow,virtual,4,drop-offs,95,10,11,453,48,0,155,137,18,940GZZLUEUS,0,3900,3425,1800,1799,543bacff6e8e87de,420,420,0,0,251,169,8.366666666666667,79,131,11.466666666666667,38,true,1625,83,179,114,74,4,2,0,0,2,1,378,299,79,7,london-link-048-a-departure,true,956,261.61281746031744,992.65,739.85,699.6146428571429,1456.0666666666666,1835.0666666666666,1959422.7007608383,1768759.4133712756,52.557054370638596,1.2653490798904863,2479353.7113672565,2462410.6916881935,1.0071711719975676,1.2700282542237022,17,0,0.9260449216239934
profile,tfl-numbat-2019-midweek,night,4,14.966666666666667,1,1,off,free-flow,virtual,4,drop-offs,113,1,9,506,65,0,179,161,18,940GZZLUEUS,0,3900,3482,1800,1796,496c456e64d1b538,449,449,0,0,277,172,9.233333333333333,96,128,12.066666666666666,44,true,1682,84,174,114,79,3,2,0,0,2,1,533,430,97,6,london-link-048-a-departure,true,983,239.9304380103935,1149.3166666666666,747.4,671.5366740905716,1377.05,1857.8166666666666,1999742.7498390824,1840832.1788547707,52.06883831112176,1.3010381962297537,2601741.6999976556,2583224.204825037,1.0076530654279672,1.365398728644671,17,0,0.7791015784811433
profile,tfl-numbat-2019-midweek,night,4,14.966666666666667,1,2,off,free-flow,virtual,4,drop-offs,108,6,9,443,55,0,174,154,20,940GZZLUEUS,0,3900,3740,1800,1796,916284cd6b4ace08,449,449,0,0,273,176,9.1,87,137,12.4,39,true,1940,83,179,114,78,3,2,0,1,2,2,298,234,64,7,london-link-063-b-arrival,true,1079,255.76484780994804,1090.55,815.6333333333333,679.2038975501114,1407.1333333333334,2015.6333333333334,2004550.7219526612,1945202.1695229483,50.75129449943311,1.2804678550688489,2566762.7631415115,2552902.748473809,1.0051658579723743,1.2370832310183666,16,0,0.4158299779079486
profile,tfl-numbat-2019-midweek,night,4,14.966666666666667,1,3,off,free-flow,virtual,4,drop-offs,121,12,12,419,47,0,160,139,21,940GZZLUEUS,0,3900,3498,1800,1796,b5e14fc27a619533,449,449,0,0,261,188,8.7,89,135,11.466666666666667,53,true,1698,91,192,114,69,6,2,0,0,2,1,1025,613,412,7,london-link-048-a-departure,true,897,278.2533407572383,1048.6666666666667,748.7,720.6026726057906,1494.7,1791.3833333333334,1982744.2020566377,1872024.554550585,51.4361386440662,1.3407134694275602,2658291.8579507535,2637159.4824900166,1.0081821013351686,1.2232852067943651,22,0,1.5972305712123676
profile,tfl-numbat-2019-midweek,am-peak,60,0.9666666666666667,1,1,off,free-flow,virtual,4,drop-offs,0,0,0,0,0,0,0,0,0,940GZZLUEUS,0,3900,2434,1800,1740,91f17b3654b28322,29,29,0,0,23,6,0.7666666666666667,7,7,1.0666666666666667,-1,true,634,2,9,9,9,0,1,0,0,2,1,0,0,0,2,940GZZLUBNK-01-arrival,true,0,15.32183908045977,205.88333333333333,111.53333333333333,446.6649425287356,757.05,826.5333333333333,170038.47935630876,26973.178481395626,86.30884142723383,1,170038.47935483302,170038.47935483302,1,1,0,0,0
profile,tfl-numbat-2019-midweek,am-peak,60,0.9666666666666667,1,2,off,free-flow,virtual,4,drop-offs,0,0,0,0,0,0,0,0,0,940GZZLUEUS,0,3900,2352,1800,1740,13a4fdcb6e345e29,29,29,0,0,22,7,0.7333333333333333,9,5,0.8666666666666667,2,true,552,3,8,8,8,0,1,0,0,1,1,0,0,0,1,940GZZLUBKF-01-departure,true,0,35.66149425287357,161.31666666666666,126.98333333333333,390.50632183908044,765.3166666666667,971.75,139007.43371350633,52748.269490098595,72.49194229488401,1,139007.43371262972,139007.43371262972,1,1,0,0,0
profile,tfl-numbat-2019-midweek,am-peak,60,0.9666666666666667,1,3,off,free-flow,virtual,4,drop-offs,0,0,0,0,0,0,0,0,0,940GZZLUEUS,0,3900,2652,1800,1740,2a25d7a620a8b34d,29,29,0,0,20,9,0.6666666666666666,7,7,0.8666666666666667,2,true,852,2,10,10,9,1,0,0,0,1,1,8,7,1,2,940GZZLUOXC-01-arrival,true,0,40.935057471264365,207.15,205.88333333333333,460.2614942528736,821.8833333333333,911.8333333333334,165121.07575321395,77354.64328737644,68.09798375134325,1,165121.07575183813,165121.07575183813,1,1,0,0,0
profile,tfl-numbat-2019-midweek,am-peak,30,1.9666666666666666,1,1,off,free-flow,virtual,4,drop-offs,0,0,0,0,0,0,0,0,0,940GZZLUEUS,0,3900,2416,1800,1770,b005b6d375179000,59,59,0,0,48,11,1.6,16,13,2.1333333333333333,-2,true,616,2,18,18,17,1,1,0,0,2,1,1,1,0,3,london-link-087-a-arrival,true,88,22.951412429378532,207.15,136.5,421.20593220338986,757.05,826.5333333333333,318439.65233857644,83579.30168585772,79.210109162968,1,318439.65233473416,318439.65233473416,1,1,0,0,0
profile,tfl-numbat-2019-midweek,am-peak,30,1.9666666666666666,1,2,off,free-flow,virtual,4,drop-offs,0,0,0,1,0,0,1,1,0,940GZZLUEUS,0,3900,2522,1800,1770,81208d9b58d5f9ff,59,59,0,0,44,15,1.4666666666666666,19,10,1.6666666666666667,5,true,722,5,17,17,16,1,1,0,0,1,1,9,8,1,3,london-link-075-a-arrival,true,211,47.07118644067796,240.4,176.01666666666668,422.4737288135593,781.2333333333333,971.75,299285.06624609604,154044.9133985241,66.01925301316166,1,299285.0662425115,299285.0662425115,1,1,0,0,0
profile,tfl-numbat-2019-midweek,am-peak,30,1.9666666666666666,1,3,off,free-flow,virtual,4,drop-offs,0,0,0,1,0,0,1,0,1,940GZZLUEUS,0,3900,2632,1800,1770,dbc46e79bcf53e4f,59,59,0,0,44,15,1.4666666666666666,15,14,1.9333333333333333,1,true,832,5,21,20,20,1,0,0,0,1,1,12,10,2,3,london-link-070-a-departure,true,103,58.93022598870057,271.8833333333333,245.75,470.46666666666664,891.7333333333333,947.7,329065.43679483025,194231.391368696,62.8831323036416,1,329065.4367908913,329065.4367908913,1,1,0,0,0
profile,tfl-numbat-2019-midweek,am-peak,20,2.966666666666667,1,1,off,free-flow,virtual,4,drop-offs,0,0,0,1,0,0,1,1,0,940GZZLUEUS,0,3900,2697,1800,1780,66f80c9375c76554,89,89,0,0,68,21,2.2666666666666666,22,22,3.066666666666667,-1,true,897,6,27,27,24,1,1,0,0,2,1,8,5,3,3,london-link-070-a-departure,true,352,53.92378277153558,391.53333333333336,207.15,460.77546816479406,842.0833333333334,951.7833333333333,490565.84760020924,229479.91170061615,68.12981553791187,1,490565.8475936576,490565.8475936576,1,1,0,0,0
profile,tfl-numbat-2019-midweek,am-peak,20,2.966666666666667,1,2,off,free-flow,virtual,4,drop-offs,1,0,0,2,0,0,2,1,1,940GZZLUEUS,0,3900,2717,1800,1780,e9fa7be6e6bf2313,89,89,0,0,65,24,2.1666666666666665,25,19,2.6666666666666665,5,true,917,8,28,27,22,1,1,0,0,2,1,14,11,3,3,london-link-049-a-departure,true,282,74.69662921348315,356.85,273.21666666666664,455.4582397003745,828.8,1036.6333333333334,454686.0888934219,235163.38475319502,65.91091336054855,1.0078800404511374,458269.03366033616,457473.89123383217,1.0009954772589245,1.0885974760442667,1,0,0
profile,tfl-numbat-2019-midweek,am-peak,20,2.966666666666667,1,3,off,free-flow,virtual,4,drop-offs,0,0,0,3,0,0,3,1,2,940GZZLUEUS,0,3900,2503,1800,1780,06bdf1662b8a1f89,89,89,0,0,66,23,2.2,21,23,3,0,true,703,8,29,29,26,1,2,0,0,1,1,10,9,1,3,london-link-070-a-departure,true,272,73.54550561797753,386.1666666666667,258.31666666666666,466.6220973782772,862.5166666666667,1038.1833333333334,473934.72717816423,235606.73304839572,66.7945079667134,1,473934.72717189684,473934.72717189684,1,1,0,0,0
profile,tfl-numbat-2019-midweek,am-peak,15,3.966666666666667,1,1,off,free-flow,virtual,4,drop-offs,0,0,0,4,0,0,4,1,3,940GZZLUEUS,0,3900,2528,1800,1785,a78b0f070e897eab,119,119,0,0,86,33,2.8666666666666667,26,33,4,0,true,728,12,35,35,32,1,2,0,0,2,1,27,21,6,3,940GZZLUKSX-01-arrival,true,182,66.19313725490196,433.7,256.26666666666665,462.0403361344538,885.4333333333333,997.9,637674.0092436471,298034.1403438079,68.14881429907302,1,637674.0092624289,637674.0092624289,1,1,0,0,0
profile,tfl-numbat-2019-midweek,am-peak,15,3.966666666666667,1,2,off,free-flow,virtual,4,drop-offs,2,0,0,6,0,0,6,2,4,940GZZLUEUS,0,3900,2853,1800,1785,5a5f0ba061327b6a,119,119,0,0,83,36,2.7666666666666666,32,27,3.4,9,true,1053,14,38,37,29,1,1,0,0,2,1,40,34,6,4,london-link-013-a-arrival,true,219,96.43151260504202,548.5666666666667,368.55,495.18767507002804,974.75,1397.8333333333333,634517.6908457954,351067.37888148427,64.37979940395934,1.011495793766631,641811.9753792455,640089.2376034359,1.0026785523401271,1.2062491145175098,2,0,0.016649785634009963
profile,tfl-numbat-2019-midweek,am-peak,15,3.966666666666667,1,3,off,free-flow,virtual,4,drop-offs,0,0,0,4,0,0,4,1,3,940GZZLUEUS,0,3900,2762,1800,1785,c3c03c914bb6c564,119,119,0,0,89,30,2.966666666666667,27,32,4.133333333333334,-2,true,962,13,35,35,30,2,2,0,0,2,1,39,31,8,4,london-link-081-a-departure,true,312,92.78697478991597,391.53333333333336,291.23333333333335,492.78935574229695,908.8166666666667,1246.1666666666667,644545.7968098928,333229.9738274521,65.91959180884157,1,644545.7968304347,644545.7968304347,1,1,0,0,0
profile,tfl-numbat-2019-midweek,am-peak,12,4.966666666666667,1,1,off,free-flow,virtual,4,drop-offs,1,0,0,7,0,0,7,1,6,940GZZLUEUS,0,3900,2819,1800,1788,f2c28309e2ce7687,149,149,0,0,112,37,3.7333333333333334,32,42,5.333333333333333,-5,true,1019,15,45,45,38,2,2,0,0,2,1,60,51,9,4,london-link-030-a-arrival,true,279,78.98747203579418,463.68333333333334,271.8833333333333,487.265548098434,885.4333333333333,1212.25,821161.3183375427,396619.33936218213,67.43097068799241,1.0029070918390026,823548.5097655542,822790.953963216,1.0010539799070544,1.157043006151102,1,0,0.37065741146342285
profile,tfl-numbat-2019-midweek,am-peak,12,4.966666666666667,1,2,off,free-flow,virtual,4,drop-offs,1,0,0,11,0,0,12,5,7,940GZZLUEUS,0,3900,2596,1800,1788,4f469d7049de7204,149,149,0,0,107,42,3.566666666666667,38,36,4.6,6,true,796,15,47,47,41,1,1,0,0,2,1,31,24,7,3,940GZZLUWLO-01-arrival,true,150,101.47673378076063,533.1166666666667,295.23333333333335,500.4052572706935,894.9833333333333,1377.3833333333334,800641.0051135638,409544.401410982,66.15854073243814,1.004381420324904,804148.949942654,803353.80751615,1.000553209436041,1.0824282059701054,1,0,0
profile,tfl-numbat-2019-midweek,am-peak,12,4.966666666666667,1,3,off,free-flow,virtual,4,drop-offs,0,0,0,9,0,0,9,2,7,940GZZLUEUS,0,3900,2742,1800,1788,fb7bde77c7f4ae02,149,149,0,0,102,47,3.4,34,40,4.533333333333333,7,true,942,19,48,47,37,1,2,0,0,1,2,28,20,8,4,london-link-057-b-departure,true,466,109.87885906040268,477.73333333333335,405,503.0734899328859,907.3666666666667,1323.9833333333333,792965.537800214,405558.6763519258,66.16182872543578,1,792965.5378546047,792965.5378546047,1,1,0,0,0
profile,tfl-numbat-2019-midweek,am-peak,10,5.966666666666667,1,1,off,free-flow,virtual,4,drop-offs,1,0,0,12,0,0,12,1,11,940GZZLUEUS,0,3900,2689,1800,1790,523cd75d5a7198e9,179,179,0,0,128,51,4.266666666666667,45,44,5.533333333333333,7,true,889,16,54,54,43,1,2,0,0,2,2,87,70,17,4,london-link-017-a-arrival,true,289,95.53780260707636,450.8833333333333,299.95,502.39757914338924,918.0166666666667,1323.1666666666667,981737.2023816278,467627.90176867554,67.73567264524252,1.0030465857768345,984728.1490764457,983928.667994653,1.0009875298360693,1.1767678406564142,1,0,0
profile,tfl-numbat-2019-midweek,am-peak,10,5.966666666666667,1,2,off,free-flow,virtual,4,drop-offs,0,0,0,17,1,0,15,5,10,940GZZLUEUS,0,3900,3042,1800,1790,1b0e7b93da5a461c,179,179,0,0,122,57,4.066666666666666,41,48,5.4,9,true,1242,20,57,57,47,1,2,0,0,2,1,76,65,11,4,london-link-072-a-arrival,true,246,112.00772811918064,541.3833333333333,392.18333333333334,523.835009310987,999.4333333333333,1441.95,996777.3200693368,509326.55710982234,66.18250807084037,1,996777.3201702276,996777.3201702276,1,1,0,0,0.2757569710273761
profile,tfl-numbat-2019-midweek,am-peak,10,5.966666666666667,1,3,off,free-flow,virtual,4,drop-offs,1,0,0,18,0,0,17,6,11,940GZZLUEUS,0,3900,2547,1800,1790,03cb8a2c06b5ed7f,179,179,0,0,124,55,4.133333333333334,42,47,5.466666666666667,8,true,747,19,61,60,45,4,2,0,0,2,2,1701,100,783,4,london-link-075-b-departure,true,282,113.69618249534452,488.3833333333333,375.9166666666667,502.00716945996277,889.4,1300.0166666666667,933317.4969878626,415586.9103445753,69.19078119357394,1.005098038236726,938075.5853607473,937327.5506177747,1.0004860613104136,1.0870049745640236,1,0,0.00994965474698028
profile,tfl-numbat-2019-midweek,am-peak,8.571429,7,1,1,off,free-flow,virtual,4,drop-offs,2,0,0,20,0,0,19,2,17,940GZZLUEUS,0,3900,3025,1800,1799,1cdd19da9c40d2c2,210,210,0,0,142,68,4.733333333333333,50,55,6.133333333333334,13,true,1225,23,68,67,48,1,2,0,0,2,1,80,61,19,4,london-link-017-a-arrival,true,479,118.63436507936508,607.3,362.2,531.5479365079365,1024.2166666666667,1355.4833333333333,1158885.45381099,591182.9409811684,66.2194378950899,1.0118955031886214,1172670.9795067678,1170877.699605775,1.0008939687209382,1.1092624286679245,2,0,0.2325817353094976
profile,tfl-numbat-2019-midweek,am-peak,8.571429,7,1,2,off,free-flow,virtual,4,drop-offs,1,0,0,22,0,0,20,7,13,940GZZLUEUS,0,3900,2763,1800,1799,b57b46766d35932b,210,210,0,0,144,66,4.8,48,57,6.4,9,true,963,24,69,69,58,1,2,0,0,2,1,71,54,17,4,940GZZLUWLO-01-arrival,true,208,111.94039682539683,553.9333333333333,362.2,519.6289682539682,959.1333333333333,1408.5666666666666,1150798.9550452908,528148.7092972398,68.542872388815,1.0064043500271957,1158169.0744508996,1157418.3186499553,1.0004219028977983,1.088599608537648,1,0,0.31241355744667004
profile,tfl-numbat-2019-midweek,am-peak,8.571429,7,1,3,off,free-flow,virtual,4,drop-offs,1,0,0,21,0,0,20,6,14,940GZZLUEUS,0,3900,2786,1800,1799,4467f8d100e65ee9,210,210,0,0,148,62,4.933333333333334,49,56,6.6,6,true,986,23,69,69,54,2,2,0,0,2,2,92,72,20,5,940GZZLUWLO-01-arrival,true,314,119.33785714285713,511.71666666666664,356.43333333333334,509.713492063492,945.3666666666667,1246.1666666666667,1105778.0204878408,500924.15840821114,68.8228369272275,1.0020814452073137,1108079.6369464037,1107182.2862450127,1.0007608774438925,1.1597842632174205,1,0,0
profile,tfl-numbat-2019-midweek,am-peak,7.5,7.966666666666667,1,1,off,free-flow,virtual,4,drop-offs,3,0,0,28,0,0,26,2,24,940GZZLUEUS,0,3900,2812,1800,1792.5,c5bb3efd32d68016,239,239,0,0,159,80,5.3,55,64,6.933333333333334,16,true,1012,31,80,78,56,2,3,0,0,2,2,148,107,41,5,london-link-072-a-arrival,true,317.5,130.35969316596933,601.9333333333333,395.31666666666666,544.3989539748954,994.2833333333333,1348.6666666666667,1324968.2545093738,668072.7036324472,66.47973033854187,1.0098918898828602,1338074.6946218857,1335773.5669824155,1.0023170601521247,1.3271664450883998,3,0,0.02877895025352885
profile,tfl-numbat-2019-midweek,am-peak,7.5,7.966666666666667,1,2,off,free-flow,virtual,4,drop-offs,2,0,0,28,1,0,25,7,18,940GZZLUEUS,0,3900,2601,1800,1792.5,68d8ac9c4adb685f,239,239,0,0,166,73,5.533333333333333,54,65,7.466666666666667,8,true,801,26,84,80,69,2,2,0,0,2,2,107,82,25,4,940GZZLUWLO-01-arrival,true,153.5,119.2626220362622,562.3166666666667,363.06666666666666,513.8575313807531,958.3666666666667,1411.5833333333333,1268619.1041582236,595965.6718932686,68.03761998125364,1.0046452702207047,1274512.1827599262,1274512.1827599262,1,1,0,0,0
profile,tfl-numbat-2019-midweek,am-peak,7.5,7.966666666666667,1,3,off,free-flow,virtual,4,drop-offs,6,0,0,28,0,0,26,9,17,940GZZLUEUS,0,3900,2827,1800,1792.5,e058693e89b7cdb5,239,239,0,0,168,71,5.6,55,64,7.533333333333333,7,true,1027,27,76,74,58,2,3,0,0,2,2,93,72,21,4,940GZZLUWLO-diverge,true,311.5,121.47768479776848,533.4666666666667,354.6166666666667,511.7939330543933,955.1,1242.25,1240375.3437835206,600456.7999176258,67.38123016961464,1.0151318621580279,1259144.5325726792,1253669.3296993321,1.004423339007187,1.2428431128234836,6,0,0.01779069250270567
profile,tfl-numbat-2019-midweek,am-peak,6.666667,8.966666666666667,1,1,off,free-flow,virtual,4,drop-offs,4,0,0,49,0,0,40,4,36,940GZZLUEUS,0,3900,3047,1800,1793.3333333333333,49a37ab7a7c4d1c5,269,269,0,0,180,89,6,66,68,7.6,21,true,1247,35,93,90,61,2,4,1,0,2,2,117,88,29,5,london-link-084-a-arrival,true,497.6666666666667,145.3407063197026,637.2833333333333,428.3333333333333,548.355638166047,985.7666666666667,1392.6833333333334,1441522.9843158815,735702.6556036378,66.20916812136967,1.0164016218724437,1465166.2992348585,1462740.8914668586,1.0013212294955154,1.187096609609939,3,0,0.0037633127187425516
profile,tfl-numbat-2019-midweek,am-peak,6.666667,8.966666666666667,1,2,off,free-flow,virtual,4,drop-offs,3,0,0,31,1,0,28,12,16,940GZZLUEUS,0,3900,2717,1800,1793.3333333333333,5298a0fc6c131c1b,269,269,0,0,190,79,6.333333333333333,56,78,8.933333333333334,1,true,917,32,92,88,71,1,2,0,1,2,2,145,119,26,4,london-link-020-a-departure,true,436.6666666666667,131.8541511771995,567.6833333333333,365.3333333333333,531.305142503098,962.45,1422.3166666666666,1438223.393576534,658250.599695554,68.60201453450017,1.009545681665416,1451952.2162666284,1449451.5292867548,1.00179195943034,1.3092587288541757,3,0,0
profile,tfl-numbat-2019-midweek,am-peak,6.666667,8.966666666666667,1,3,off,free-flow,virtual,4,drop-offs,3,0,0,44,0,0,36,8,28,940GZZLUEUS,0,3900,3103,1800,1793.3333333333333,211dd28cc9405e83,269,269,0,0,189,80,6.3,64,70,8.333333333333334,10,true,1303,32,86,85,62,3,3,0,0,1,1,213,179,34,5,940GZZLUWLO-01-arrival,true,452.6666666666667,138.17193308550185,631.9166666666666,399,530.6604708798017,992.75,1489.1333333333334,1415938.7656386683,675523.5665770731,67.70089730177409,1.006501244647541,1425144.1299761403,1422683.763646423,1.0015475683007224,1.1843623158757828,3,0,0.007822787780805486
profile,tfl-numbat-2019-midweek,am-peak,6,9.966666666666667,1,1,off,free-flow,virtual,4,drop-offs,7,0,0,62,2,0,47,7,40,940GZZLUEUS,0,3900,2904,1800,1794,ec993b94e97e8c08,299,299,0,0,199,100,6.633333333333334,67,82,8.8,18,true,1104,43,103,99,67,2,3,0,0,2,2,287,236,50,6,london-link-075-a-arrival,true,291,154.9515607580825,607.3,429.06666666666666,552.7244704570792,1022.3166666666667,1354.5666666666666,1579776.6171926814,804964.595534178,66.24520131416138,1.0159593449068829,1604988.8170762847,1599432.321244175,1.0033891790887641,1.2478804537816155,7,0,0.5154344621081384
profile,tfl-numbat-2019-midweek,am-peak,6,9.966666666666667,1,2,off,free-flow,virtual,4,drop-offs,7,0,0,42,1,0,37,12,25,940GZZLUEUS,0,3900,2786,1800,1794,cff3592b57bdace5,299,299,0,0,208,91,6.933333333333334,59,90,9.933333333333334,1,true,986,35,104,101,75,2,2,0,1,2,2,237,199,38,5,940GZZLUWLO-exit,true,442,145.04554069119285,611.5166666666667,423.7,543.3542363433668,1040.7,1502.4333333333334,1584084.52993764,750955.5530518917,67.83971467888253,1.01429269707497,1606725.3702380622,1602489.5758664159,1.0023494012142147,1.1733558815581808,5,0,0.011674128380389798
profile,tfl-numbat-2019-midweek,am-peak,6,9.966666666666667,1,3,off,free-flow,virtual,4,drop-offs,3,0,0,46,0,0,40,9,31,940GZZLUEUS,0,3900,3043,1800,1794,44eaa9db7e5a8804,299,299,0,0,206,93,6.866666666666666,70,79,9.066666666666666,14,true,1243,36,100,96,71,3,3,0,0,1,1,257,217,39,5,940GZZLUWLO-01-arrival,true,392,151.1774247491639,733.2833333333333,410.18333333333334,542.8894648829432,1024.55,1590.5,1560245.1978297064,825955.1070613677,65.38617879779916,1.0110326862516765,1577458.893551603,1574951.620928904,1.001201476861237,1.1616140345585095,3,0,0.028529856494821832
profile,tfl-numbat-2019-midweek,am-peak,5.4545449999999995,11,1,1,off,free-flow,virtual,4,drop-offs,10,0,0,78,2,0,59,10,49,940GZZLUEUS,0,3900,3230,1800,1798.5,d27211c532c656cc,330,330,0,0,222,108,7.4,76,89,9.733333333333333,19,true,1430,46,117,109,75,2,3,1,1,2,2,310,252,57,5,940GZZLUWLO-01-arrival,true,589.5,168.51065656565657,831.4,450.0833333333333,571.0641919191919,1047.5333333333333,1484.55,1753752.1675977316,986081.2583305973,64.00944491738629,1.0216177346196844,1791664.3164732126,1784248.4405093037,1.0038501462189346,1.1964877401340694,9,0,0.05967595953969943
profile,tfl-numbat-2019-midweek,am-peak,5.4545449999999995,11,1,2,off,free-flow,virtual,4,drop-offs,5,0,0,71,1,0,58,16,42,940GZZLUEUS,0,3900,3023,1800,1798.5,b1938ab1a755350f,330,330,0,0,225,105,7.5,62,103,10.866666666666667,2,true,1223,42,116,113,83,2,3,0,0,1,2,188,147,40,5,london-link-041-a-departure,true,577.5,174.62429292929292,802.0166666666667,471.4,571.5520202020201,1088.7166666666667,1526.4,1758346.2456795261,1020078.3808999596,63.285727777478826,1.005735090303,1768430.520110446,1765395.757905004,1.0023528546660125,1.2649924107744963,4,0,0.12774152975395017
profile,tfl-numbat-2019-midweek,am-peak,5.4545449999999995,11,1,3,off,free-flow,virtual,4,drop-offs,7,0,0,50,0,0,41,9,32,940GZZLUEUS,0,3900,2860,1800,1798.5,8d37e544ed24f656,330,330,0,0,228,102,7.6,73,92,10.333333333333334,10,true,1060,41,110,104,77,2,3,0,0,1,2,246,195,49,6,london-link-084-a-departure,true,459.5,159.99136363636362,670.0833333333334,411.18333333333334,548.5327272727272,1029.5833333333333,1393.7166666666667,1695383.4940252597,940590.3551367279,64.31715908578704,1.019194854795534,1727926.1339575765,1723588.2711538316,1.001990004830471,1.2440008390367427,5,0,0.3473227206946454
profile,tfl-numbat-2019-midweek,am-peak,5,11.966666666666667,1,1,off,free-flow,virtual,4,drop-offs,16,0,0,101,3,0,70,12,58,940GZZLUEUS,0,3900,3477,1800,1795,03cdebea63353488,359,359,0,0,231,128,7.7,78,101,10.2,27,true,1677,61,132,114,76,3,7,1,1,2,2,311,240,65,6,london-link-031-b-departure,true,846,210.60942432683382,1015.5,576.1666666666666,609.4304085422469,1217.65,1851.9833333333333,1870370.9252763207,1271254.6758851614,59.535131257678536,1.0314219893558418,1929141.7004775824,1919488.5136882407,1.0046682223017656,1.2418167362831427,12,0,0.2024010146110947
profile,tfl-numbat-2019-midweek,am-peak,5,11.966666666666667,1,2,off,free-flow,virtual,4,drop-offs,10,0,0,69,1,0,59,18,41,940GZZLUEUS,0,3900,2928,1800,1795,1ce863a45082331f,359,359,0,0,241,118,8.033333333333333,67,112,11.6,6,true,1128,52,129,114,82,2,3,0,0,1,2,278,222,56,4,940GZZLUBXN-01-arrival,true,589,203.95626740947077,789.4666666666667,545.6,597.9699628597957,1177.0833333333333,1676.35,1877672.6582829626,1092853.8684588433,63.21009563050327,1.0153471634516487,1906489.6073736148,1898413.4427678548,1.0043566705789884,1.258231496057529,10,0,0.12862858954157688
profile,tfl-numbat-2019-midweek,am-peak,5,11.966666666666667,1,3,off,free-flow,virtual,4,drop-offs,14,0,0,69,0,0,57,11,46,940GZZLUEUS,0,3900,3203,1800,1795,274627ca8e822360,359,359,0,0,236,123,7.866666666666666,77,102,10.6,21,true,1403,57,129,114,72,3,3,0,0,2,2,427,342,85,5,940GZZLUWLO-01-arrival,true,673,212.419452181987,773.3333333333334,565.3166666666667,607.2875116063138,1192.5666666666666,1502.6333333333334,1859208.2638758163,1240860.0818464414,59.97313789682452,1.025779552096222,1907137.8200708511,1895985.7907085281,1.0055079014500552,1.3327710785494125,14,0,0.2136846085526605
profile,tfl-numbat-2019-midweek,am-peak,4.615385,13.033333333333333,1,1,off,free-flow,virtual,4,drop-offs,26,0,0,107,3,0,77,14,63,940GZZLUEUS,0,3900,3225,1800,1798.6,ea9a92c10a2e02f6,391,391,0,0,247,144,8.233333333333333,82,113,11,31,true,1425,79,148,114,79,3,5,0,1,2,1,351,289,62,5,london-link-009-a-arrival,true,606.4,241.41317135549872,870.3666666666667,613.9166666666666,643.1892583120205,1235.5,1696.3666666666666,2027216.3819049657,1314150.3584460355,60.67027475385753,1.0449238474447997,2118286.7412350154,2099604.6753855934,1.0094673662032219,1.3271664450883998,22,0,0.08746868089872026
profile,tfl-numbat-2019-midweek,am-peak,4.615385,13.033333333333333,1,2,off,free-flow,virtual,4,drop-offs,28,0,0,82,0,0,69,23,46,940GZZLUEUS,0,3900,3316,1800,1798.6,0e4f347011d2dd56,391,391,0,0,243,148,8.1,72,123,11.4,25,true,1516,78,148,114,78,2,3,0,0,1,2,373,282,87,6,london-link-017-a-departure,true,832.4,263.44305200341006,914.3333333333334,642.7666666666667,663.0997016197783,1281.6,1771.7,2016363.0447508376,1361477.1923732937,59.693854747480735,1.0447220896100038,2106539.0133796446,2082563.0081689255,1.011127397418082,1.2610911407601897,28,0,0.6275423146283672
profile,tfl-numbat-2019-midweek,am-peak,4.615385,13.033333333333333,1,3,off,free-flow,virtual,4,drop-offs,22,0,0,100,2,0,76,13,63,940GZZLUEUS,0,3900,3268,1800,1798.6,629b0a4814791cff,391,391,0,0,246,145,8.2,77,118,11.266666666666667,27,true,1468,78,147,114,74,3,3,0,1,1,1,527,443,81,6,london-link-030-a-departure,true,1041.4,260.3221653878943,1054.3666666666666,684.1,652.4583120204604,1313.8166666666666,1671.55,1978146.4648194232,1430976.7863501883,58.025079150211276,1.0417744009438386,2060782.348232345,2044386.34773021,1.0075484702934114,1.2916031263643482,18,0,0.7115503002102671
profile,tfl-numbat-2019-midweek,am-peak,4.2857140000000005,14,1,1,off,free-flow,virtual,4,drop-offs,41,0,1,91,1,0,73,10,63,940GZZLUEUS,0,3900,3314,1800,1799,24df56c9a0e2d1b9,420,420,0,0,260,160,8.666666666666666,87,123,11.533333333333333,37,true,1514,89,162,114,79,3,6,1,0,2,2,543,447,94,6,london-link-048-a-departure,true,866,264.8473015873016,1043.2333333333333,666.6,670.206746031746,1303.15,1882.2,2129254.1618295508,1399663.2043324208,60.33731994538921,1.0747556315937286,2288427.901339486,2258884.9966667467,1.0119720026310288,1.3787652122134353,33,0,0.4751805106452024
profile,tfl-numbat-2019-midweek,am-peak,4.2857140000000005,14,1,2,off,free-flow,virtual,4,drop-offs,35,0,0,80,1,0,68,20,48,940GZZLUEUS,0,3900,3447,1800,1799,ad09ad1e7b111875,420,420,0,0,259,161,8.633333333333333,80,130,11.933333333333334,31,true,1647,84,164,114,82,3,5,0,1,1,2,369,296,71,6,london-link-017-a-departure,true,963,281.37583333333333,1163.8666666666666,697.3166666666667,677.9153968253969,1268.6666666666667,1849.2333333333333,2104950.068333152,1428784.8242228127,59.567288784661294,1.0662138658003328,2244326.949502507,2220712.4355341885,1.0094250583168005,1.313454348348634,28,0,0.4388879444899473
profile,tfl-numbat-2019-midweek,am-peak,4.2857140000000005,14,1,3,off,free-flow,virtual,4,drop-offs,42,0,0,90,0,0,73,18,55,940GZZLUEUS,0,3900,3212,1800,1799,faba3276afd301f0,420,420,0,0,259,161,8.633333333333333,84,126,11.666666666666666,35,true,1412,91,162,114,76,3,4,0,0,1,2,596,481,115,7,london-link-048-a-departure,true,993,273.4579761904762,1137.95,720.6166666666667,669.6586507936508,1293.2,1710.0333333333333,2073848.370758371,1471263.2153113086,58.49881789073844,1.0772386854256917,2234029.6925224313,2204224.205050145,1.0129223340066285,1.3691964394183023,32,0,0.6110778028870544
profile,tfl-numbat-2019-midweek,am-peak,4,14.966666666666667,1,1,off,free-flow,virtual,4,drop-offs,64,4,5,110,3,0,81,8,73,940GZZLUEUS,0,3900,3522,1800,1796,e9e681de5348b2c1,449,449,0,0,260,189,8.666666666666666,93,131,11.133333333333333,58,true,1722,108,194,114,73,3,5,0,1,2,1,586,472,111,6,london-link-048-a-departure,true,851,318.0847438752784,1187.55,786.15,720.2211952487008,1342.6666666666667,2021.0166666666667,2176505.4717507907,1524730.5579620628,58.80482774614206,1.1153462394350502,2427557.1928261546,2383468.9782817517,1.0175440724285016,1.3805432059138336,44,0,0.5187150014736222
profile,tfl-numbat-2019-midweek,am-peak,4,14.966666666666667,1,2,off,free-flow,virtual,4,drop-offs,60,0,1,98,6,0,78,28,50,940GZZLUEUS,0,3900,3741,1800,1796,15fe1f6c8c9c1257,449,449,0,0,255,194,8.5,84,140,11.4,54,true,1941,102,194,114,77,4,2,0,0,2,1,436,348,87,7,london-link-017-a-departure,true,1125,316.7433184855234,1156.4,711.2333333333333,715.994840386043,1358.1833333333334,2020.9833333333333,2157604.3581089233,1443013.774256367,59.92316537859478,1.1169736779166999,2409987.2751707113,2368735.328527404,1.016461478439668,1.3866091236141063,44,0,0.5165825263309385
profile,tfl-numbat-2019-midweek,am-peak,4,14.966666666666667,1,3,off,free-flow,virtual,4,drop-offs,59,2,3,94,5,0,77,17,60,940GZZLUEUS,0,3900,3314,1800,1796,57f343b118d7dc71,449,449,0,0,259,190,8.633333333333333,88,136,11.4,54,true,1514,113,190,114,75,3,4,0,1,2,2,489,377,112,6,london-link-048-a-departure,true,840,319.918856718634,1110.75,818.7166666666667,719.4120267260579,1423.4166666666667,1942.1666666666667,2185723.449918733,1530192.2812814887,58.8205871184478,1.1035156572266367,2411980.049151012,2370531.442003044,1.0165808983992195,1.3574114792562268,45,0,0.49861943367406886
