pattern,demand_profile,demand_band,request_every_seconds,offered_per_minute,burst_size,seed,policy,routing_policy,platoon_policy,shared_ride_party_limit,sharing_mode,sharing_join,shared_parties,full_pod_refusals,full_departures,departure_backlog,departures_demand_over_four,departures_over_four_aboard,join_eligible_assigned,join_eligible_existing_stop,join_eligible_added_stop_only,reassigned_parties,focus_station,window_start_seconds,window_end_seconds,actual_end_seconds,arrival_window_seconds,arrival_end_seconds,schedule_id,scheduled,served,remaining,skipped,completed_at_arrival_end,backlog_at_arrival_end,arrival_throughput_per_minute,completed_at_arrival_midpoint,backlog_at_arrival_midpoint,late_arrival_throughput_per_minute,late_backlog_change,drained,drain_seconds,peak_pending,peak_outstanding,peak_active_vehicles,peak_passenger_vehicles,peak_stopped_vehicles,peak_focus_approaching,peak_focus_entrance_stopped,peak_focus_exit_stopped,peak_focus_occupied_berths,peak_focus_reserved_empty_berths,stopped_pod_seconds,junction_wait_seconds,track_wait_seconds,peak_node_throughput_per_minute,peak_node,queue_cleared,queue_clear_seconds,wait_average_seconds,wait_maximum_seconds,wait_p95_seconds,journey_average_seconds,journey_p95_seconds,journey_maximum_seconds,passenger_distance_meters,empty_distance_meters,loaded_distance_percent,occupancy,rider_distance_meters,direct_distance_meters,detour_ratio_mean,detour_ratio_max,intermediate_stops,positioning_moves,coupled_time_percent
profile,tfl-numbat-2019-midweek,early,3.75,15.966666666666667,1,1,off,free-flow,virtual,4,drop-offs,unassigned,203,93,39,2475,152,0,220,197,23,0,940GZZLUEUS,0,3900,3101,1800,1796.25,4a5057dbfc15af81,479,479,0,0,278,201,9.266666666666667,56,183,14.8,18,true,1301,90,204,114,65,6,2,0,0,1,2,1714,1251,462,9,london-link-069-a-departure,true,693.75,257.7989561586639,1068.0333333333333,729.2666666666667,765.8604384133612,1322.8166666666666,2032.05,1802221.1359150559,2008805.6385474075,47.28964771362057,1.7899076157236662,3225809.336245236,3075580.1817892147,1.0411797931538151,1.2797877448352946,110,0,6.185577924025619
profile,tfl-numbat-2019-midweek,early,3.75,15.966666666666667,1,1,off,free-flow,virtual,4,drop-offs,reassign-existing,291,181,74,1081,85,0,349,258,91,258,940GZZLUEUS,0,3900,2706,1800,1796.25,4a5057dbfc15af81,479,479,0,0,312,167,10.4,80,159,15.466666666666667,8,true,906,62,173,93,47,3,2,0,0,2,2,594,365,158,6,london-link-009-a-arrival,true,428.75,146.3266875434934,484.5833333333333,327.05,626.4951983298539,873.7166666666667,1456.0333333333333,1142932.324048867,1249858.1434896414,47.765666887858124,2.704793226296752,3091395.6084372615,3067930.1817892133,1.0067668608131788,1.1986408775807151,16,0,2.402342752393546
profile,tfl-numbat-2019-midweek,early,3.75,15.966666666666667,1,2,off,free-flow,virtual,4,drop-offs,unassigned,208,39,35,1944,150,0,213,195,18,0,940GZZLUEUS,0,3900,2981,1800,1796.25,3179bff5328e6a72,479,479,0,0,288,191,9.6,65,174,14.866666666666667,17,true,1181,78,199,114,74,8,2,0,0,1,2,2578,1606,972,9,london-link-069-a-departure,true,730.75,224.3519832985386,793.65,689.95,720.9720946416145,1308.85,1560.6833333333334,1711980.2246175134,1873748.1598070157,47.744280689354774,1.8129785516773564,3103783.4280377165,2965858.4576831157,1.0393909659671727,1.3120555937637968,105,0,7.7136389150128055
profile,tfl-numbat-2019-midweek,early,3.75,15.966666666666667,1,2,off,free-flow,virtual,4,drop-offs,reassign-existing,278,141,72,933,84,0,337,244,93,244,940GZZLUEUS,0,3900,2985,1800,1796.25,3179bff5328e6a72,479,479,0,0,312,167,10.4,89,150,14.866666666666667,17,true,1185,70,193,97,66,5,1,0,0,1,1,1330,1065,265,8,london-link-069-a-departure,true,593.75,153.44004871259568,627.0833333333334,408.46666666666664,624.8604384133612,972.5833333333334,1221.8,1185376.0444540288,1446148.559634916,45.04521989314311,2.529737361323758,2998690.0670553786,2965633.457683113,1.0099212837815077,1.2261850331505733,20,0,6.232735159910786
profile,tfl-numbat-2019-midweek,early,3.75,15.966666666666667,1,3,off,free-flow,virtual,4,drop-offs,unassigned,205,83,41,2086,148,0,224,199,25,0,940GZZLUEUS,0,3900,2966,1800,1796.25,63085c511af3aaa8,479,479,0,0,284,195,9.466666666666667,68,171,14.4,24,true,1166,76,200,114,70,9,2,0,0,1,2,2914,1576,1338,9,london-link-009-a-arrival,true,617.75,231.14220598469035,799.45,707.8166666666667,737.8362908837856,1321.7833333333333,1545.1833333333334,1758010.4645347816,1880244.4254348904,48.3201567152827,1.8095452331949309,3181199.455881358,3025158.4328348585,1.0425348673975352,1.3091748577522084,110,0,7.9195754967105385
profile,tfl-numbat-2019-midweek,early,3.75,15.966666666666667,1,3,off,free-flow,virtual,4,drop-offs,reassign-existing,287,168,71,1288,86,0,356,258,98,258,940GZZLUEUS,0,3900,2669,1800,1796.25,63085c511af3aaa8,479,479,0,0,309,170,10.3,87,152,14.8,18,true,869,66,177,95,54,5,1,0,0,1,1,1235,941,294,9,london-link-069-b-arrival,true,304.75,155.6679888656924,449.3333333333333,323.5,633.7143006263049,898.0333333333333,965.2,1150098.9763977523,1288597.1636996511,47.16040500034647,2.654546172964289,3052990.8365418967,3023133.43283486,1.0090372397169356,1.225225740210285,19,0,6.527281154813932
profile,tfl-numbat-2019-midweek,early,3.5294119999999998,17.033333333333335,1,1,off,free-flow,virtual,4,drop-offs,unassigned,227,113,49,2474,155,0,226,203,23,0,940GZZLUEUS,0,3900,3238,1800,1797.0166666666667,8ac824247342c807,511,511,0,0,296,215,9.866666666666667,58,197,15.866666666666667,18,true,1438,102,218,114,71,6,2,0,0,1,2,2304,1647,652,9,london-link-069-b-arrival,true,799.9833333333333,263.1904109589041,916.8,728.5833333333334,774.4526744944553,1357.15,1886.1666666666667,1867358.1654009332,2068973.718364553,47.43904275710164,1.850725261224806,3455966.9282867117,3284125.5177765414,1.0430228379770374,1.3057887597142892,125,0,5.694922869552194
profile,tfl-numbat-2019-midweek,early,3.5294119999999998,17.033333333333335,1,1,off,free-flow,virtual,4,drop-offs,reassign-existing,310,211,83,1223,93,0,364,268,96,268,940GZZLUEUS,0,3900,2936,1800,1797.0166666666667,8ac824247342c807,511,511,0,0,335,176,11.166666666666666,84,171,16.733333333333334,5,true,1136,58,199,93,54,4,2,0,0,2,2,968,506,277,7,london-link-009-a-arrival,true,498.98333333333335,147.17775603392042,752.5,344.6,630.0513698630137,912.7333333333333,1412.6,1235703.4895836075,1379316.7204022845,47.254070345799505,2.678917222652305,3310347.3605044647,3278950.5177765433,1.0085287597440609,1.2944557345005967,25,0,2.183261317831867
profile,tfl-numbat-2019-midweek,early,3.5294119999999998,17.033333333333335,1,2,off,free-flow,virtual,4,drop-offs,unassigned,242,98,51,2179,156,0,218,199,19,0,940GZZLUEUS,0,3900,2961,1800,1797.0166666666667,0d18422ae1921e31,511,511,0,0,295,216,9.833333333333334,66,189,15.266666666666667,27,true,1161,90,216,114,81,11,2,0,0,1,2,4424,2390,2033,10,london-link-069-b-departure,true,533.9833333333333,239.06474233529028,874,762,748.8464774951076,1423.9166666666667,1676.9833333333333,1749686.5825964112,1910163.6893336696,47.807600109107355,1.923494166443738,3365511.9346100735,3178909.9518348295,1.0518847376282523,1.4743958169231812,128,0,10.669810440487213
profile,tfl-numbat-2019-midweek,early,3.5294119999999998,17.033333333333335,1,2,off,free-flow,virtual,4,drop-offs,reassign-existing,310,179,80,1136,90,0,363,272,91,272,940GZZLUEUS,0,3900,3016,1800,1797.0166666666667,0d18422ae1921e31,511,511,0,0,324,187,10.8,90,165,15.6,22,true,1216,68,201,99,59,7,2,0,0,2,2,1475,899,576,11,london-link-069-a-departure,true,623.9833333333333,150.5916177429876,627.4333333333333,334.06666666666666,627.796771037182,938.3166666666667,1260.3333333333333,1191582.843396313,1436389.724243895,45.34228621976434,2.68550886303733,3200006.287172807,3175309.9518348323,1.0081453542434866,1.3288116553894662,20,0,5.2935968104326285
profile,tfl-numbat-2019-midweek,early,3.5294119999999998,17.033333333333335,1,3,off,free-flow,virtual,4,drop-offs,unassigned,234,138,49,2531,154,0,224,201,23,0,940GZZLUEUS,0,3900,3026,1800,1797.0166666666667,271eb81aaecbf06b,511,511,0,0,292,219,9.733333333333333,67,188,15,31,true,1226,104,219,114,75,10,2,0,0,1,2,5171,2538,2633,12,london-link-108-b-departure,true,657.9833333333333,248.61203522504894,843.1666666666666,774.8166666666667,769.101630789302,1419.0833333333333,1755.9166666666667,1820000.0097636809,1901093.3237036904,48.91035635668341,1.879996364481389,3421593.4015633743,3232602.4287058897,1.0492490139161348,1.3276378244104443,133,0,10.67795239317652
profile,tfl-numbat-2019-midweek,early,3.5294119999999998,17.033333333333335,1,3,off,free-flow,virtual,4,drop-offs,reassign-existing,310,185,80,1244,86,0,367,266,101,266,940GZZLUEUS,0,3900,2929,1800,1797.0166666666667,271eb81aaecbf06b,511,511,0,0,332,179,11.066666666666666,91,164,16.066666666666666,15,true,1129,64,188,99,52,4,1,0,0,1,1,1137,905,231,8,london-link-010-a-departure,true,492.98333333333335,144.8704827136334,563.2666666666667,302.31666666666666,624.3667645140248,873.4666666666667,1131.75,1216139.9766183319,1382140.6791150242,46.80556636307944,2.6919185545623407,3273749.7681813827,3228627.4287058907,1.0126266985813388,1.311286479601263,28,0,4.494236161595182
profile,tfl-numbat-2019-midweek,early,3.333333,18.066666666666666,1,1,off,free-flow,virtual,4,drop-offs,unassigned,246,126,48,2921,167,0,237,212,25,0,940GZZLUEUS,0,3900,3269,1800,1797.6333333333334,a6dbd9560295f647,542,542,0,0,323,219,10.766666666666667,69,202,16.933333333333334,17,true,1469,113,233,114,72,10,2,0,0,1,2,4991,2510,2480,11,london-link-069-b-arrival,true,841.3666666666667,286.750184501845,940.1,845.35,800.0427429274293,1462.2166666666667,1864.5666666666666,1969851.5718946215,2082230.9820172165,48.61331292455895,1.8470870335177192,3638487.2961887843,3476368.2997288713,1.0393596975197914,1.3597468823447698,120,0,10.740412433396001
profile,tfl-numbat-2019-midweek,early,3.333333,18.066666666666666,1,1,off,free-flow,virtual,4,drop-offs,reassign-existing,335,231,88,1541,94,0,410,308,102,308,940GZZLUEUS,0,3900,2792,1800,1797.6333333333334,a6dbd9560295f647,542,542,0,0,348,194,11.6,92,179,17.066666666666666,15,true,992,69,207,109,52,5,2,0,0,2,2,1891,791,640,7,london-link-009-a-arrival,true,483.3666666666667,159.64818573185732,762.15,331.98333333333335,640.4208794587945,914.2333333333333,1518.2666666666667,1251269.0346325124,1521326.671819162,45.12987709390445,2.792837399717867,3494590.9571934314,3470518.299728873,1.0070862977074633,1.2832286685352658,18,0,4.244393921728654
profile,tfl-numbat-2019-midweek,early,3.333333,18.066666666666666,1,2,off,free-flow,virtual,4,drop-offs,unassigned,273,158,62,2369,162,0,220,204,16,0,940GZZLUEUS,0,3900,3028,1800,1797.6333333333334,eec073b82a3b9d2b,542,542,0,0,316,226,10.533333333333333,66,205,16.666666666666668,21,true,1228,105,234,114,69,10,2,0,0,1,2,5147,2574,2573,15,london-link-010-a-departure,true,648.3666666666667,240.10922509225094,838.7,710.7166666666667,762.0380381303812,1374.2166666666667,1750.4166666666667,1768547.4303874164,1935014.1182560204,47.75261345488401,2.023031409556614,3577827.0008446,3378677.064232623,1.0507557110790409,1.3756572630065167,136,0,9.357427873655638
profile,tfl-numbat-2019-midweek,early,3.333333,18.066666666666666,1,2,off,free-flow,virtual,4,drop-offs,reassign-existing,335,203,88,1167,96,0,388,301,87,301,940GZZLUEUS,0,3900,2922,1800,1797.6333333333334,eec073b82a3b9d2b,542,542,0,0,369,173,12.3,100,171,17.933333333333334,2,true,1122,69,208,102,62,4,2,0,0,1,2,938,753,185,7,london-link-009-a-arrival,true,508.3666666666667,139.27346248462484,550.6333333333333,320.98333333333335,610.3952029520295,890.3166666666667,1173.2833333333333,1225611.0106404673,1471477.42422832,45.44200311696835,2.7787090890185784,3405616.4550430938,3375977.064232625,1.0082656123236473,1.262387600009184,19,0,3.183806836690204
profile,tfl-numbat-2019-midweek,early,3.333333,18.066666666666666,1,3,off,free-flow,virtual,4,drop-offs,unassigned,264,153,65,2958,170,0,222,203,19,0,940GZZLUEUS,0,3900,3157,1800,1797.6333333333334,5f07d34df782f087,542,542,0,0,305,237,10.166666666666666,69,202,15.733333333333333,35,true,1357,108,240,114,75,13,2,0,0,1,2,4980,2517,2460,13,london-link-009-b-departure,true,620.3666666666667,262.9721402214022,909.8666666666667,808.9833333333333,780.3174661746617,1448.1,1744.2166666666667,1854535.8099096944,1978778.1309687218,48.37943978793246,1.9537358984835007,3623273.186664863,3418108.641589312,1.0514944223877547,1.4186834246647757,141,0,11.24270875359861
profile,tfl-numbat-2019-midweek,early,3.333333,18.066666666666666,1,3,off,free-flow,virtual,4,drop-offs,reassign-existing,329,214,89,1524,100,0,392,284,108,284,940GZZLUEUS,0,3900,3000,1800,1797.6333333333334,5f07d34df782f087,542,542,0,0,356,186,11.866666666666667,88,183,17.866666666666667,3,true,1200,75,202,111,57,7,2,0,0,2,2,1491,1029,460,8,london-link-033-a-departure,true,470.3666666666667,154.9222324723247,660.8,343.31666666666666,631.445541205412,925.15,1248.75,1287544.1487730886,1568816.6339722006,45.076383787051284,2.6827064911141547,3454103.0456384686,3414808.6415893156,1.0111714440805948,1.2049939138189296,23,0,6.001547082240628
profile,tfl-numbat-2019-midweek,early,3.157895,19.033333333333335,1,1,off,free-flow,virtual,4,drop-offs,unassigned,268,178,61,3431,177,0,243,219,24,0,940GZZLUEUS,0,3900,3353,1800,1798.65,efebd7f639398a7e,571,571,0,0,313,258,10.433333333333334,67,218,16.4,40,true,1553,157,264,114,68,10,2,0,0,1,2,5350,2907,2442,12,london-link-069-b-arrival,true,933.35,327.61436077057795,1034.0333333333333,950.2166666666667,848.7803561004087,1580.9166666666667,1961.6333333333334,2046053.85018716,2159279.382815955,48.65378643789498,1.891423374067204,3869954.0765897306,3670292.611974718,1.04656659810174,1.344236024478675,146,0,9.277989623054323
profile,tfl-numbat-2019-midweek,early,3.157895,19.033333333333335,1,1,off,free-flow,virtual,4,drop-offs,reassign-existing,359,256,98,1688,105,0,428,322,106,322,940GZZLUEUS,0,3900,2940,1800,1798.65,efebd7f639398a7e,571,571,0,0,376,195,12.533333333333333,90,195,19.066666666666666,0,true,1140,66,216,106,54,4,2,0,0,1,2,1067,842,221,7,london-link-010-a-departure,true,573.35,157.34433741973146,732.1,326.6,639.8102743724461,921.2166666666667,1482.9833333333333,1291126.3147873585,1588929.5281834542,44.829905570704,2.8523183350950223,3682703.2607270954,3666017.611974719,1.0046455315588685,1.192826172563563,16,0,4.559878328138495
profile,tfl-numbat-2019-midweek,early,3.157895,19.033333333333335,1,2,off,free-flow,virtual,4,drop-offs,unassigned,290,171,69,2853,173,0,231,210,21,0,940GZZLUEUS,0,3900,3176,1800,1798.65,0e78ee0c4a686601,571,571,0,0,328,243,10.933333333333334,68,217,17.333333333333332,26,true,1376,97,245,114,71,9,2,0,0,1,2,3985,2481,1504,8,london-link-009-a-arrival,true,801.35,255.01669585522475,870.05,757.3666666666667,764.5790718038529,1395.65,1601.6166666666666,1857560.3469178756,2065609.2360354632,47.34845913847842,2.02955311933571,3770017.3962501967,3564777.4418577948,1.0496132189814729,1.3939356745539018,138,0,8.952965166248168
profile,tfl-numbat-2019-midweek,early,3.157895,19.033333333333335,1,2,off,free-flow,virtual,4,drop-offs,reassign-existing,353,229,95,1488,100,0,405,307,98,307,940GZZLUEUS,0,3900,2795,1800,1798.65,0e78ee0c4a686601,571,571,0,0,368,203,12.266666666666667,114,171,16.933333333333334,32,true,995,92,240,114,75,9,2,0,0,1,2,2146,1393,751,9,london-link-010-a-departure,true,444.35,147.4239346176299,485.48333333333335,366.53333333333336,625.182866316404,967.8,1103.8666666666666,1308315.5732868041,1664561.2027679128,44.008402360459094,2.751624608975586,3599993.3278738647,3558852.441857794,1.0106491332167766,1.223996685759018,27,0,7.759435448301934
profile,tfl-numbat-2019-midweek,early,3.157895,19.033333333333335,1,3,off,free-flow,virtual,4,drop-offs,unassigned,288,166,68,2973,162,0,228,208,20,0,940GZZLUEUS,0,3900,3362,1800,1798.65,ac76d4cae69acdd8,571,571,0,0,313,258,10.433333333333334,77,208,15.733333333333333,50,true,1562,121,258,114,84,9,2,0,0,2,2,3928,2483,1439,10,london-link-009-a-arrival,true,824.35,268.25504962054873,959.0666666666667,802.9333333333333,784.7979859894922,1420.3,1862.4833333333333,1868372.5355261816,2047621.2570540195,47.71132525966374,2.036329262718459,3804621.6675562384,3599545.829775155,1.0492643074442523,1.3847312352602879,143,0,10.197632187160982
profile,tfl-numbat-2019-midweek,early,3.157895,19.033333333333335,1,3,off,free-flow,virtual,4,drop-offs,reassign-existing,349,238,95,1663,102,0,411,303,108,303,940GZZLUEUS,0,3900,2943,1800,1798.65,ac76d4cae69acdd8,571,571,0,0,370,201,12.333333333333334,104,181,17.733333333333334,20,true,1143,76,218,114,61,4,2,0,0,1,2,1591,1220,370,8,london-link-069-a-arrival,true,469.35,155.0817571511967,867.0333333333333,336.98333333333335,634.5702568593111,906.6,1279.2333333333333,1343437.2388283778,1631030.9101544025,45.16562866164197,2.7086279367068635,3638871.6363853454,3595795.829775155,1.011718002776438,1.2901397667298315,30,0,7.301030079031536
profile,tfl-numbat-2019-midweek,early,3,19.966666666666665,1,1,off,free-flow,virtual,4,drop-offs,unassigned,307,220,70,3386,172,0,230,205,25,0,940GZZLUEUS,0,3900,3177,1800,1797,2bea03014fe567b6,599,599,0,0,333,266,11.1,66,233,17.8,33,true,1377,136,269,114,69,7,2,0,0,1,2,3282,2201,1077,12,london-link-009-a-arrival,true,853,290.42943795214245,955.7666666666667,836.2333333333333,808.123121869783,1464.05,1919.7833333333333,1988100.4649237006,2083271.417372989,48.83121764357716,2.041255478945205,4058220.9664750136,3849096.480069608,1.0461422392114708,1.3339774901168295,150,0,9.283324356526139
profile,tfl-numbat-2019-midweek,early,3,19.966666666666665,1,1,off,free-flow,virtual,4,drop-offs,reassign-existing,379,260,102,2219,108,0,459,345,114,345,940GZZLUEUS,0,3900,2860,1800,1797,2bea03014fe567b6,599,599,0,0,366,233,12.2,97,202,17.933333333333334,31,true,1060,96,248,113,63,6,2,0,0,2,2,2360,1620,736,8,london-link-033-a-departure,true,464,170.91463550361715,1058.8166666666666,342.5,656.5057595993322,938.6666666666666,1810.0666666666666,1351597.3484034913,1735217.627724857,43.7861471729264,2.861723329816724,3867897.6645382456,3842121.4800696103,1.0067639079267776,1.2722489244357367,19,0,7.423092427795526
profile,tfl-numbat-2019-midweek,early,3,19.966666666666665,1,2,off,free-flow,virtual,4,drop-offs,unassigned,315,165,75,3219,175,0,230,210,20,0,940GZZLUEUS,0,3900,3295,1800,1797,ffeb3b0ca4f8ce7b,599,599,0,0,340,259,11.333333333333334,75,224,17.666666666666668,35,true,1495,112,259,114,77,12,2,0,0,1,2,5780,3100,2680,10,london-link-010-a-departure,true,862,263.996021146355,922.45,830.3,779.0567056204786,1458.3666666666666,1670.75,1893449.9839991604,2119446.643582219,47.184120592220815,2.1011563623322305,3978434.4804430325,3754093.973833678,1.05251009041543,1.3364107579747067,151,0,12.297696628114053
profile,tfl-numbat-2019-midweek,early,3,19.966666666666665,1,2,off,free-flow,virtual,4,drop-offs,reassign-existing,380,267,106,1633,113,0,432,333,99,333,940GZZLUEUS,0,3900,2995,1800,1797,ffeb3b0ca4f8ce7b,599,599,0,0,398,201,13.266666666666667,108,191,19.333333333333332,10,true,1195,81,239,114,67,7,1,0,0,1,1,1956,1369,585,11,london-link-069-a-departure,true,605,151.35998887033944,628.1,327.68333333333334,630.2215080690039,912.3666666666667,1227.5166666666667,1315602.7833102848,1697133.1619205924,43.66804151531659,2.8850416182240766,3795568.7830153876,3751318.9738336788,1.011157404823625,1.2341178709599787,25,0,7.49943216485479
profile,tfl-numbat-2019-midweek,early,3,19.966666666666665,1,3,off,free-flow,virtual,4,drop-offs,unassigned,316,202,78,3361,170,0,227,208,19,0,940GZZLUEUS,0,3900,3335,1800,1797,6e3afa6b54231d63,599,599,0,0,331,268,11.033333333333333,75,224,17.066666666666666,44,true,1535,120,272,114,76,11,2,0,0,2,2,4224,2437,1782,10,london-link-068-b-departure,true,799,266.34938786867,1011.15,842.5833333333334,786.3735670562048,1458.1666666666667,1750.2333333333333,1910910.2362813526,2096224.0937600425,47.68770095764702,2.107213757849449,4026696.3396867337,3789117.378372846,1.0536380898258972,1.344236024478675,162,0,9.259868529278227
profile,tfl-numbat-2019-midweek,early,3,19.966666666666665,1,3,off,free-flow,virtual,4,drop-offs,reassign-existing,385,273,101,1890,113,0,435,324,111,324,940GZZLUEUS,0,3900,2870,1800,1797,6e3afa6b54231d63,599,599,0,0,384,215,12.8,108,191,18.4,24,true,1070,70,235,110,61,6,2,0,0,2,2,1893,1297,591,9,london-link-068-a-arrival,true,337,154.6215080690039,618.0833333333334,316.28333333333336,641.2774902615471,898.2166666666667,1286,1323915.6072796758,1631151.673520042,44.801538559940674,2.9007091486976937,3840294.1142496793,3785292.378372848,1.0140823360977604,1.2772960448059179,38,0,6.2220689717752
profile,tfl-numbat-2019-midweek,early,2.8571429999999998,21.033333333333335,1,1,off,free-flow,virtual,4,drop-offs,unassigned,331,218,83,3724,182,0,239,215,24,0,940GZZLUEUS,0,3900,3261,1800,1798.35,434b625b8c8a1169,631,631,0,0,351,280,11.7,72,243,18.6,37,true,1461,138,281,114,77,20,2,0,0,1,2,7620,2482,5138,10,london-link-069-a-departure,true,883.65,296.80832012678286,967.05,851.8666666666667,830.3843634442684,1551.5833333333333,1874.6166666666666,2049376.4237570262,2098363.5812633447,49.40947169486245,2.09682365123102,4297180.955324867,4050446.9417274236,1.0521919274570932,1.3297819733330973,172,0,10.15292453302619
profile,tfl-numbat-2019-midweek,early,2.8571429999999998,21.033333333333335,1,1,off,free-flow,virtual,4,drop-offs,reassign-existing,416,332,114,2432,118,0,486,371,115,371,940GZZLUEUS,0,3900,2865,1800,1798.35,434b625b8c8a1169,631,631,0,0,383,248,12.766666666666667,96,219,19.133333333333333,29,true,1065,98,251,114,58,11,2,0,0,2,2,2779,1686,1089,11,london-link-010-a-arrival,true,472.65,182.55491283676704,817.85,353.21666666666664,669.7852614896989,935.3,1585.65,1349765.161722235,1786052.9008451507,43.04347812248848,3.023658838694666,4081229.361500915,4044896.941727422,1.0091113880551275,1.2796957912997233,29,0,7.882474209239524
profile,tfl-numbat-2019-midweek,early,2.8571429999999998,21.033333333333335,1,2,off,free-flow,virtual,4,drop-offs,unassigned,345,226,87,3630,185,0,231,206,25,0,940GZZLUEUS,0,3900,3188,1800,1798.35,bb328d3be25744b2,631,631,0,0,352,279,11.733333333333333,77,238,18.333333333333332,41,true,1388,131,284,114,77,11,2,0,0,1,2,6557,2674,3883,9,london-link-069-a-arrival,true,795.65,271.6902535657686,996.2833333333333,869.25,784.2746434231378,1515.25,1731.8166666666666,1908817.6183460255,2071356.2979786182,47.95814601259078,2.1972305704454445,4194112.4242161005,3948011.0691157114,1.0540236061291646,1.365398728644671,161,0,11.169561026612863
profile,tfl-numbat-2019-midweek,early,2.8571429999999998,21.033333333333335,1,2,off,free-flow,virtual,4,drop-offs,reassign-existing,404,283,108,1967,116,0,463,357,106,357,940GZZLUEUS,0,3900,2895,1800,1798.35,bb328d3be25744b2,631,631,0,0,413,218,13.766666666666667,117,198,19.733333333333334,20,true,1095,84,245,114,70,8,2,0,0,2,2,2548,1670,843,10,london-link-069-a-departure,true,474.65,156.87546222926574,502.23333333333335,333.93333333333334,638.4690966719493,927.3166666666667,1135.9333333333334,1361111.242585999,1733798.5361473933,43.97902814288308,2.9272048595759617,3984251.443793294,3947411.069115712,1.0090231923180704,1.3125586766885804,23,0,9.448082319925163
profile,tfl-numbat-2019-midweek,early,2.8571429999999998,21.033333333333335,1,3,off,free-flow,virtual,4,drop-offs,unassigned,343,247,94,3742,177,0,235,216,19,0,940GZZLUEUS,0,3900,3354,1800,1798.35,4268794f1247ff7d,631,631,0,0,345,286,11.5,77,238,17.866666666666667,48,true,1554,133,293,114,75,12,2,0,0,2,2,5949,2566,3382,10,london-link-069-a-departure,true,818.65,281.03444268357106,1112.0666666666666,868.6666666666666,804.287559429477,1523.35,1848.8,1953347.0902506432,2098805.205806581,48.205174621676115,2.18100309694015,4260256.052992883,3999420.7797204866,1.058214400118657,1.4603674047883708,166,0,11.630178001089343
profile,tfl-numbat-2019-midweek,early,2.8571429999999998,21.033333333333335,1,3,off,free-flow,virtual,4,drop-offs,reassign-existing,408,283,111,1994,113,0,466,347,119,347,940GZZLUEUS,0,3900,2966,1800,1798.35,4268794f1247ff7d,631,631,0,0,415,216,13.833333333333334,109,206,20.4,10,true,1166,70,241,114,59,4,2,0,0,2,2,1135,916,219,10,london-link-068-a-departure,true,572.65,149.91399894347597,861.65,308.4166666666667,631.8929477020603,886.8333333333334,1313.3666666666666,1375424.1626717318,1719807.4637822516,44.43687350944622,2.9401404049641675,4043940.1547114886,3995145.7797204857,1.012517218085046,1.3505208457649918,34,0,4.81487138088277
profile,tfl-numbat-2019-midweek,early,2.727273,22.066666666666666,1,1,off,free-flow,virtual,4,drop-offs,unassigned,350,261,93,4226,194,0,250,228,22,0,940GZZLUEUS,0,3900,3316,1800,1798.4333333333334,8da16a9f218be7af,662,662,0,0,370,292,12.333333333333334,73,258,19.8,34,true,1516,172,297,114,81,12,2,0,0,1,2,5583,2687,2896,14,london-link-009-b-departure,true,991.5666666666667,329.6956696878147,1083.2333333333333,970.55,856.1309667673715,1603.5333333333333,1924.5833333333333,2141825.418788197,2232188.9840175686,48.96704083585771,2.103424880093974,4505168.874386796,4244583.7873909455,1.0527641438249895,1.3597468823447698,178,0,11.60294562091738
profile,tfl-numbat-2019-midweek,early,2.727273,22.066666666666666,1,1,off,free-flow,virtual,4,drop-offs,reassign-existing,442,343,126,2941,124,0,484,371,113,371,940GZZLUEUS,0,3900,2941,1800,1798.4333333333334,8da16a9f218be7af,662,662,0,0,398,264,13.266666666666667,101,230,19.8,34,true,1141,114,265,114,64,18,2,0,0,2,2,5878,2435,3430,12,london-link-009-a-departure,true,547.5666666666667,195.85823262839878,633.1833333333333,418.45,683.9930261832831,1015.1166666666667,1547.45,1371564.6816965863,1823827.3954449813,42.92320468302334,3.1225309485199744,4282753.166581609,4239708.787390948,1.0107659970133307,1.3029730251185312,32,0,12.931885893195966
profile,tfl-numbat-2019-midweek,early,2.727273,22.066666666666666,1,2,off,free-flow,virtual,4,drop-offs,unassigned,369,245,93,4294,192,0,239,222,17,0,940GZZLUEUS,0,3900,3236,1800,1798.4333333333334,577577b215e37dd7,662,662,0,0,374,288,12.466666666666667,78,253,19.733333333333334,35,true,1436,152,288,114,79,12,2,0,0,1,2,6561,3106,3454,13,london-link-010-a-departure,true,807.5666666666667,288.9420443101712,997.9666666666667,912.1166666666667,808.7897029204431,1534.2666666666667,1819.2333333333333,1974994.2908274774,2126877.2293563355,48.14861414135599,2.24199200546761,4427921.41062841,4166852.062005957,1.054232436589458,1.4335473573319442,172,0,12.57268848246435
profile,tfl-numbat-2019-midweek,early,2.727273,22.066666666666666,1,2,off,free-flow,virtual,4,drop-offs,reassign-existing,436,346,123,2591,129,0,501,385,116,385,940GZZLUEUS,0,3900,2915,1800,1798.4333333333334,577577b215e37dd7,662,662,0,0,414,248,13.8,116,215,19.866666666666667,33,true,1115,90,263,114,60,12,2,0,0,2,2,3735,2326,1407,10,london-link-068-a-departure,true,638.5666666666667,179.89818731117825,727.4166666666666,327.1166666666667,659.3304632426989,915.6,1290.5166666666667,1379518.9387865574,1819879.091081479,43.11807802305415,3.043760081376824,4198924.677458588,4161527.0620059576,1.0096622647510598,1.3542672140106486,29,0,12.46773157643939
profile,tfl-numbat-2019-midweek,early,2.727273,22.066666666666666,1,3,off,free-flow,virtual,4,drop-offs,unassigned,371,289,97,3914,180,0,231,216,15,0,940GZZLUEUS,0,3900,3102,1800,1798.4333333333334,d9be5e1635e035b7,662,662,0,0,375,287,12.5,84,247,19.4,40,true,1302,126,291,114,86,10,2,0,0,1,2,5851,2755,3093,11,london-link-068-b-departure,true,699.5666666666667,263.60229103726084,930.75,836.6666666666666,790.3193101711985,1466.3,1708.7333333333333,1988121.5798992831,2022225.8072352158,49.57479709307301,2.2516052660224104,4476465.0185314175,4202220.588596387,1.056951207363349,1.3906821093000736,185,0,13.018999788710648
profile,tfl-numbat-2019-midweek,early,2.727273,22.066666666666666,1,3,off,free-flow,virtual,4,drop-offs,reassign-existing,434,318,119,2605,125,0,493,373,120,373,940GZZLUEUS,0,3900,2738,1800,1798.4333333333334,d9be5e1635e035b7,662,662,0,0,412,250,13.733333333333333,114,217,19.866666666666667,33,true,938,86,263,114,59,9,2,0,0,2,2,3178,1973,1198,9,london-link-074-b-departure,true,387.56666666666666,164.66545820745216,561.7166666666667,325.98333333333335,650.6198892245719,924.1333333333333,1244.5833333333333,1412347.2503924062,1746585.5590323727,44.70963251192372,3.007664226742893,4247866.300802434,4199520.588596386,1.0120111499705304,1.2859192041952046,35,0,8.770474196931344
profile,tfl-numbat-2019-midweek,early,2.608696,23.066666666666666,1,1,off,free-flow,virtual,4,drop-offs,unassigned,390,300,101,4375,193,0,241,219,22,0,940GZZLUEUS,0,3900,3332,1800,1799.2,bf37074e8a792f87,692,692,0,0,383,309,12.766666666666667,78,268,20.333333333333332,41,true,1532,154,309,114,71,13,2,0,0,1,2,6574,2592,3981,10,london-link-069-a-departure,true,941.8,299.4990125240848,1064.5833333333333,893.5,825.8968930635839,1543.9833333333333,1904.7333333333333,2092715.4194678823,2167463.307887729,49.12271417229667,2.2559399411042658,4721040.2998080915,4444558.2978365235,1.0530918755961638,1.4097657842312274,186,0,10.286551072033793
profile,tfl-numbat-2019-midweek,early,2.608696,23.066666666666666,1,1,off,free-flow,virtual,4,drop-offs,reassign-existing,459,390,131,3378,130,0,506,383,123,383,940GZZLUEUS,0,3900,3147,1800,1799.2,bf37074e8a792f87,692,692,0,0,408,284,13.6,106,240,20.133333333333333,44,true,1347,114,289,114,63,12,2,0,0,2,2,5196,2654,2539,9,london-link-069-a-departure,true,698.8,201.18969171483621,737.65,377.03333333333336,699.1103082851638,1006.9,1455.0166666666667,1457840.886781585,1907298.492034539,43.32185751231683,3.0832397684492783,4494872.9982271595,4443958.297836532,1.0119698525637608,1.4278104095881903,36,0,11.552590383316613
profile,tfl-numbat-2019-midweek,early,2.608696,23.066666666666666,1,2,off,free-flow,virtual,4,drop-offs,unassigned,408,274,110,4968,188,0,231,205,26,0,940GZZLUEUS,0,3900,3282,1800,1799.2,6727d0dba6aeee4c,692,692,0,0,366,326,12.2,88,258,18.533333333333335,68,true,1482,162,326,114,74,12,2,0,0,1,2,7802,3217,4585,10,london-link-033-a-departure,true,905.8,296.67829961464355,1108.5,951.65,811.6280346820809,1565.5333333333333,1796.8166666666666,1930716.983282397,2114686.764892858,47.72618763092011,2.385763128422597,4606233.389880716,4349499.16640754,1.052540913247611,1.3402632721163306,172,0,13.334610778443114
profile,tfl-numbat-2019-midweek,early,2.608696,23.066666666666666,1,2,off,free-flow,virtual,4,drop-offs,reassign-existing,463,372,132,2927,139,0,512,395,117,395,940GZZLUEUS,0,3900,3035,1800,1799.2,6727d0dba6aeee4c,692,692,0,0,426,266,14.2,107,239,21.266666666666666,27,true,1235,96,275,114,63,10,2,0,0,2,2,3129,2015,1112,8,940GZZLUPAC-merge,true,640.8,183.96772639691713,653.3666666666667,341.9166666666667,664.2112475915221,945.7166666666667,1248.0833333333333,1416446.1155671733,1878408.1130839912,42.989644374860035,3.0982467205568778,4388499.532446133,4346724.166407541,1.0108124404215144,1.3389115147069555,29,0,9.954641375797415
profile,tfl-numbat-2019-midweek,early,2.608696,23.066666666666666,1,3,off,free-flow,virtual,4,drop-offs,unassigned,398,305,107,4323,181,0,243,222,21,0,940GZZLUEUS,0,3900,3900,1800,1799.2,cbcb3ebcb6dc8007,692,691,1,0,390,302,13,85,261,20.333333333333332,41,false,0,178,303,114,76,13,2,0,0,2,2,6068,2767,3300,10,london-link-009-b-departure,true,1137.8,305.9823217726397,1147.8333333333333,932.3333333333334,828.1212976362759,1566.9333333333334,1867.7666666666667,2028894.7883661792,2258576.62545415,47.32147675261916,2.313129154754855,4662269.7979936525,4372052.432278248,1.0588522175655855,1.3968199671725126,192,0,10.321072927853168
profile,tfl-numbat-2019-midweek,early,2.608696,23.066666666666666,1,3,off,free-flow,virtual,4,drop-offs,reassign-existing,455,343,129,2690,129,0,515,392,123,392,940GZZLUEUS,0,3900,3127,1800,1799.2,cbcb3ebcb6dc8007,692,692,0,0,442,250,14.733333333333333,120,226,21.466666666666665,24,true,1327,80,262,114,63,7,2,0,0,2,2,2115,1548,553,8,london-link-069-a-departure,true,498.8,159.2182562620424,849.3333333333334,314.8666666666667,641.3891377649326,903.6666666666666,1588.4166666666667,1463718.6787137482,1806084.8747367528,44.76472836324191,3.0224160606526356,4423966.842824094,4383579.789280192,1.0096155019828263,1.4222233081696258,30,0,9.066967490513793
profile,tfl-numbat-2019-midweek,early,2.5,23.966666666666665,1,1,off,free-flow,virtual,4,drop-offs,unassigned,405,333,108,5574,206,0,255,229,26,0,940GZZLUEUS,0,3900,3411,1800,1797.5,65963865f1465003,719,719,0,0,393,326,13.1,80,279,20.866666666666667,47,true,1611,181,332,114,78,15,2,0,0,1,2,8342,3217,5125,12,london-link-069-b-arrival,true,986.5,335.90231803430686,1156.7166666666667,1081.9833333333333,858.8425591098749,1704.0333333333333,1885.8333333333333,2178038.4029264953,2261188.4856789946,49.063462120330826,2.242578063141879,4884421.142716612,4610308.506579592,1.0516656351315254,1.3756572630065167,181,0,13.996877348542666
profile,tfl-numbat-2019-midweek,early,2.5,23.966666666666665,1,1,off,free-flow,virtual,4,drop-offs,reassign-existing,488,413,138,3657,139,0,538,415,123,415,940GZZLUEUS,0,3900,2889,1800,1797.5,65963865f1465003,719,719,0,0,427,292,14.233333333333333,113,246,20.933333333333334,46,true,1089,119,296,114,61,11,2,0,0,2,2,4870,2195,1883,9,london-link-069-a-departure,true,523.5,207.98273064441355,560.1166666666667,399.8,696.2467315716273,1001.8666666666667,1494.1,1461478.0840692658,1892644.2788326803,43.57259294514266,3.187462690167073,4658406.865486881,4607008.506579602,1.0120928364735866,1.3389115147069555,38,0,10.8251968503937
profile,tfl-numbat-2019-midweek,early,2.5,23.966666666666665,1,2,off,free-flow,virtual,4,drop-offs,unassigned,419,288,112,5615,203,0,250,225,25,0,940GZZLUEUS,0,3900,3475,1800,1797.5,63c2dd0b55cded1a,719,719,0,0,393,326,13.1,85,274,20.533333333333335,52,true,1675,198,326,114,79,18,2,0,0,1,2,10086,3743,6342,11,london-link-009-a-arrival,true,1047.5,336.56898470097354,1257.2166666666667,1024.6833333333334,854.692953175707,1697.4,1909.6333333333334,2041287.8284736327,2212356.168566673,47.98915541342823,2.345022254196218,4786865.384668673,4521862.87957016,1.0510795235125068,1.4475757694667548,175,0,15.473953526127648
profile,tfl-numbat-2019-midweek,early,2.5,23.966666666666665,1,2,off,free-flow,virtual,4,drop-offs,reassign-existing,487,402,143,3263,145,0,531,411,120,411,940GZZLUEUS,0,3900,2913,1800,1797.5,63c2dd0b55cded1a,719,719,0,0,453,266,15.1,128,231,21.666666666666668,35,true,1113,122,279,114,61,10,2,0,0,2,2,3715,2216,1499,9,london-link-033-a-departure,true,508.5,200.12035234121464,627.65,410.03333333333336,680.6935326842838,999.7166666666667,1148.1,1443699.0369015264,1882741.7304409526,43.40071379220468,3.170848113137851,4577750.36712152,4515637.879570161,1.015352807346013,1.3597468823447698,40,0,10.20315397037421
profile,tfl-numbat-2019-midweek,early,2.5,23.966666666666665,1,3,off,free-flow,virtual,4,drop-offs,unassigned,425,327,117,4790,178,0,244,219,25,0,940GZZLUEUS,0,3900,3797,1800,1797.5,ba447b6804a4111e,719,719,0,0,391,328,13.033333333333333,88,271,20.2,57,true,1997,173,328,114,79,9,2,0,0,2,2,5288,2979,2308,11,london-link-009-a-arrival,true,1032.5,303.624153917478,1152.1166666666666,883.5666666666667,836.4545897079277,1511.5166666666667,2076.25,2040502.3073154888,2241891.7330668764,47.64863504091037,2.3980423255666925,4893210.898046628,4570160.795365299,1.062650860180845,1.3968199671725126,201,0,11.426349135383589
profile,tfl-numbat-2019-midweek,early,2.5,23.966666666666665,1,3,off,free-flow,virtual,4,drop-offs,reassign-existing,490,413,145,3670,137,0,524,404,120,404,940GZZLUEUS,0,3900,3148,1800,1797.5,ba447b6804a4111e,719,719,0,0,414,305,13.8,122,237,19.466666666666665,68,true,1348,116,309,114,61,10,2,0,0,2,2,4841,2401,2438,8,london-link-033-a-departure,true,504.5,209.4143949930459,683.8,395.1666666666667,694.9251274918869,991.2666666666667,1427.3333333333333,1461178.7211546577,1906023.2289246216,43.3944486495755,3.1697005776795755,4631499.036548703,4563485.7953653,1.0163651010231085,1.3339774901168295,47,0,10.792141207780517
profile,tfl-numbat-2019-midweek,night,3.75,15.966666666666667,1,1,off,free-flow,virtual,4,drop-offs,unassigned,137,16,15,495,71,0,182,162,20,0,940GZZLUEUS,0,3900,3721,1800,1796.25,2de007f9602f10c1,479,479,0,0,289,190,9.633333333333333,102,137,12.466666666666667,53,true,1921,94,192,114,76,4,2,0,0,2,2,1052,788,263,7,london-link-048-a-departure,true,1155.75,258.01628392484344,1181.6333333333334,694.6666666666666,694.7653096729297,1389.4333333333334,2020.85,2061685.265035418,1899901.368015713,52.04190785164153,1.3591495539349703,2802138.6081229313,2779847.145111685,1.0089883356899918,1.4435032108333354,19,0,1.59263719249957
profile,tfl-numbat-2019-midweek,night,3.75,15.966666666666667,1,1,off,free-flow,virtual,4,drop-offs,reassign-existing,194,45,35,78,23,0,175,153,22,153,940GZZLUEUS,0,3900,3001,1800,1796.25,2de007f9602f10c1,479,479,0,0,322,157,10.733333333333333,111,128,14.066666666666666,29,true,1201,50,161,110,75,2,2,0,0,2,2,306,249,56,6,london-link-063-a-departure,true,378.75,111.87731384829506,521.65,287.01666666666665,543.322860125261,1101.45,1290.6333333333334,1685556.5504763064,1136052.804185238,59.73741714782807,1.6545834997199773,2788894.056174789,2777897.1451116833,1.0036247783125354,1.221104619462378,8,0,0.6972227053980402
profile,tfl-numbat-2019-midweek,night,3.75,15.966666666666667,1,2,off,free-flow,virtual,4,drop-offs,unassigned,139,10,16,455,58,0,177,160,17,0,940GZZLUEUS,0,3900,3621,1800,1796.25,bb15e26bdcfa2798,479,479,0,0,291,188,9.7,87,152,13.6,36,true,1821,98,200,114,70,3,3,0,1,2,2,464,386,74,6,london-link-048-a-departure,true,857.75,271.2725817675713,1073.3666666666666,773.3166666666667,697.0097773138483,1518.1666666666667,1883.9166666666667,2031675.6672028634,1860464.4366729131,52.19944845201562,1.3537348616862293,2750350.1781383497,2729314.6972915675,1.0076786692310296,1.250673684372347,22,0,0.1272873036188976
profile,tfl-numbat-2019-midweek,night,3.75,15.966666666666667,1,2,off,free-flow,virtual,4,drop-offs,reassign-existing,199,40,28,70,17,0,174,156,18,156,940GZZLUEUS,0,3900,3355,1800,1796.25,bb15e26bdcfa2798,479,479,0,0,329,150,10.966666666666667,107,132,14.8,18,true,1555,44,162,106,73,3,3,0,1,2,2,290,239,50,6,london-link-063-a-departure,true,586.75,117.9384133611691,679.8,331.9,541.1712943632567,1112.35,1651.5166666666667,1652219.7695350582,1260491.5098799397,56.72446085582837,1.6554819423681149,2735219.993217133,2728639.6972915647,1.0021625064036581,1.1869062441939247,7,0,0.3022167245329697
profile,tfl-numbat-2019-midweek,night,3.75,15.966666666666667,1,3,off,free-flow,virtual,4,drop-offs,unassigned,139,12,16,460,57,0,161,139,22,0,940GZZLUEUS,0,3900,3340,1800,1796.25,1e18c3e4c08d24b9,479,479,0,0,276,203,9.2,90,149,12.4,54,true,1540,92,203,114,70,4,2,0,1,2,1,614,459,153,7,london-link-048-a-departure,true,816.75,263.8314196242171,1067.6666666666667,689.85,705.8285664578984,1490.75,1807.4,2092807.48415434,1819461.1875295423,53.493449959140285,1.361241734781638,2848816.890078687,2817105.275794116,1.0119593233380728,1.3906821093000736,30,0,0.8342037511222277
profile,tfl-numbat-2019-midweek,night,3.75,15.966666666666667,1,3,off,free-flow,virtual,4,drop-offs,reassign-existing,186,41,36,83,19,0,181,147,34,147,940GZZLUEUS,0,3900,3333,1800,1796.25,1e18c3e4c08d24b9,479,479,0,0,323,156,10.766666666666667,108,131,14.333333333333334,25,true,1533,57,167,114,72,3,2,0,0,2,2,365,299,66,5,london-link-048-a-departure,true,723.75,138.37146833681282,978.0833333333334,382.06666666666666,576.3167362560891,1156.3333333333333,1584.9,1742987.9049640337,1348775.3260873205,56.37520646661324,1.6225966556441114,2828166.3453120366,2815980.2757941135,1.0047930134877088,1.3597468823447698,10,0,0.8951355750051966
profile,tfl-numbat-2019-midweek,night,3.5294119999999998,17.033333333333335,1,1,off,free-flow,virtual,4,drop-offs,unassigned,163,33,26,608,85,0,186,166,20,0,940GZZLUEUS,0,3900,3804,1800,1797.0166666666667,a00fa297ae62b9e9,511,511,0,0,293,218,9.766666666666667,100,155,12.866666666666667,63,true,2004,111,220,114,75,3,2,0,0,2,2,688,550,136,7,london-link-099-b-departure,true,1099.9833333333333,299.3026418786693,1277.0333333333333,881.35,734.4933137638617,1461.9,2048.5,2117580.526704849,2052821.9504713004,50.776406792725176,1.4116780922240864,2989342.037837876,2955831.667307511,1.0126728573713197,1.365398728644671,26,0,0.7972997329226131
profile,tfl-numbat-2019-midweek,night,3.5294119999999998,17.033333333333335,1,1,off,free-flow,virtual,4,drop-offs,reassign-existing,222,54,45,96,27,0,199,173,26,173,940GZZLUEUS,0,3900,2894,1800,1797.0166666666667,a00fa297ae62b9e9,511,511,0,0,348,163,11.6,115,140,15.533333333333333,23,true,1094,56,181,114,75,3,2,0,0,2,2,612,486,122,7,london-link-063-a-departure,true,504.98333333333335,124.22469015003261,583.8166666666667,343.3833333333333,556.7124918460535,1116.9833333333333,1406.45,1697098.998100866,1243649.3018665446,57.709767208559576,1.7484370511292193,2967270.7676152927,2955681.6673075086,1.0041422247493281,1.2037758651061488,9,0,0.6127899065541675
profile,tfl-numbat-2019-midweek,night,3.5294119999999998,17.033333333333335,1,2,off,free-flow,virtual,4,drop-offs,unassigned,172,23,23,459,64,0,171,153,18,0,940GZZLUEUS,0,3900,3596,1800,1797.0166666666667,a41958395185f14b,511,511,0,0,309,202,10.3,88,167,14.733333333333333,35,true,1796,101,219,114,72,3,2,0,1,2,1,570,467,103,6,london-link-048-a-departure,true,980.9833333333333,265.4651663405088,1088.15,740.85,691.3086431833008,1460.85,1946.05,2078103.215250459,1847978.662067243,52.93071515539096,1.4112025953281173,2932624.650502704,2907137.7593164085,1.0088940083008802,1.3597468823447698,27,0,1.173457833214292
profile,tfl-numbat-2019-midweek,night,3.5294119999999998,17.033333333333335,1,2,off,free-flow,virtual,4,drop-offs,reassign-existing,223,43,39,82,22,0,198,177,21,177,940GZZLUEUS,0,3900,2980,1800,1797.0166666666667,a41958395185f14b,511,511,0,0,358,153,11.933333333333334,111,144,16.466666666666665,9,true,1180,47,168,106,70,2,2,0,1,2,2,195,151,43,5,london-link-022-a-arrival,true,572.9833333333333,119.43998695368558,586.3,331.3833333333333,541.5048597521201,1118.2666666666667,1494.2833333333333,1703616.1685247591,1226787.1854089804,58.135893348533216,1.7108467839109232,2914626.242840944,2906012.7593164053,1.0030389149954477,1.2230866732354966,8,0,0.24917176053380616
profile,tfl-numbat-2019-midweek,night,3.5294119999999998,17.033333333333335,1,3,off,free-flow,virtual,4,drop-offs,unassigned,172,25,27,463,64,0,160,131,29,0,940GZZLUEUS,0,3900,3880,1800,1797.0166666666667,5686164f60ea7c43,511,511,0,0,292,219,9.733333333333333,97,158,13,61,true,2080,115,234,114,72,3,3,0,0,2,1,396,312,82,6,london-link-048-a-departure,true,1115.9833333333333,284.1721787345075,1204.0666666666666,821.4833333333333,722.1404109589041,1425.55,2169.016666666667,2047693.7837788942,1951892.0667770985,51.19764546357316,1.4727257348602079,3015691.3322686516,2979760.812753601,1.0117407932639382,1.3339774901168295,32,0,0.22444999486775927
profile,tfl-numbat-2019-midweek,night,3.5294119999999998,17.033333333333335,1,3,off,free-flow,virtual,4,drop-offs,reassign-existing,208,53,42,102,28,0,205,173,32,173,940GZZLUEUS,0,3900,3215,1800,1797.0166666666667,5686164f60ea7c43,511,511,0,0,340,171,11.333333333333334,111,144,15.266666666666667,27,true,1415,55,178,114,72,2,3,0,1,2,2,282,214,63,5,940GZZLUBXN-01-arrival,true,506.98333333333335,131.87632093933465,726.6333333333333,347.53333333333336,565.406457925636,1131.6333333333334,1576.1166666666666,1812392.0793277973,1350569.6031586572,57.300475353942545,1.6496954405034534,2989894.9495268636,2974360.8127535996,1.0056335902891447,1.3597468823447698,14,0,0.5629272215520708
profile,tfl-numbat-2019-midweek,night,3.333333,18.066666666666666,1,1,off,free-flow,virtual,4,drop-offs,unassigned,191,35,29,603,90,0,187,160,27,0,940GZZLUEUS,0,3900,3898,1800,1797.6333333333334,44dbb7eff27559dc,542,542,0,0,310,232,10.333333333333334,106,165,13.6,67,true,2098,110,235,114,72,4,2,1,0,2,1,1020,832,182,7,london-link-048-a-departure,true,1127.3666666666666,286.69071340713407,1156.95,844.0666666666667,722.8337945879459,1458.4166666666667,2119.95,2119796.6196580334,2100457.0653586523,50.22912786461205,1.4965371269538155,3172354.3426623708,3131344.8722579665,1.0130802107939871,1.3698467416622593,30,0,1.306055731074629
profile,tfl-numbat-2019-midweek,night,3.333333,18.066666666666666,1,1,off,free-flow,virtual,4,drop-offs,reassign-existing,249,66,51,119,36,0,210,189,21,189,940GZZLUEUS,0,3900,3307,1800,1797.6333333333334,44dbb7eff27559dc,542,542,0,0,362,180,12.066666666666666,115,156,16.466666666666665,24,true,1507,60,186,114,77,3,2,0,0,2,2,654,530,124,7,london-link-048-a-departure,true,694.3666666666667,138.04618696186964,730.4166666666666,357.4,572.0693726937269,1170.0833333333333,1558.85,1770970.91364771,1500189.5487925273,54.13891901611552,1.7799549267031527,3152248.402661229,3130819.872257967,1.0077141053575973,1.3337492109140654,17,0,0.9016103160219153
profile,tfl-numbat-2019-midweek,night,3.333333,18.066666666666666,1,2,off,free-flow,virtual,4,drop-offs,unassigned,191,41,33,544,81,0,186,167,19,0,940GZZLUEUS,0,3900,3900,1800,1797.6333333333334,d778c1863e9fea88,542,541,1,0,302,240,10.066666666666666,93,178,13.933333333333334,62,false,0,129,245,114,72,3,3,0,1,2,2,522,432,90,6,london-link-013-a-departure,true,1184.3666666666666,319.9398831488315,1210.1,919.65,745.7334257547751,1475.1833333333334,2125.95,2128035.803469733,2146979.8345823977,49.77843319514387,1.4729788230196559,3115738.3209210183,3078653.832147888,1.011252142434109,1.365398728644671,33,0,0.30102347983142685
profile,tfl-numbat-2019-midweek,night,3.333333,18.066666666666666,1,2,off,free-flow,virtual,4,drop-offs,reassign-existing,245,54,45,110,27,0,227,194,33,194,940GZZLUEUS,0,3900,3212,1800,1797.6333333333334,d778c1863e9fea88,542,542,0,0,364,178,12.133333333333333,115,156,16.6,22,true,1412,70,193,114,74,4,3,0,1,2,2,483,376,107,7,london-link-063-a-departure,true,569.3666666666667,141.56429889298894,726.35,394.06666666666666,566.709286592866,1119.4333333333334,1593.6833333333334,1792503.067169604,1438253.6892481146,55.482452017128686,1.7318783679305694,3104397.2863413054,3089356.1891498337,1.0055086196501672,1.3597468823447698,14,0,0.4665156688414861
profile,tfl-numbat-2019-midweek,night,3.333333,18.066666666666666,1,3,off,free-flow,virtual,4,drop-offs,unassigned,196,41,30,483,69,0,167,142,25,0,940GZZLUEUS,0,3900,3499,1800,1797.6333333333334,4299b9a38785f897,542,542,0,0,312,230,10.4,105,166,13.8,64,true,1699,117,233,114,72,5,3,0,0,2,2,820,681,138,7,london-link-048-a-departure,true,828.3666666666667,287.5545202952029,1041.4333333333334,818.9,723.0384378843788,1418.45,1953.2333333333333,2098400.6864445456,1981404.0050689215,51.4338514980753,1.5095756552488875,3167694.5909688734,3128298.741552871,1.0117670463396928,1.3288116553894662,39,0,0.8954934084989856
profile,tfl-numbat-2019-midweek,night,3.333333,18.066666666666666,1,3,off,free-flow,virtual,4,drop-offs,reassign-existing,235,71,47,117,33,0,219,184,35,184,940GZZLUEUS,0,3900,3244,1800,1797.6333333333334,4299b9a38785f897,542,542,0,0,360,182,12,122,149,15.866666666666667,33,true,1444,73,191,114,75,2,3,0,0,2,2,448,358,85,5,940GZZLUWLO-merge,true,638.3666666666667,160.5079335793358,798.6,466.4,591.1215559655597,1217.2666666666667,1551.9166666666667,1826964.5393435266,1492835.3671784035,55.03236914231951,1.7214984375317923,3145116.5997504434,3124848.741552868,1.0059654842739185,1.1898426570345046,20,0,0.7724615004529358
profile,tfl-numbat-2019-midweek,night,3.157895,19.033333333333335,1,1,off,free-flow,virtual,4,drop-offs,unassigned,212,59,38,648,95,0,188,164,24,0,940GZZLUEUS,0,3900,3522,1800,1798.65,09f64c9d13cde40d,571,571,0,0,344,227,11.466666666666667,103,182,16.066666666666666,45,true,1722,123,235,114,76,5,2,0,1,2,1,1508,1149,353,8,london-link-063-b-arrival,true,1193.35,310.36509048453007,1213.3666666666666,867.35,750.0624343257443,1434.1166666666666,1906.9833333333333,2161162.5916428086,2157148.772683753,50.04647440423372,1.5516838543965161,3353441.09990501,3312500.7387316534,1.0131260066343792,1.3597468823447698,31,0,2.3904520367771536
profile,tfl-numbat-2019-midweek,night,3.157895,19.033333333333335,1,1,off,free-flow,virtual,4,drop-offs,reassign-existing,258,83,49,146,40,0,239,211,28,211,940GZZLUEUS,0,3900,3207,1800,1798.65,09f64c9d13cde40d,571,571,0,0,393,178,13.1,125,160,17.866666666666667,18,true,1407,68,199,114,80,3,2,0,0,2,2,504,412,90,5,940GZZLUOVL-01-arrival,true,880.35,146.4306479859895,974.5833333333334,388.4,578.3014594279043,1202.5833333333333,1563.0666666666666,1873098.9169115294,1480473.114357071,55.85384477944156,1.7753813258651536,3325464.8384022154,3308675.7387316534,1.005599620570504,1.228183917662986,15,0,0.739573279250001
profile,tfl-numbat-2019-midweek,night,3.157895,19.033333333333335,1,2,off,free-flow,virtual,4,drop-offs,unassigned,222,57,41,599,86,0,181,162,19,0,940GZZLUEUS,0,3900,3900,1800,1798.65,5f99e4b18356beef,571,569,2,0,327,244,10.9,94,191,15.533333333333333,53,false,0,142,251,114,73,5,3,0,1,2,1,1053,756,296,8,london-link-063-a-departure,true,1148.35,313.0429071803853,1190.7666666666667,946.1333333333333,745.9716461628587,1486.95,2160.9666666666667,2186152.3283645487,2164057.3165408457,50.25395341405648,1.5414392232387826,3328905.6395764137,3283944.5466701556,1.0129786289255058,1.3597468823447698,35,0,0.997287253226287
profile,tfl-numbat-2019-midweek,night,3.157895,19.033333333333335,1,2,off,free-flow,virtual,4,drop-offs,reassign-existing,261,63,54,123,35,0,253,219,34,219,940GZZLUEUS,0,3900,2946,1800,1798.65,5f99e4b18356beef,571,571,0,0,387,184,12.9,118,167,17.933333333333334,17,true,1146,66,189,114,78,6,2,0,0,2,2,716,465,250,6,london-link-048-b-departure,true,454.35,135.66850554582604,632.6833333333333,379.56666666666666,568.7882370110916,1121.8,1488.0333333333333,1885926.8069864612,1303491.3271445138,59.130748232869195,1.764149615609271,3327057.0514285704,3307824.2606740515,1.0058232739992743,1.250673684372347,14,0,1.1312197871649898
profile,tfl-numbat-2019-midweek,night,3.157895,19.033333333333335,1,3,off,free-flow,virtual,4,drop-offs,unassigned,214,50,38,440,66,0,170,143,27,0,940GZZLUEUS,0,3900,3743,1800,1798.65,a2a493a1d1a7c794,571,571,0,0,339,232,11.3,113,172,15.066666666666666,60,true,1943,113,252,114,71,3,3,0,0,2,2,566,451,113,7,london-link-048-a-departure,true,1107.35,286.3741389375365,1156.5666666666666,800.2166666666667,723.4818739054291,1503.4833333333333,2041.85,2170674.7284749416,1954265.8551787054,52.62317564226044,1.5438512030337532,3351198.790674165,3310390.1067938562,1.011969703737723,1.248706647691278,38,0,0.5556272992473534
profile,tfl-numbat-2019-midweek,night,3.157895,19.033333333333335,1,3,off,free-flow,virtual,4,drop-offs,reassign-existing,252,70,49,123,38,0,233,193,40,193,940GZZLUEUS,0,3900,3160,1800,1798.65,a2a493a1d1a7c794,571,571,0,0,382,189,12.733333333333333,131,154,16.733333333333334,35,true,1360,73,206,114,75,3,3,0,1,2,2,425,350,74,6,london-link-048-a-departure,true,647.35,150.38006421482777,832.9166666666666,406.1666666666667,582.6993578517221,1163.6833333333334,1518.4,1911076.869073696,1439994.492515775,57.0288323602646,1.7417577890577367,3328633.0220021666,3308515.1067938553,1.0062064145830896,1.3387841294523002,21,0,0.8481798793790345
profile,tfl-numbat-2019-midweek,night,3,19.966666666666665,1,1,off,free-flow,virtual,4,drop-offs,unassigned,228,63,42,682,103,0,197,171,26,0,940GZZLUEUS,0,3900,3900,1800,1797,f63f626543176ea8,599,598,1,0,342,257,11.4,101,198,16.066666666666666,59,false,0,133,258,114,74,6,2,0,0,2,1,1254,903,348,8,london-link-099-b-departure,true,1428,331.1861157484697,1430.3333333333333,944.4,767.1247491638795,1493.3166666666666,2121.7833333333333,2262681.2042554105,2295495.8567587673,49.640046316058914,1.5548274368213648,3497357.274436099,3453322.8936122204,1.0144091437393414,1.4279926479509446,38,0,2.058707408116386
profile,tfl-numbat-2019-midweek,night,3,19.966666666666665,1,1,off,free-flow,virtual,4,drop-offs,reassign-existing,286,115,59,183,47,0,257,222,35,222,940GZZLUEUS,0,3900,3400,1800,1797,f63f626543176ea8,599,599,0,0,399,200,13.3,132,167,17.8,33,true,1600,77,216,114,76,3,2,0,1,2,2,641,486,152,6,london-link-063-a-departure,true,629,158.78461324429605,752.95,449.76666666666665,591.902754590985,1185.1333333333334,1666.5166666666667,1884147.451590038,1616275.6560345497,53.82627738589676,1.8524551052612968,3490298.565567107,3466725.2506141686,1.0071282492621492,1.3597468823447698,19,0,0.3561422854671348
profile,tfl-numbat-2019-midweek,night,3,19.966666666666665,1,2,off,free-flow,virtual,4,drop-offs,unassigned,241,74,46,607,93,0,177,156,21,0,940GZZLUEUS,0,3900,3847,1800,1797,1d30846515d7bc9f,599,599,0,0,341,258,11.366666666666667,99,200,16.133333333333333,58,true,2047,158,263,114,70,3,3,0,0,2,1,801,644,153,8,london-link-022-a-arrival,true,1194,333.19510294936003,1240.8333333333333,894.9,772.1670562047857,1523.4333333333334,2216.9666666666667,2216295.0140807843,2160507.067863303,50.63731401572425,1.5948216762687466,3534595.3291590633,3488301.3646976743,1.0118548426342682,1.3597468823447698,40,0,0.9223463042182678
profile,tfl-numbat-2019-midweek,night,3,19.966666666666665,1,2,off,free-flow,virtual,4,drop-offs,reassign-existing,276,99,57,170,45,0,255,215,40,215,940GZZLUEUS,0,3900,3386,1800,1797,1d30846515d7bc9f,599,599,0,0,400,199,13.333333333333334,122,177,18.533333333333335,22,true,1586,86,208,114,80,3,3,0,0,2,2,528,418,107,8,london-link-048-a-departure,true,745,167.72345575959935,849.8166666666667,444.71666666666664,601.3178631051753,1220.65,1705.1666666666667,1989108.452263137,1608205.5865765559,55.29426763376823,1.760827183240783,3502476.232924767,3481851.364697674,1.006321500419103,1.365398728644671,14,0,0.3516842825640636
profile,tfl-numbat-2019-midweek,night,3,19.966666666666665,1,3,off,free-flow,virtual,4,drop-offs,unassigned,244,70,52,497,78,0,173,142,31,0,940GZZLUEUS,0,3900,3156,1800,1797,8accf28e93b17b59,599,599,0,0,335,264,11.166666666666666,120,179,14.333333333333334,85,true,1356,132,273,114,73,3,3,0,1,2,2,672,528,142,7,london-link-048-a-departure,true,933,296.57838063439067,1332.35,830.7333333333333,734.1453811908736,1457.4,1900.9833333333333,2141118.418109124,1796673.0542529002,54.37358562881967,1.6451688793317647,3522501.388155654,3470641.8108414277,1.0143181676146704,1.3968199671725126,45,0,0.5781007933289664
profile,tfl-numbat-2019-midweek,night,3,19.966666666666665,1,3,off,free-flow,virtual,4,drop-offs,reassign-existing,278,105,60,180,48,0,248,202,46,202,940GZZLUEUS,0,3900,3193,1800,1797,8accf28e93b17b59,599,599,0,0,391,208,13.033333333333333,132,167,17.266666666666666,41,true,1393,86,218,114,75,3,3,0,1,2,2,504,411,91,6,london-link-063-a-departure,true,599,182.68542014468557,884.8166666666667,491.85,615.8260155815248,1245.5,1794.7333333333333,1950561.8458169883,1531376.0502477782,56.019432397731265,1.7907920984325703,3493050.7407748457,3467716.8108414244,1.0074382522227272,1.3968199671725126,22,0,0.4443677466672419
profile,tfl-numbat-2019-midweek,night,2.8571429999999998,21.033333333333335,1,1,off,free-flow,virtual,4,drop-offs,unassigned,265,83,50,655,104,0,186,162,24,0,940GZZLUEUS,0,3900,3714,1800,1798.35,955c3062af576b0c,631,631,0,0,374,257,12.466666666666667,111,204,17.533333333333335,53,true,1914,138,257,114,74,4,2,0,1,2,1,767,611,155,7,london-link-013-a-departure,true,1194.65,308.0880612783941,1231.7,812.8666666666667,746.1835974643423,1457.35,2094.45,2294776.3517439645,2065804.6530490203,52.625472367595826,1.6193311971392514,3716002.9364951537,3667732.360237681,1.0148621148110963,1.460180261035478,40,0,0.937279884796594
profile,tfl-numbat-2019-midweek,night,2.8571429999999998,21.033333333333335,1,1,off,free-flow,virtual,4,drop-offs,reassign-existing,315,119,70,176,52,0,255,228,27,228,940GZZLUEUS,0,3900,3538,1800,1798.35,955c3062af576b0c,631,631,0,0,413,218,13.766666666666667,142,173,18.066666666666666,45,true,1738,98,221,114,75,3,2,0,0,2,2,435,337,97,6,london-link-048-a-departure,true,773.65,166.79981510829373,893.8166666666667,493.43333333333334,601.7172477548864,1204.1166666666666,1759.3,1941842.7859522938,1675345.0422556156,53.68376977300501,1.904341091460569,3697931.0102175744,3664582.360237681,1.009333454132284,1.3906821093000736,24,0,0.5010156232302104
profile,tfl-numbat-2019-midweek,night,2.8571429999999998,21.033333333333335,1,2,off,free-flow,virtual,4,drop-offs,unassigned,252,86,50,728,105,0,202,174,28,0,940GZZLUEUS,0,3900,3900,1800,1798.35,48a9befde1c6b90b,631,629,2,0,352,279,11.733333333333333,105,210,16.466666666666665,69,false,0,158,285,114,72,3,3,0,0,2,2,719,592,127,7,london-link-048-a-departure,true,1375.65,370.7970681458003,1443.3166666666666,1031.0333333333333,803.6363275039746,1572.4333333333334,2207.15,2419917.492218787,2389817.806289992,50.31290376767852,1.5376953254683303,3690052.0917163645,3636532.3917776584,1.0137911996762332,1.3597468823447698,45,0,1.09818864276168
profile,tfl-numbat-2019-midweek,night,2.8571429999999998,21.033333333333335,1,2,off,free-flow,virtual,4,drop-offs,reassign-existing,314,136,70,228,57,0,277,240,37,240,940GZZLUEUS,0,3900,3375,1800,1798.35,48a9befde1c6b90b,631,631,0,0,400,231,13.333333333333334,130,185,18,46,true,1575,99,236,114,76,5,3,0,1,2,2,549,443,106,7,london-link-048-a-departure,true,663.65,198.85581088219757,773.2666666666667,477.55,632.6196513470682,1221.3833333333334,1684.7333333333333,1988888.2811152227,1709965.108443537,53.77040049031193,1.8539997017256726,3687398.2797104456,3662962.105781556,1.0065379018254395,1.2571109175199207,23,0,0.5877745841984321
profile,tfl-numbat-2019-midweek,night,2.8571429999999998,21.033333333333335,1,3,off,free-flow,virtual,4,drop-offs,unassigned,260,96,50,624,89,0,182,145,37,0,940GZZLUEUS,0,3900,3900,1800,1798.35,a0dcb8f9e4b3eed4,631,630,1,0,349,282,11.633333333333333,125,190,14.933333333333334,92,false,0,154,297,114,70,4,3,0,0,2,2,1115,854,255,8,london-link-099-b-departure,true,1410.65,341.6461701003698,1461.9166666666667,920.1166666666667,777.8665608465609,1542.6833333333334,2089.883333333333,2294223.0207581404,2138973.1020695753,51.75099312535646,1.6202479700975552,3696378.6368421908,3641542.9530632263,1.0148561694427545,1.3597468823447698,46,0,1.0423939689404123
profile,tfl-numbat-2019-midweek,night,2.8571429999999998,21.033333333333335,1,3,off,free-flow,virtual,4,drop-offs,reassign-existing,305,131,68,221,55,0,246,209,37,209,940GZZLUEUS,0,3900,3413,1800,1798.35,a0dcb8f9e4b3eed4,631,631,0,0,389,242,12.966666666666667,138,177,16.733333333333334,65,true,1613,113,243,114,73,3,3,0,0,2,2,588,481,106,8,london-link-063-a-departure,true,942.65,199.63972530375068,944.8,517.6,634.6239302694137,1291.4666666666667,1697.0166666666667,2003139.5507583907,1669262.4531777904,54.54575911382716,1.841388257146186,3688557.6459417166,3652545.310065174,1.0091935804601546,1.2037758651061488,30,0,0.7481945900919996
profile,tfl-numbat-2019-midweek,night,2.727273,22.066666666666666,1,1,off,free-flow,virtual,4,drop-offs,unassigned,285,134,60,787,117,0,196,175,21,0,940GZZLUEUS,0,3900,3870,1800,1798.4333333333334,c1000e1adb391526,662,662,0,0,378,284,12.6,120,211,17.2,73,true,2070,186,285,114,77,6,2,0,1,1,1,1371,1002,366,7,london-link-013-a-departure,true,1293.5666666666666,361.41273917421955,1355.2666666666667,928.8166666666667,802.0764853977845,1526.5333333333333,2299.4666666666667,2328435.0278408565,2290654.137371036,50.40896472354726,1.6747947731988453,3899650.8139974177,3845576.1593046943,1.0147413238250318,1.3728139049586312,42,0,2.017185726708624
profile,tfl-numbat-2019-midweek,night,2.727273,22.066666666666666,1,1,off,free-flow,virtual,4,drop-offs,reassign-existing,341,147,82,244,58,0,272,244,28,244,940GZZLUEUS,0,3900,3449,1800,1798.4333333333334,c1000e1adb391526,662,662,0,0,411,251,13.7,147,184,17.6,67,true,1649,145,252,114,80,4,2,0,0,2,2,689,571,117,6,london-link-048-a-departure,true,795.5666666666667,197.02129909365559,933.6666666666666,567.3,632.7506797583081,1356.0333333333333,1929.9833333333333,1979029.4977294153,1738422.955363643,53.23617511456776,1.9590680426677367,3877053.4442455946,3843176.159304694,1.0089148019727423,1.3389115147069555,26,0,0.9474236756808346
profile,tfl-numbat-2019-midweek,night,2.727273,22.066666666666666,1,2,off,free-flow,virtual,4,drop-offs,unassigned,284,119,56,818,112,0,200,177,23,0,940GZZLUEUS,0,3900,3900,1800,1798.4333333333334,61cea5244a98de3f,662,660,2,0,362,300,12.066666666666666,104,227,17.2,73,false,0,201,302,114,72,3,3,0,1,1,1,851,710,138,6,london-link-013-a-departure,true,1310.5666666666666,421.43648036253774,1425.8333333333333,1171.2666666666667,854.0527525252525,1740.8666666666666,2239.9,2408790.391576184,2492892.52858829,49.142109573569854,1.620581741833085,3865293.311783653,3799936.0045764567,1.0154273619611094,1.3542672140106486,50,0,0.9283538456388569
profile,tfl-numbat-2019-midweek,night,2.727273,22.066666666666666,1,2,off,free-flow,virtual,4,drop-offs,reassign-existing,336,181,81,321,69,0,285,246,39,246,940GZZLUEUS,0,3900,3651,1800,1798.4333333333334,61cea5244a98de3f,662,662,0,0,413,249,13.766666666666667,135,196,18.533333333333335,53,true,1851,134,256,114,73,3,3,0,1,2,2,571,455,115,6,940GZZLUBST-01-arrival,true,1066.5666666666666,239.71409869083584,1065.8,584.2833333333333,672.3135448136959,1318.25,1852.1666666666667,2046975.9307880525,1895156.4611951525,51.925600848688426,1.8847807214752645,3858100.771397412,3827340.718580353,1.0077049659733495,1.3007472729205647,26,0,0.6736669754017893
profile,tfl-numbat-2019-midweek,night,2.727273,22.066666666666666,1,3,off,free-flow,virtual,4,drop-offs,unassigned,287,117,57,693,93,0,186,152,34,0,940GZZLUEUS,0,3900,3639,1800,1798.4333333333334,e586652bedfcca8a,662,662,0,0,355,307,11.833333333333334,118,213,15.8,94,true,1839,161,317,114,72,4,4,0,0,2,2,1037,796,236,7,london-link-013-a-departure,true,1048.5666666666666,348.46175730110775,1268.35,911.4333333333333,786.2728348439073,1550.6333333333334,2040.9,2325252.6050267913,2115565.7882248615,52.36090285881285,1.6728104047674357,3889706.751034143,3829012.7627152763,1.0161898529322726,1.3597468823447698,49,0,0.7490107405313736
profile,tfl-numbat-2019-midweek,night,2.727273,22.066666666666666,1,3,off,free-flow,virtual,4,drop-offs,reassign-existing,334,146,76,247,59,0,274,237,37,237,940GZZLUEUS,0,3900,3465,1800,1798.4333333333334,e586652bedfcca8a,662,662,0,0,417,245,13.9,148,183,17.933333333333334,62,true,1665,123,260,114,74,3,4,1,1,2,2,655,549,103,6,london-link-098-a-arrival,true,879.5666666666667,219.1281218529708,947.25,573.8333333333334,651.4802870090634,1259.9833333333333,1869.1166666666666,2036306.8695120045,1719843.6093723357,54.212600931707954,1.8946020471512661,3857991.163332113,3825412.7627152773,1.0078829724326044,1.3906821093000736,31,0,0.4017043325122167
profile,tfl-numbat-2019-midweek,night,2.608696,23.066666666666666,1,1,off,free-flow,virtual,4,drop-offs,unassigned,299,115,55,866,123,0,201,179,22,0,940GZZLUEUS,0,3900,3900,1800,1799.2,0d77a356d8fa67f4,692,688,4,0,392,300,13.066666666666666,129,217,17.533333333333335,83,false,0,178,303,114,77,5,4,0,1,2,2,1242,940,299,8,london-link-048-a-departure,true,1356.8,347.8354046242775,1466.6,1011.2833333333333,781.7400436046512,1540.2333333333333,2193.383333333333,2466024.6127458867,2280754.9560022973,51.95153002220039,1.6720202269054283,4045908.674633705,3979839.4777676533,1.0171644988410158,1.3968199671725126,47,0,1.7881224140800294
profile,tfl-numbat-2019-midweek,night,2.608696,23.066666666666666,1,1,off,free-flow,virtual,4,drop-offs,reassign-existing,370,201,90,385,74,0,319,283,36,283,940GZZLUEUS,0,3900,3580,1800,1799.2,0d77a356d8fa67f4,692,692,0,0,415,277,13.833333333333334,158,188,17.133333333333333,89,true,1780,157,277,114,76,3,3,0,1,2,2,645,529,115,6,london-link-048-a-departure,true,899.8,234.91021194605008,1109.8,590.3166666666667,672.6783718689788,1403.75,2099.8,2016764.8383055893,1861873.084327103,51.996728710801534,2.021221205858758,4076327.858132026,4036748.9057754474,1.0105751497175133,1.3665766444995395,32,0,0.9056082927241487
profile,tfl-numbat-2019-midweek,night,2.608696,23.066666666666666,1,2,off,free-flow,virtual,4,drop-offs,unassigned,315,120,64,760,108,0,189,167,22,0,940GZZLUEUS,0,3900,3900,1800,1799.2,268de19d1b8755bc,692,691,1,0,386,306,12.866666666666667,118,228,17.866666666666667,78,false,0,190,306,114,71,5,3,0,1,2,2,1248,888,360,9,london-link-048-a-departure,true,1468.8,402.7252167630058,1499.1666666666667,1103.95,840.8376266280753,1687.1333333333334,2168.233333333333,2330613.75779186,2401765.821569812,49.24824221530906,1.7508143253622093,4061030.1235127365,3989465.2457393627,1.0168585784933557,1.3597468823447698,54,0,2.4149024102943675
profile,tfl-numbat-2019-midweek,night,2.608696,23.066666666666666,1,2,off,free-flow,virtual,4,drop-offs,reassign-existing,353,185,86,321,70,0,295,257,38,257,940GZZLUEUS,0,3900,3565,1800,1799.2,268de19d1b8755bc,692,692,0,0,433,259,14.433333333333334,132,214,20.066666666666666,45,true,1765,148,261,114,76,3,4,0,0,2,2,2878,645,1173,7,london-link-063-a-departure,true,942.8,232.7367774566474,987.7833333333333,618.2666666666667,667.3537090558767,1363.9666666666667,1786.4666666666667,2106248.803436274,1850647.9535191813,53.2298144937418,1.9176405298227681,4039028.071052656,3998012.7094597947,1.0100994231801157,1.365398728644671,30,0,0.8758229036081027
profile,tfl-numbat-2019-midweek,night,2.608696,23.066666666666666,1,3,off,free-flow,virtual,4,drop-offs,unassigned,304,132,63,780,103,0,193,163,30,0,940GZZLUEUS,0,3900,3900,1800,1799.2,dda52a68d84c2445,692,687,5,0,375,317,12.5,120,226,17,91,false,0,199,326,114,75,3,3,0,1,2,1,812,667,143,6,940GZZLUBXN-01-arrival,true,1562.8,396.403901734104,1562.6,1054.1166666666666,824.0896166909267,1581.6833333333334,2037.7,2398491.7717164685,2321596.905677238,50.81454895548371,1.712546198439535,4020333.8436858132,3951317.5350603624,1.0168557660719642,1.365398728644671,56,0,1.421835244262148
profile,tfl-numbat-2019-midweek,night,2.608696,23.066666666666666,1,3,off,free-flow,virtual,4,drop-offs,reassign-existing,355,204,80,374,72,0,288,244,44,244,940GZZLUEUS,0,3900,3458,1800,1799.2,dda52a68d84c2445,692,692,0,0,424,268,14.133333333333333,143,203,18.733333333333334,65,true,1658,150,280,114,72,4,5,0,1,2,2,746,619,127,6,london-link-048-a-departure,true,805.8,262.66881021194604,1043.1166666666666,660.2,699.5258670520232,1388.9666666666667,1753.3166666666666,2088940.7937887148,1910463.0141109352,52.23130481754866,1.9438076814565182,4060499.1607695967,4020354.320070101,1.0088840788367075,1.3597468823447698,35,0,0.7400498149875463
profile,tfl-numbat-2019-midweek,night,2.5,23.966666666666665,1,1,off,free-flow,virtual,4,drop-offs,unassigned,328,140,72,968,136,0,207,185,22,0,940GZZLUEUS,0,3900,3900,1800,1797.5,1c5f95302f830490,719,712,7,0,395,324,13.166666666666666,130,229,17.666666666666668,95,false,0,191,325,114,73,4,3,0,1,2,1,1220,948,267,7,london-link-048-a-departure,true,1470.5,362.91077885952717,1472.15,1085.45,793.4758895131087,1554.5,2234.0333333333333,2474887.922217571,2327161.5321676163,51.53815981544143,1.7510530942296403,4194110.544268125,4127465.9435205306,1.0172411673121795,1.3728139049586312,52,0,1.6547362923689126
profile,tfl-numbat-2019-midweek,night,2.5,23.966666666666665,1,1,off,free-flow,virtual,4,drop-offs,reassign-existing,385,242,94,466,87,0,321,276,45,276,940GZZLUEUS,0,3900,3771,1800,1797.5,1c5f95302f830490,719,719,0,0,437,282,14.566666666666666,159,200,18.533333333333335,82,true,1971,147,282,114,75,3,3,1,0,2,2,729,595,127,6,940GZZLUOVL-01-arrival,true,1007.5,235.46318961520632,1079.25,607.6166666666667,676.9257070004636,1406.2666666666667,1987.8666666666666,2102088.529563012,1862653.0910323937,53.01955917236621,2.030386690817157,4268052.573018999,4218882.442534169,1.012160670177665,1.3339774901168295,36,0,0.7122855479742227
profile,tfl-numbat-2019-midweek,night,2.5,23.966666666666665,1,2,off,free-flow,virtual,4,drop-offs,unassigned,322,141,73,955,123,0,210,186,24,0,940GZZLUEUS,0,3900,3900,1800,1797.5,ec0f659b0c91224a,719,716,3,0,389,330,12.966666666666667,113,246,18.4,84,false,0,212,331,114,73,4,3,0,1,2,2,907,752,153,7,london-link-048-a-departure,true,1642.5,431.5692860454335,1649.3166666666666,1166.75,860.7401303538176,1720.4666666666667,2192.8333333333335,2495964.8391844253,2510049.7771257893,49.85931984801369,1.6899455853658765,4163701.6593958167,4088735.2376901684,1.017018732926769,1.3542672140106486,57,0,1.16859978117744
profile,tfl-numbat-2019-midweek,night,2.5,23.966666666666665,1,2,off,free-flow,virtual,4,drop-offs,reassign-existing,380,193,93,353,72,0,292,251,41,251,940GZZLUEUS,0,3900,3663,1800,1797.5,ec0f659b0c91224a,719,719,0,0,439,280,14.633333333333333,151,208,19.2,72,true,1863,159,280,114,78,4,4,0,0,2,2,888,716,169,7,london-link-048-a-departure,true,1037.5,245.1042883634678,1124.0833333333333,619.4666666666667,676.624826147427,1379.4666666666667,1952.5833333333333,2114250.301056204,1932315.2006311887,52.24801872537525,1.9706160931304126,4166375.667847948,4122062.415414493,1.0108721548097894,1.3906821093000736,37,0,1.3435286422774917
profile,tfl-numbat-2019-midweek,night,2.5,23.966666666666665,1,3,off,free-flow,virtual,4,drop-offs,unassigned,332,175,69,830,106,0,197,160,37,0,940GZZLUEUS,0,3900,3900,1800,1797.5,538469b5b3a8a2af,719,716,3,0,382,337,12.733333333333333,132,227,16.666666666666668,110,false,0,201,337,114,75,3,3,0,0,2,2,733,605,127,6,london-link-031-b-departure,true,1316.5,381.0801344459898,1325.6166666666666,944.4833333333333,813.1822625698323,1497.9666666666667,2007.25,2386961.6000268874,2285778.831715518,51.08269194265558,1.783255497578906,4193304.031970191,4126933.7660436756,1.0151604341984657,1.3597468823447698,56,0,0.9230724247829011
profile,tfl-numbat-2019-midweek,night,2.5,23.966666666666665,1,3,off,free-flow,virtual,4,drop-offs,reassign-existing,379,218,93,385,78,0,287,250,37,250,940GZZLUEUS,0,3900,3646,1800,1797.5,538469b5b3a8a2af,719,719,0,0,422,297,14.066666666666666,155,204,17.8,93,true,1846,160,297,114,71,4,2,0,0,2,2,693,565,128,6,london-link-048-a-departure,true,876.5,260.0504867872044,921.8166666666667,646.45,696.429207232267,1355.2333333333333,1867.9833333333333,2118884.752913788,1892639.649260069,52.81993926711646,1.9890638208948639,4214597.002340847,4164065.837049519,1.0114105958711772,1.3698467416622593,41,0,0.9658282079050791
