name,window,samples,served,late_backlog_per_min,Pending_mean,Unassigned_mean,MovingPickup_mean,StoppedPickup_mean,AccessWait_mean,AvailablePodWait_mean,FinishingWait_mean,other-empty:Ready_mean,other-empty:Traveling_mean,passenger:Traveling_mean,pickup:Traveling_mean,stopped_pods_mean,blocked_departure_pods_mean
capacity-full-am-peak-r13-s3,early,10799,4694,0.05555555555555555,72.51949254560607,2.7872025187517364,69.67367348828596,0.05602370589869432,0.0025928326696916383,0.0,2.7872025187517364,68.80331512177054,5.876840448189647,141.57783128067413,69.72969719418465,0.18853597555329196,0.0
capacity-full-am-peak-r13-s3,late,10800,4694,0.05555555555555555,90.72731481481482,3.5874074074074076,87.04240740740741,0.095,0.0025,0.0,3.5874074074074076,35.81435185185185,4.667962962962963,158.2987962962963,87.13740740740741,0.2784259259259259,0.0
capacity-full-am-peak-r13-s3,recovery,3601,4694,0.05555555555555555,9.40460983060261,0.01999444598722577,9.380727575673424,0.0030547070258261596,0.0008331019161344071,0.0,0.01999444598722577,213.2204943071369,16.495973340738683,47.67453485143016,9.38378228269925,0.06470424881977228,0.0
capacity-full-am-peak-r13-s4,early,10799,4694,-0.03888888888888889,71.79766645059728,2.7998888785998703,68.93193814242059,0.06306139457357163,0.002778035003241041,0.0,2.7998888785998703,68.43615149550884,5.771182516899713,142.78572090008333,68.99499953699417,0.20381516807111769,0.0
capacity-full-am-peak-r13-s4,late,10800,4694,-0.03888888888888889,88.83101851851852,3.235925925925926,85.48388888888888,0.10805555555555556,0.003148148148148148,0.0,3.235925925925926,38.96537037037037,4.598148148148148,156.75768518518518,85.59194444444445,0.3093518518518519,0.0
capacity-full-am-peak-r13-s4,recovery,3601,4694,-0.03888888888888889,8.554568175506803,0.013607331296861983,8.539850041655097,0.0008331019161344071,0.00027770063871146905,0.0,0.013607331296861983,219.98972507636768,14.322410441544015,43.94307136906415,8.540683143571231,0.0933074146070536,0.0
capacity-full-am-peak-r14-s3,early,10799,5000,2.1222222222222222,92.3100287063617,5.712288174831003,86.49421242707658,0.1016760811186221,0.0018520233354940273,1.893323455875544,3.818964718955459,47.38531345494953,3.4342068710065745,148.51893693860544,86.5958885081952,0.2924344846745069,0.0
capacity-full-am-peak-r14-s3,late,10800,5000,2.1222222222222222,343.96564814814815,202.6437962962963,141.0961111111111,0.22324074074074074,0.0025,196.85935185185184,5.7844444444444445,0.019814814814814816,0.10990740740740741,144.55648148148148,141.31935185185185,0.43064814814814817,0.0
capacity-full-am-peak-r14-s3,recovery,3601,5000,2.1222222222222222,206.4187725631769,112.70286031657872,93.5542904748681,0.1596778672590947,0.0019439044709802832,110.13135240211052,2.5715079144682034,55.167731185781726,8.340460983060261,128.9688975284643,93.71396834212719,0.3165787281310747,0.0
capacity-full-am-peak-r14-s4,early,10799,5028,1.2,82.47976664505973,3.5551439948143346,78.8444300398185,0.07667376608945273,0.003518844337438652,0.0,3.5551439948143346,50.53004907861839,3.7790536160755623,152.67737753495695,78.92110380590796,0.25576442263172516,0.0
capacity-full-am-peak-r14-s4,late,10800,5028,1.2,188.89407407407407,60.91861111111111,127.77814814814815,0.19490740740740742,0.0024074074074074076,55.45675925925926,5.4618518518518515,4.024166666666667,0.8280555555555555,153.1147222222222,127.97305555555556,0.44351851851851853,0.0
capacity-full-am-peak-r14-s4,recovery,3601,5028,1.2,90.30241599555679,27.794223826714802,62.42932518744793,0.07692307692307693,0.0019439044709802832,26.46514856984171,1.3290752568730908,115.93279644543182,12.603721188558733,95.39933351846709,62.50624826437101,0.1818939183560122,0.0
capacity-full-am-peak-r15-s3,early,10799,5022,3.2444444444444445,153.91721455690342,51.16279285118993,102.55431058431336,0.1966848782294657,0.0034262431706639502,46.097601629780534,5.06519122140939,33.522918788776735,1.7101583479951847,147.97564589313825,102.75099546254283,0.43744791184368925,0.0
capacity-full-am-peak-r15-s3,late,10800,5022,3.2444444444444445,641.0367592592593,497.6450925925926,143.14925925925925,0.24027777777777778,0.0021296296296296298,490.72425925925927,6.920833333333333,0.0,0.07185185185185185,142.5572222222222,143.38953703703703,0.4697222222222222,0.0
capacity-full-am-peak-r15-s3,recovery,3601,5022,3.2444444444444445,592.4662593723965,448.46126076089973,143.75812274368232,0.2449319633435157,0.0019439044709802832,446.9164121077479,1.5448486531519023,0.00027770063871146905,0.1005276312135518,141.91363510136074,144.00305470702583,0.4637600666481533,0.0
capacity-full-am-peak-r15-s4,early,10799,4973,3.2666666666666666,168.58449856468192,61.62533567922956,106.73803129919438,0.2180757477544217,0.003055838503565145,56.40827854430966,5.2170571349199,31.91369571256598,1.2717844244837484,145.8364663394759,106.95610704694879,0.4470784331882582,0.0
capacity-full-am-peak-r15-s4,late,10800,4973,3.2666666666666666,705.2688888888889,560.627962962963,144.38981481481483,0.24898148148148147,0.0021296296296296298,554.6591666666667,5.968796296296296,0.00037037037037037035,0.09907407407407408,141.28305555555556,144.6387962962963,0.45944444444444443,0.0
capacity-full-am-peak-r15-s4,recovery,3601,4973,3.2666666666666666,633.7181338517079,489.0466537073035,144.34212718689253,0.32685365176339903,0.002499305748403221,484.96695362399333,4.0797000833101915,0.0,0.09302971396834213,141.25242988058872,144.66898083865593,0.6303804498750347,0.0
acton-mixed-s3-q1000000-boff-roff,early,3599,1029,10.083333333333334,226.2995276465685,109.24979160878021,96.41594887468742,20.632120033342595,0.0016671297582661851,103.65823839955543,5.591553209224784,50.71353153653793,9.592386774103918,109.02861906085023,117.04806890803,72.0555709919422,0.0066685190330647405
acton-mixed-s3-q1000000-boff-roff,late,3600,1029,10.083333333333334,753.3169444444444,694.5191666666667,24.3625,34.43472222222222,0.0005555555555555556,688.5402777777778,5.978888888888889,0.0019444444444444444,59.68944444444445,168.00166666666667,58.797222222222224,178.84916666666666,0.011944444444444445
acton-mixed-s3-q1000000-boff-roff,recovery,3601,1029,10.083333333333334,874.9822271591224,845.8914190502638,16.41571785615107,12.671757845043043,0.0033324076645376284,845.8914190502638,0.0,0.0005554012774229381,76.82588169952791,180.59511246875869,29.087475701194112,177.09358511524576,0.0116634268258817
acton-mixed-s3-q1000000-bon-roff,early,3599,907,10.516666666666667,270.025006946374,145.73298138371769,96.2064462350653,28.084190052792444,0.0013892747985551543,141.0302861906085,4.702695193109197,48.04223395387608,13.146707418727424,101.00833564879133,124.29063628785774,86.24090025006946,0.0
acton-mixed-s3-q1000000-bon-roff,late,3600,907,10.516666666666667,855.0144444444444,775.9286111111111,24.509444444444444,54.57555555555555,0.0008333333333333334,770.2108333333333,5.717777777777778,0.0,59.719722222222224,147.74277777777777,79.085,191.905,0.0
acton-mixed-s3-q1000000-bon-roff,recovery,3601,907,10.516666666666667,996.0677589558456,954.35129130797,19.078866981394057,22.63704526520411,0.0005554012774229381,954.35129130797,0.0,0.0,76.19966675923355,168.6398222715912,41.715912246598165,179.88975284643155,0.0
