pattern,demand_profile,demand_band,request_every_seconds,offered_per_minute,burst_size,seed,policy,routing_policy,shared_ride_party_limit,sharing_mode,shared_parties,focus_station,window_start_seconds,window_end_seconds,actual_end_seconds,arrival_window_seconds,arrival_end_seconds,schedule_id,scheduled,served,remaining,skipped,completed_at_arrival_end,backlog_at_arrival_end,arrival_throughput_per_minute,completed_at_arrival_midpoint,backlog_at_arrival_midpoint,late_arrival_throughput_per_minute,late_backlog_change,drained,drain_seconds,peak_pending,peak_outstanding,peak_active_vehicles,peak_passenger_vehicles,peak_stopped_vehicles,peak_focus_approaching,peak_focus_entrance_stopped,peak_focus_exit_stopped,peak_focus_occupied_berths,peak_focus_reserved_empty_berths,stopped_pod_seconds,junction_wait_seconds,track_wait_seconds,peak_node_throughput_per_minute,peak_node,queue_cleared,queue_clear_seconds,wait_average_seconds,wait_maximum_seconds,wait_p95_seconds,journey_average_seconds,journey_p95_seconds,journey_maximum_seconds,passenger_distance_meters,empty_distance_meters,loaded_distance_percent,occupancy,rider_distance_meters,direct_distance_meters,detour_ratio_mean,detour_ratio_max,intermediate_stops,positioning_moves
profile,tfl-numbat-2019-midweek,early,12,4.966666666666667,1,1,on,free-flow,4,destination,7,940GZZLUEUS,0,3900,2818,1800,1788,fde388a840555436,149,149,0,0,87,62,2.9,25,49,4.133333333333334,13,true,1018,34,66,62,36,3,0,0,0,1,1,418,255,163,8,london-link-069-a-departure,true,453,273.0163310961969,518.5333333333333,510.35,747.3654362416107,1141.8166666666666,1157.3666666666666,903635.6242891507,1010227.8586637558,47.21526024912332,1.0512352809413732,949933.649451291,949933.649451291,1,1,0,8
profile,tfl-numbat-2019-midweek,early,12,4.966666666666667,1,1,on,free-flow,4,drop-offs,15,940GZZLUEUS,0,3900,2856,1800,1788,fde388a840555436,149,149,0,0,87,62,2.9,26,48,4.066666666666666,14,true,1056,28,66,60,36,3,0,0,0,1,1,319,211,108,8,london-link-069-a-departure,true,429,243.16465324384788,499.1,483.85,721.1418344519016,1120.15,1163.7666666666667,860623.864071166,971216.0509153833,46.98139051509233,1.1126946812199383,957611.5961599627,950458.6494512907,1.0063087717396089,1.1535002864620758,8,9
profile,tfl-numbat-2019-midweek,early,12,4.966666666666667,1,2,on,free-flow,4,destination,7,940GZZLUEUS,0,3900,2782,1800,1788,0db4ec5e24e7ed35,149,149,0,0,93,56,3.1,21,53,4.8,3,true,982,29,60,57,37,3,1,0,0,1,1,253,175,76,6,london-link-069-a-departure,true,399,255.003355704698,514.3833333333333,490.31666666666666,709.271812080537,1083.5,1132.9833333333333,864562.0989967523,985587.624535363,46.72930455305095,1.0538531671262648,911121.5062785235,911121.5062785235,1,1,0,10
profile,tfl-numbat-2019-midweek,early,12,4.966666666666667,1,2,on,free-flow,4,drop-offs,13,940GZZLUEUS,0,3900,2792,1800,1788,0db4ec5e24e7ed35,149,149,0,0,95,54,3.1666666666666665,21,53,4.933333333333334,1,true,992,29,59,52,36,2,0,0,0,1,1,123,88,35,6,london-link-069-a-departure,true,402,231.11845637583892,499.31666666666666,463.6,689.3174496644295,1058.5666666666666,1127.3833333333334,834997.0486232203,926070.403337755,47.41425705718645,1.101502740030213,919751.5370450893,911796.506278523,1.0069896796441509,1.1895599476918954,9,10
profile,tfl-numbat-2019-midweek,early,12,4.966666666666667,1,3,on,free-flow,4,destination,6,940GZZLUEUS,0,3900,2848,1800,1788,8d13d145a9ef1806,149,149,0,0,88,61,2.933333333333333,28,46,4,15,true,1048,28,62,58,39,3,0,0,0,1,1,232,176,56,5,940GZZLUPAC-01-departure,true,470,242.75883668903805,498.53333333333336,476.6,706.5902684563758,1090.9833333333333,1148.7333333333333,889624.8828732466,952897.4856080059,48.28298956319012,1.0468654932867423,931317.5919286266,931317.5919286266,1,1,0,10
profile,tfl-numbat-2019-midweek,early,12,4.966666666666667,1,3,on,free-flow,4,drop-offs,13,940GZZLUEUS,0,3900,2811,1800,1788,8d13d145a9ef1806,149,149,0,0,89,60,2.966666666666667,28,46,4.066666666666666,14,true,1011,25,61,53,37,2,0,0,0,1,1,180,141,39,5,940GZZLUPAC-01-departure,true,433,216.05816554809843,493.1,464.3833333333333,684.1277404921701,1093.4,1203.4666666666667,852040.605507834,910817.9191032633,48.33289759856378,1.1020925738198986,939027.6239969067,931842.5919286269,1.0065872307101267,1.1559710172386208,9,10
profile,tfl-numbat-2019-midweek,early,10,5.966666666666667,1,1,on,free-flow,4,destination,13,940GZZLUEUS,0,3900,2940,1800,1790,aadad49ab1254db9,179,179,0,0,96,83,3.2,27,62,4.6,21,true,1140,39,83,74,42,3,0,0,0,1,1,611,436,175,6,london-link-069-a-departure,true,515,286.60959031657353,563.25,549.1,763.3854748603352,1166.3333333333333,1203.9166666666667,1050417.0759672883,1211376.6941184674,46.44177068042158,1.0905444272684923,1145526.488624008,1145526.488624008,1,1,0,0
profile,tfl-numbat-2019-midweek,early,10,5.966666666666667,1,1,on,free-flow,4,drop-offs,24,940GZZLUEUS,0,3900,2875,1800,1790,aadad49ab1254db9,179,179,0,0,101,78,3.3666666666666667,27,62,4.933333333333334,16,true,1075,33,78,67,40,4,0,0,0,1,1,627,444,183,7,london-link-009-a-arrival,true,450,239.08491620111732,514.6833333333333,487.7,723.781843575419,1120.1833333333334,1204.6666666666667,981351.0121499603,1133062.2446750442,46.41245078190407,1.1856038790162358,1163493.5667949643,1145526.4886240074,1.0120417431941928,1.206719637386574,14,0
profile,tfl-numbat-2019-midweek,early,10,5.966666666666667,1,2,on,free-flow,4,destination,9,940GZZLUEUS,0,3900,2863,1800,1790,2b255de325ea94d8,179,179,0,0,103,76,3.433333333333333,24,65,5.266666666666667,11,true,1063,40,79,73,47,3,2,0,0,1,2,462,261,201,8,london-link-069-a-departure,true,474,282.9864059590317,569.25,530.75,739.4657355679702,1134.2666666666667,1217.2666666666667,1037111.7782445045,1229219.5078033777,45.76170238787378,1.055014724576371,1094168.19719331,1094168.19719331,1,1,0,0
profile,tfl-numbat-2019-midweek,early,10,5.966666666666667,1,2,on,free-flow,4,drop-offs,15,940GZZLUEUS,0,3900,2908,1800,1790,2b255de325ea94d8,179,179,0,0,105,74,3.5,24,65,5.4,9,true,1108,35,75,70,43,3,2,0,0,1,2,345,246,99,7,london-link-010-a-departure,true,523,258.8717877094972,532.8833333333333,493,718.7700186219739,1113.8666666666666,1155.5666666666666,1005291.0134734397,1203635.721323886,45.51038283149203,1.0970285959944928,1102832.9891867724,1094318.1971933104,1.0066107285865669,1.1817013652118589,10,0
profile,tfl-numbat-2019-midweek,early,10,5.966666666666667,1,3,on,free-flow,4,destination,12,940GZZLUEUS,0,3900,2981,1800,1790,26744e71f4c37b72,179,179,0,0,104,75,3.466666666666667,29,60,5,15,true,1181,37,82,75,42,3,2,0,0,1,2,300,225,74,6,london-link-009-a-arrival,true,552,269.7573556797021,579.0666666666667,535.5666666666667,737.4966480446927,1135.2333333333333,1190.1,1050190.6979766907,1177756.7540220388,47.137139479413975,1.077022616257831,1131079.133224407,1131079.133224407,1,1,0,0
profile,tfl-numbat-2019-midweek,early,10,5.966666666666667,1,3,on,free-flow,4,drop-offs,23,940GZZLUEUS,0,3900,2891,1800,1790,26744e71f4c37b72,179,179,0,0,106,73,3.533333333333333,29,60,5.133333333333334,13,true,1091,32,76,63,37,2,0,0,0,1,1,220,163,56,6,london-link-068-a-arrival,true,468,224.4688081936685,514.25,478,701.266573556797,1104.9166666666667,1220.85,983480.263221798,1066356.5911577714,47.97846526764058,1.168174481514993,1148876.5466817482,1131604.1332244077,1.0118384513000747,1.2046466221312568,16,0
profile,tfl-numbat-2019-midweek,early,8.571429,7,1,1,on,free-flow,4,destination,19,940GZZLUEUS,0,3900,3032,1800,1799,3563668f01b58088,210,210,0,0,112,98,3.7333333333333334,28,77,5.6,21,true,1232,47,99,88,50,4,2,0,0,1,2,809,554,251,7,london-link-017-a-departure,true,632,315.5028571428572,631.8,610.8,797.9807936507937,1219.9666666666667,1263.6,1232645.8477251732,1369880.215241661,47.36343913190166,1.1055942833969794,1362806.202767958,1362806.202767958,1,1,0,0
profile,tfl-numbat-2019-midweek,early,8.571429,7,1,1,on,free-flow,4,drop-offs,43,940GZZLUEUS,0,3900,2759,1800,1799,3563668f01b58088,210,210,0,0,117,93,3.9,29,76,5.866666666666666,17,true,959,36,94,73,46,4,2,0,0,1,2,704,513,191,8,london-link-009-a-arrival,true,440,232.3331746031746,560.5166666666667,527.5333333333333,726.7238095238096,1140.1,1260.2166666666667,1083015.1851523928,1211777.0102865782,47.19447744789034,1.2828580949852046,1389354.797395063,1362206.2027679577,1.0164396771225797,1.2747856031503002,26,0
profile,tfl-numbat-2019-midweek,early,8.571429,7,1,2,on,free-flow,4,destination,21,940GZZLUEUS,0,3900,2969,1800,1799,2c5e275a02e8aba7,210,210,0,0,117,93,3.9,28,77,5.933333333333334,16,true,1169,47,95,87,48,4,2,0,0,1,2,904,489,415,7,london-link-017-a-departure,true,613,304.34523809523813,643.8833333333333,611.3833333333333,762.1528571428572,1198.6,1266.3833333333334,1161261.497282404,1356060.2047367187,46.13083406665767,1.113816057529416,1293431.702754723,1293431.702754723,1,1,0,0
profile,tfl-numbat-2019-midweek,early,8.571429,7,1,2,on,free-flow,4,drop-offs,33,940GZZLUEUS,0,3900,2981,1800,1799,2c5e275a02e8aba7,210,210,0,0,124,86,4.133333333333334,29,76,6.333333333333333,10,true,1181,43,87,78,48,3,2,0,0,1,2,425,260,165,7,london-link-068-a-arrival,true,543,255.1065873015873,570.8666666666667,551.9833333333333,720.8989682539682,1138.4666666666667,1236.4833333333333,1098895.954120184,1296117.9055792184,45.88265532033732,1.190798798902568,1308563.98240095,1293356.7027547234,1.009181721311783,1.1980423813242134,16,0
profile,tfl-numbat-2019-midweek,early,8.571429,7,1,3,on,free-flow,4,destination,20,940GZZLUEUS,0,3900,3026,1800,1799,ddd650abd105cd58,210,210,0,0,107,103,3.566666666666667,30,75,5.133333333333334,28,true,1226,45,103,87,54,4,1,0,0,1,1,630,471,155,7,london-link-069-a-departure,true,628,286.2049206349206,627.8166666666667,584.25,754.6992857142858,1194.85,1271.3166666666666,1175359.5872867068,1282146.9870123223,47.827322196359226,1.1249289895427543,1322196.0729633418,1322196.0729633418,1,1,0,0
profile,tfl-numbat-2019-midweek,early,8.571429,7,1,3,on,free-flow,4,drop-offs,35,940GZZLUEUS,0,3900,2878,1800,1799,ddd650abd105cd58,210,210,0,0,123,87,4.1,32,73,6.066666666666666,14,true,1078,38,89,77,44,4,2,0,0,1,2,592,407,185,6,london-link-010-a-departure,true,494,233.17595238095237,596.5333333333333,552.4833333333333,710.1896825396826,1146.3833333333334,1253.4333333333334,1106905.7748445824,1168723.375974044,48.64174702834986,1.2161733341537473,1346189.2869030759,1322646.0729633425,1.0145675649102555,1.230066744571791,25,0
profile,tfl-numbat-2019-midweek,early,7.5,7.966666666666667,1,1,on,free-flow,4,destination,33,940GZZLUEUS,0,3900,3499,1800,1792.5,63b1ce4d79486c0c,239,239,0,0,127,112,4.233333333333333,29,90,6.533333333333333,22,true,1699,54,112,93,52,7,2,0,0,2,2,1333,784,549,6,london-link-057-b-departure,true,739.5,309.0170153417015,836.9833333333333,622.1666666666666,792.0808228730823,1227.0666666666666,1803.3333333333333,1307970.4717259752,1482671.7464300024,46.8698732935484,1.1872466683974285,1552883.584971387,1552883.584971387,1,1,0,0
profile,tfl-numbat-2019-midweek,early,7.5,7.966666666666667,1,1,on,free-flow,4,drop-offs,50,940GZZLUEUS,0,3900,2878,1800,1792.5,63b1ce4d79486c0c,239,239,0,0,130,109,4.333333333333333,31,88,6.6,21,true,1078,45,110,82,51,4,2,0,0,1,2,748,467,281,7,london-link-069-a-departure,true,503.5,250.76464435146445,633.2833333333333,586.1166666666667,746.3393305439331,1210.8333333333333,1323.05,1222247.1088903048,1308029.4743258895,48.304881648026246,1.29719495006331,1585492.7774674937,1552283.5849713872,1.0174878758108883,1.2944558459332471,31,0
profile,tfl-numbat-2019-midweek,early,7.5,7.966666666666667,1,2,on,free-flow,4,destination,26,940GZZLUEUS,0,3900,3088,1800,1792.5,b14207684481cacc,239,239,0,0,126,113,4.2,33,86,6.2,27,true,1288,59,114,99,53,6,2,0,0,1,2,2176,1170,1006,7,london-link-009-a-arrival,true,701.5,338.01276150627615,700.5166666666667,664.2833333333333,803.0401673640167,1253.1333333333334,1328.4833333333333,1322123.8153101476,1562068.8654026275,45.84034291992617,1.1226964292727115,1484343.6865510906,1484343.6865510906,1,1,0,0
profile,tfl-numbat-2019-midweek,early,7.5,7.966666666666667,1,2,on,free-flow,4,drop-offs,46,940GZZLUEUS,0,3900,2989,1800,1792.5,b14207684481cacc,239,239,0,0,141,98,4.7,33,86,7.2,12,true,1189,44,99,82,51,3,2,0,0,1,2,639,432,207,6,london-link-009-a-arrival,true,597.5,259.00934449093444,616.2666666666667,570.2666666666667,730.7801255230127,1173.7333333333333,1225.9833333333333,1200544.3931188015,1379032.697455986,46.5403572355069,1.258137171432749,1510449.5270275022,1483968.68655109,1.0137724553835907,1.1980423813242134,26,0
profile,tfl-numbat-2019-midweek,early,7.5,7.966666666666667,1,3,on,free-flow,4,destination,30,940GZZLUEUS,0,3900,3006,1800,1792.5,93ce2d6fb7cde873,239,239,0,0,131,108,4.366666666666666,35,84,6.4,24,true,1206,54,110,97,50,4,2,0,0,1,2,934,608,326,7,london-link-010-a-departure,true,636.5,294.6728730822873,761.2333333333333,632.35,766.7387029288702,1227.6833333333334,1332.4333333333334,1287899.545528735,1428649.6901605974,47.409394558679026,1.1708976826102433,1507998.5933517057,1507998.5933517057,1,1,0,0
profile,tfl-numbat-2019-midweek,early,7.5,7.966666666666667,1,3,on,free-flow,4,drop-offs,56,940GZZLUEUS,0,3900,2816,1800,1792.5,93ce2d6fb7cde873,239,239,0,0,145,94,4.833333333333333,38,81,7.133333333333334,13,true,1016,38,100,77,45,4,2,0,0,1,2,456,334,122,7,london-link-009-a-arrival,true,439.5,215.16408647140864,585.8333333333334,524.4333333333333,697.0733612273361,1122.0333333333333,1254.7333333333333,1146937.8369867709,1223407.6232011525,48.3869484955092,1.344560667045403,1542127.5032726945,1507923.5933517055,1.0181201270942308,1.1912004176097335,31,0
profile,tfl-numbat-2019-midweek,early,6.666667,8.966666666666667,1,1,on,free-flow,4,destination,33,940GZZLUEUS,0,3900,3295,1800,1793.3333333333333,4a2c0b0e2de5a8b9,269,269,0,0,133,136,4.433333333333334,36,98,6.466666666666667,38,true,1495,67,137,114,56,13,2,0,0,1,2,5582,1490,4092,8,london-link-069-a-departure,true,862.6666666666666,370.7039033457249,882.0833333333334,789.3166666666667,853.6415737298637,1387.1666666666667,1638.8,1509932.3278509635,1784482.835879542,45.83309184811903,1.155103150978556,1744127.5896569218,1744127.5896569218,1,1,0,0
profile,tfl-numbat-2019-midweek,early,6.666667,8.966666666666667,1,1,on,free-flow,4,drop-offs,66,940GZZLUEUS,0,3900,3064,1800,1793.3333333333333,4a2c0b0e2de5a8b9,269,269,0,0,151,118,5.033333333333333,35,99,7.733333333333333,19,true,1264,43,119,89,53,4,2,0,0,1,2,708,443,265,6,london-link-009-a-arrival,true,676.6666666666666,243.77205700123918,676.3333333333334,595.4333333333333,739.1346964064436,1214.9,1299.8,1316935.9549031847,1368659.9344389094,49.03701112030679,1.3552795396144333,1784816.3547178046,1745177.5896569218,1.0183817051615034,1.2783866974377407,37,0
profile,tfl-numbat-2019-midweek,early,6.666667,8.966666666666667,1,2,on,free-flow,4,destination,35,940GZZLUEUS,0,3900,3119,1800,1793.3333333333333,d22cf29e05f827ac,269,269,0,0,142,127,4.733333333333333,35,99,7.133333333333334,28,true,1319,64,131,108,56,7,2,0,0,1,2,2603,1571,1032,6,london-link-009-a-departure,true,689.6666666666666,349.28556381660474,769.5,683.6,815.8654894671624,1284.2166666666667,1338.0666666666666,1443962.253190677,1735136.536806589,45.42049016324903,1.1575667425279803,1671482.6817698611,1671482.6817698611,1,1,0,0
profile,tfl-numbat-2019-midweek,early,6.666667,8.966666666666667,1,2,on,free-flow,4,drop-offs,63,940GZZLUEUS,0,3900,3003,1800,1793.3333333333333,d22cf29e05f827ac,269,269,0,0,153,116,5.1,38,96,7.666666666666667,20,true,1203,49,118,90,52,3,2,0,0,1,2,1030,650,380,7,london-link-069-a-departure,true,582.6666666666666,260.7048327137546,664.8666666666667,608.95,739.4295539033457,1210.9833333333333,1369.8166666666666,1280197.2469346956,1430581.8959965522,47.2261729721876,1.341900979007404,1717897.9390532195,1671332.6817698607,1.022093169238932,1.2050199400722055,42,0
profile,tfl-numbat-2019-midweek,early,6.666667,8.966666666666667,1,3,on,free-flow,4,destination,31,940GZZLUEUS,0,3900,3204,1800,1793.3333333333333,d987e36c0704b230,269,269,0,0,143,126,4.766666666666667,41,93,6.8,33,true,1404,67,127,114,57,8,2,0,0,1,2,2476,1423,1053,8,london-link-069-a-departure,true,877.6666666666666,343.19095415117715,896.7333333333333,683.2,820.742936802974,1295.25,1443.35,1481056.1737062796,1804205.5603285916,45.0818319393775,1.1432059880604415,1693152.2864348306,1693152.2864348306,1,1,0,0
profile,tfl-numbat-2019-midweek,early,6.666667,8.966666666666667,1,3,on,free-flow,4,drop-offs,67,940GZZLUEUS,0,3900,2755,1800,1793.3333333333333,d987e36c0704b230,269,269,0,0,161,108,5.366666666666666,41,93,8,15,true,955,46,116,88,53,3,2,0,0,1,2,774,523,251,8,london-link-010-a-departure,true,399.6666666666667,234.74392812887237,819.25,586.9833333333333,721.5874225526642,1196.7666666666667,1330.9166666666667,1270756.402276368,1310418.4077374246,49.23170632792507,1.3698826962974466,1740787.206760472,1694127.2864348316,1.0218045349161442,1.2166773766309618,40,0
profile,tfl-numbat-2019-midweek,am-peak,5.4545449999999995,11,1,1,on,free-flow,4,destination,1,940GZZLUEUS,0,3900,3334,1800,1798.5,d27211c532c656cc,330,330,0,0,216,114,7.2,75,90,9.4,24,true,1534,51,117,114,73,3,4,0,1,2,2,282,217,65,5,london-link-017-a-arrival,true,699.5,186.6130303030303,1040.2333333333333,477.6666666666667,587.1421717171717,1114.7166666666667,1562.6333333333334,1781076.9013144367,1071300.2542762454,62.441844263950564,1.001654358254304,1784023.440509304,1784023.440509304,1,1,0,0
profile,tfl-numbat-2019-midweek,am-peak,5.4545449999999995,11,1,1,on,free-flow,4,drop-offs,10,940GZZLUEUS,0,3900,3230,1800,1798.5,d27211c532c656cc,330,330,0,0,222,108,7.4,76,89,9.733333333333333,19,true,1430,46,117,109,75,2,3,1,1,2,2,305,247,57,5,940GZZLUWLO-01-arrival,true,589.5,168.51065656565657,831.4,450.0833333333333,571.0626262626263,1047.5333333333333,1484.55,1753752.1675977567,986081.2583305973,64.00944491738662,1.0216177346196844,1791664.3164732126,1784248.4405093037,1.0038501462189346,1.1964877401340694,9,0
profile,tfl-numbat-2019-midweek,am-peak,5.4545449999999995,11,1,2,on,free-flow,4,destination,2,940GZZLUEUS,0,3900,2992,1800,1798.5,b1938ab1a755350f,330,330,0,0,225,105,7.5,62,103,10.866666666666667,2,true,1192,43,116,110,80,3,3,0,0,1,2,310,248,62,5,london-link-041-a-departure,true,546.5,170.49161616161615,678.7333333333333,476.55,566.7957575757576,1091.45,1526.4,1757135.7680749958,977289.0122195533,64.25979535943641,1.004572776929611,1765170.7579050043,1765170.7579050043,1,1,0,0
profile,tfl-numbat-2019-midweek,am-peak,5.4545449999999995,11,1,2,on,free-flow,4,drop-offs,5,940GZZLUEUS,0,3900,3023,1800,1798.5,b1938ab1a755350f,330,330,0,0,225,105,7.5,62,103,10.866666666666667,2,true,1223,42,116,113,83,2,3,0,0,1,2,195,150,44,5,london-link-041-a-departure,true,577.5,174.62429292929292,802.0166666666667,471.4,571.5968686868687,1088.7166666666667,1526.4,1758346.2456799834,1020078.380899914,63.28572777748592,1.005735090303,1768430.520110446,1765395.757905004,1.0023528546660125,1.2649924107744963,4,0
profile,tfl-numbat-2019-midweek,am-peak,5.4545449999999995,11,1,3,on,free-flow,4,destination,1,940GZZLUEUS,0,3900,2869,1800,1798.5,8d37e544ed24f656,330,330,0,0,223,107,7.433333333333334,72,93,10.066666666666666,14,true,1069,45,113,109,75,2,3,0,1,1,2,196,149,47,5,london-link-048-a-departure,true,535.5,173.79550505050506,676.7166666666667,450.48333333333335,560.7720707070707,1048.5,1393.3333333333333,1720641.7319433233,1007378.8210892674,63.072902072918055,1.0016688769195268,1723513.2711538316,1723513.2711538316,1,1,0,0
profile,tfl-numbat-2019-midweek,am-peak,5.4545449999999995,11,1,3,on,free-flow,4,drop-offs,8,940GZZLUEUS,0,3900,2771,1800,1798.5,8d37e544ed24f656,330,330,0,0,228,102,7.6,73,92,10.333333333333334,10,true,971,41,110,104,79,2,3,0,0,1,2,265,204,61,6,london-link-075-b-departure,true,372.5,159.33065656565657,670.0833333333334,401.1333333333333,548.0283333333333,1016.7,1393.3333333333333,1694689.0559167163,913223.0220100237,64.98259930848492,1.0201558915223894,1728847.0246345142,1723738.2711538319,1.0025332913093168,1.2440008390367427,6,0
profile,tfl-numbat-2019-midweek,am-peak,5,11.966666666666667,1,1,on,free-flow,4,destination,9,940GZZLUEUS,0,3900,3514,1800,1795,03cdebea63353488,359,359,0,0,222,137,7.4,77,102,9.666666666666666,35,true,1714,66,138,114,74,3,6,0,1,2,2,441,351,90,6,london-link-022-a-departure,true,880,224.61174558960073,1049.6166666666666,596.7,621.9481429897864,1187.15,1888.45,1896156.2654704389,1273002.3682003021,59.83153526379897,1.0137289572599542,1922188.513688241,1922188.513688241,1,1,0,0
profile,tfl-numbat-2019-midweek,am-peak,5,11.966666666666667,1,1,on,free-flow,4,drop-offs,16,940GZZLUEUS,0,3900,3477,1800,1795,03cdebea63353488,359,359,0,0,231,128,7.7,78,101,10.2,27,true,1677,61,132,114,76,3,7,1,1,2,2,332,239,87,6,london-link-031-b-departure,true,846,210.64586815227486,1015.5,576.1666666666666,609.4589600742804,1217.65,1851.9833333333333,1870370.9252763044,1271254.6758849956,59.53513125768146,1.0314219893558418,1929141.7004775824,1919488.5136882407,1.0046682223017656,1.2418167362831427,12,0
profile,tfl-numbat-2019-midweek,am-peak,5,11.966666666666667,1,2,on,free-flow,4,destination,1,940GZZLUEUS,0,3900,3017,1800,1795,1ce863a45082331f,359,359,0,0,236,123,7.866666666666666,67,112,11.266666666666667,11,true,1217,62,131,114,82,2,3,0,0,1,2,391,320,70,5,london-link-020-b-arrival,true,647,226.1044103992572,982.25,588.0666666666667,618.5993964716805,1220.5833333333333,1668.8166666666666,1890923.5425795552,1152546.665606729,62.13050936044569,1.0039609746911082,1898413.442767855,1898413.442767855,1,1,0,0
profile,tfl-numbat-2019-midweek,am-peak,5,11.966666666666667,1,2,on,free-flow,4,drop-offs,10,940GZZLUEUS,0,3900,3004,1800,1795,1ce863a45082331f,359,359,0,0,241,118,8.033333333333333,67,112,11.6,6,true,1204,51,129,114,82,2,3,0,0,1,2,296,235,61,4,940GZZLUBXN-01-arrival,true,604,203.05589600742806,798.1333333333333,545.15,597.1128597957288,1182.4333333333334,1668.8166666666666,1877972.6582829924,1109505.7138991386,62.861464563884795,1.0153047751087254,1906714.607373615,1898638.4427678548,1.005299059211537,1.5086687115034647,10,0
profile,tfl-numbat-2019-midweek,am-peak,5,11.966666666666667,1,3,on,free-flow,4,destination,1,940GZZLUEUS,0,3900,3179,1800,1795,274627ca8e822360,359,359,0,0,233,126,7.766666666666667,75,104,10.533333333333333,22,true,1379,66,133,114,73,5,3,0,0,1,2,770,586,183,7,london-link-048-a-departure,true,742,236.89363974001856,850.8833333333333,589.6833333333333,629.5694986072424,1236.9666666666667,1536.3166666666666,1894464.2515436208,1311343.9452020135,59.09474726113621,1.0015949307414067,1897485.7907085281,1897485.7907085281,1,1,0,0
profile,tfl-numbat-2019-midweek,am-peak,5,11.966666666666667,1,3,on,free-flow,4,drop-offs,12,940GZZLUEUS,0,3900,3229,1800,1795,274627ca8e822360,359,359,0,0,236,123,7.866666666666666,77,102,10.6,21,true,1429,61,130,114,74,4,3,0,0,2,2,540,435,105,5,940GZZLUWLO-01-arrival,true,514,223.38732590529247,809.0333333333333,575.4666666666667,618.3587279480037,1211.2,1493.15,1862806.9676440437,1275737.9638176903,59.35256650209775,1.0236672998952427,1906894.5786925228,1897410.7907085281,1.0046163942543378,1.3327710785494125,12,0
profile,tfl-numbat-2019-midweek,am-peak,4.615385,13.033333333333333,1,1,on,free-flow,4,destination,11,940GZZLUEUS,0,3900,3445,1800,1798.6,ea9a92c10a2e02f6,391,391,0,0,235,156,7.833333333333333,82,113,10.2,43,true,1645,87,162,114,75,3,6,1,1,2,2,369,280,83,6,london-link-048-a-departure,true,981.4,287.40451832907075,1089.4333333333334,737.6333333333333,685.6500000000001,1346.1166666666666,1927.2833333333333,2070351.065915569,1451452.5750650251,58.78666947312004,1.0146369425577986,2100654.6753855934,2100654.6753855934,1,1,0,0
profile,tfl-numbat-2019-midweek,am-peak,4.615385,13.033333333333333,1,1,on,free-flow,4,drop-offs,26,940GZZLUEUS,0,3900,3225,1800,1798.6,ea9a92c10a2e02f6,391,391,0,0,247,144,8.233333333333333,82,113,11,31,true,1425,79,148,114,79,3,5,0,1,2,1,351,286,65,5,london-link-009-a-arrival,true,606.4,241.40967604433078,870.3666666666667,613.9166666666666,643.1857630008525,1235.5,1696.3666666666666,2027216.3819049653,1314150.3584460402,60.67027475385744,1.0449238474447997,2118286.7412350154,2099604.6753855934,1.0094673662032219,1.3271664450883998,22,0
profile,tfl-numbat-2019-midweek,am-peak,4.615385,13.033333333333333,1,2,on,free-flow,4,destination,6,940GZZLUEUS,0,3900,3320,1800,1798.6,0e4f347011d2dd56,391,391,0,0,236,155,7.866666666666666,72,123,10.933333333333334,32,true,1520,93,156,114,78,3,6,0,2,1,2,469,344,124,7,london-link-048-a-departure,true,966.4,309.76304347826084,1095.6,736.2166666666667,704.9720375106564,1321.9,1776.1,2052647.8536944147,1416655.2530990636,59.16599935229025,1.0147931631671445,2083013.0081689258,2083013.0081689258,1,1,0,0
profile,tfl-numbat-2019-midweek,am-peak,4.615385,13.033333333333333,1,2,on,free-flow,4,drop-offs,31,940GZZLUEUS,0,3900,2963,1800,1798.6,0e4f347011d2dd56,391,391,0,0,244,147,8.133333333333333,72,123,11.466666666666667,24,true,1163,81,149,114,77,2,4,0,0,1,2,357,282,71,5,london-link-048-a-arrival,true,572.4,253.70055413469737,942.8333333333334,607.2666666666667,654.2354219948849,1236.9833333333333,1771.7,1998820.3928767543,1218433.958648089,62.12814327003389,1.0556910134429596,2110136.726104832,2083688.0081689253,1.0119372628344356,1.2728551483194512,30,0
profile,tfl-numbat-2019-midweek,am-peak,4.615385,13.033333333333333,1,3,on,free-flow,4,destination,10,940GZZLUEUS,0,3900,3439,1800,1798.6,629b0a4814791cff,391,391,0,0,242,149,8.066666666666666,77,118,11,31,true,1639,90,156,114,75,4,3,0,1,1,2,619,466,153,6,london-link-009-a-arrival,true,1006.4,293.8691815856777,1047.05,714.2333333333333,683.04305200341,1328.5833333333333,1808.7666666666667,2011154.9145933937,1480775.4384173153,57.59435931645645,1.0180898214323133,2047536.34773021,2047536.34773021,1,1,0,0
profile,tfl-numbat-2019-midweek,am-peak,4.615385,13.033333333333333,1,3,on,free-flow,4,drop-offs,22,940GZZLUEUS,0,3900,3280,1800,1798.6,629b0a4814791cff,391,391,0,0,247,144,8.233333333333333,77,118,11.333333333333334,26,true,1480,78,148,114,72,3,3,0,1,1,1,634,492,139,6,london-link-031-b-departure,true,859.4,263.3132992327366,925.25,705.6166666666667,655.5823529411765,1334.25,1713.2,1979321.5046939494,1446173.208479663,57.78206275087696,1.040991167714423,2060456.2043188154,2044836.34773021,1.0076523402343929,1.2986531638865157,18,0
profile,tfl-numbat-2019-midweek,am-peak,4.2857140000000005,14,1,1,on,free-flow,4,destination,12,940GZZLUEUS,0,3900,3777,1800,1799,24df56c9a0e2d1b9,420,420,0,0,236,184,7.866666666666666,86,124,10,60,true,1977,112,187,114,71,2,6,0,1,2,1,449,369,80,5,london-link-017-a-departure,true,1165,361.8572619047619,1288.2,832.2666666666667,760.191746031746,1497.8,2157.5333333333333,2221840.10219912,1669707.3997124794,57.09399926655685,1.016099220924253,2257609.996666747,2257609.996666747,1,1,0,0
profile,tfl-numbat-2019-midweek,am-peak,4.2857140000000005,14,1,1,on,free-flow,4,drop-offs,42,940GZZLUEUS,0,3900,3314,1800,1799,24df56c9a0e2d1b9,420,420,0,0,260,160,8.666666666666666,87,123,11.533333333333333,37,true,1514,89,162,114,78,3,6,1,0,2,2,594,466,126,6,london-link-048-a-departure,true,858,264.7015873015873,1043.2333333333333,670.4333333333333,670.4054761904762,1296.75,1882.0666666666666,2128228.9682037476,1389114.4962096245,60.50671450587772,1.0758019573637,2289552.889530591,2259334.9966667467,1.0122503928906266,1.3787652122134353,34,0
profile,tfl-numbat-2019-midweek,am-peak,4.2857140000000005,14,1,2,on,free-flow,4,destination,17,940GZZLUEUS,0,3900,3611,1800,1799,ad09ad1e7b111875,420,420,0,0,238,182,7.933333333333334,79,131,10.6,51,true,1811,115,183,114,77,4,6,0,0,1,2,425,323,100,6,london-link-048-a-arrival,true,1018,351.86126984126986,1105.9666666666667,810.6166666666667,743.6679365079365,1301.95,1906.2,2152828.818315373,1585787.7756269579,57.58356772405052,1.0305916647147066,2218687.435534188,2218687.435534188,1,1,0,0
profile,tfl-numbat-2019-midweek,am-peak,4.2857140000000005,14,1,2,on,free-flow,4,drop-offs,35,940GZZLUEUS,0,3900,3447,1800,1799,ad09ad1e7b111875,420,420,0,0,259,161,8.633333333333333,80,130,11.933333333333334,31,true,1647,84,164,114,82,3,5,0,1,1,2,361,275,84,6,london-link-084-b-departure,true,963,281.38694444444445,1163.8666666666666,697.3166666666667,677.9346825396825,1268.6666666666667,1849.2333333333333,2104950.0683338013,1428784.8242227945,59.56728878466903,1.0662138658003328,2244326.949502507,2220712.4355341885,1.0094250583168005,1.313454348348634,28,0
profile,tfl-numbat-2019-midweek,am-peak,4.2857140000000005,14,1,3,on,free-flow,4,destination,13,940GZZLUEUS,0,3900,3373,1800,1799,faba3276afd301f0,420,420,0,0,248,172,8.266666666666667,84,126,10.933333333333334,46,true,1573,107,177,114,71,5,5,1,0,1,2,626,478,147,6,london-link-048-a-arrival,true,988,347.04837301587304,1124.1333333333334,835.0333333333333,737.8963888888889,1425.8666666666666,1832.0666666666666,2160956.6769045857,1622100.2318976691,57.12197117300995,1.020890066334109,2206099.2050501443,2206099.2050501443,1,1,0,0
profile,tfl-numbat-2019-midweek,am-peak,4.2857140000000005,14,1,3,on,free-flow,4,drop-offs,43,940GZZLUEUS,0,3900,3295,1800,1799,faba3276afd301f0,420,420,0,0,257,163,8.566666666666666,84,126,11.533333333333333,37,true,1495,89,168,114,73,4,4,0,0,1,1,771,591,180,7,london-link-048-a-departure,true,736,278.5652777777778,1050.2333333333333,718,675.3690476190476,1294.45,1838.1833333333334,2063500.29783359,1499992.1101638642,57.90668427418365,1.0832676092291764,2235323.034114451,2203999.2050501443,1.0125590523445789,1.2961234353036977,33,0
profile,tfl-numbat-2019-midweek,am-peak,4,14.966666666666667,1,1,on,free-flow,4,destination,23,940GZZLUEUS,0,3900,3553,1800,1796,e9e681de5348b2c1,449,449,0,0,241,208,8.033333333333333,91,133,10,75,true,1753,142,212,114,70,3,4,0,1,2,1,544,445,98,6,london-link-048-a-departure,true,1112,427.33878990348927,1302.0166666666667,937.15,821.2969190794357,1564.95,2099.8,2313397.5538777513,1790964.4621092745,56.364364178080926,1.0301273010814012,2383093.9782817513,2383093.9782817513,1,1,0,0
profile,tfl-numbat-2019-midweek,am-peak,4,14.966666666666667,1,1,on,free-flow,4,drop-offs,64,940GZZLUEUS,0,3900,3522,1800,1796,e9e681de5348b2c1,449,449,0,0,260,189,8.666666666666666,93,131,11.133333333333333,58,true,1722,108,194,114,73,4,5,0,1,2,1,563,413,147,6,london-link-048-a-departure,true,851,318.1129175946548,1195.2,786.15,720.2846325167037,1342.6666666666667,2028.6666666666667,2176505.4717508573,1519166.8347953437,58.89335664029464,1.1153462394350502,2427557.192826155,2383468.9782817517,1.0175440724285016,1.3805432059138336,44,0
profile,tfl-numbat-2019-midweek,am-peak,4,14.966666666666667,1,2,on,free-flow,4,destination,25,940GZZLUEUS,0,3900,3877,1800,1796,15fe1f6c8c9c1257,449,449,0,0,246,203,8.2,83,141,10.866666666666667,62,true,2077,135,203,114,77,4,5,0,1,1,2,522,417,104,6,london-link-017-a-departure,true,1221,399.5634001484781,1296.8,871.65,790.8892724573125,1475.3166666666666,2156.0333333333333,2246826.0774291707,1671281.4364141156,57.344676466655976,1.054058145633607,2368285.3285274035,2368285.3285274035,1,1,0,0
profile,tfl-numbat-2019-midweek,am-peak,4,14.966666666666667,1,2,on,free-flow,4,drop-offs,60,940GZZLUEUS,0,3900,3741,1800,1796,15fe1f6c8c9c1257,449,449,0,0,255,194,8.5,84,140,11.4,54,true,1941,102,195,114,77,3,2,0,0,2,1,467,340,126,7,london-link-017-a-departure,true,1122,316.72067557535263,1156.4,710.6666666666666,716.0835560504826,1358.1833333333334,2020.9833333333333,2157679.3581093713,1442619.8680506398,59.930556394633285,1.1169696119623163,2410062.2751707113,2368810.328527404,1.016461478439668,1.3866091236141063,44,0
profile,tfl-numbat-2019-midweek,am-peak,4,14.966666666666667,1,3,on,free-flow,4,destination,19,940GZZLUEUS,0,3900,3558,1800,1796,57f343b118d7dc71,449,449,0,0,250,199,8.333333333333334,82,142,11.2,57,true,1758,134,199,114,71,5,6,1,1,2,2,615,484,130,5,940GZZLULVT-01-arrival,true,1093,404.45720118782475,1251.5666666666666,908.95,797.1348552338529,1537.35,2000.6333333333334,2309594.3408278218,1761997.047238459,56.72461012657551,1.0278780997416306,2373981.442003045,2373981.442003045,1,1,0,0
profile,tfl-numbat-2019-midweek,am-peak,4,14.966666666666667,1,3,on,free-flow,4,drop-offs,55,940GZZLUEUS,0,3900,3563,1800,1796,57f343b118d7dc71,449,449,0,0,260,189,8.666666666666666,88,136,11.466666666666667,53,true,1763,113,191,114,74,3,6,0,1,2,2,688,542,142,6,london-link-048-a-departure,true,1107,329.49168522642907,1186.3166666666666,834.2333333333333,729.2612843355605,1436.25,1942.1666666666667,2202113.150638145,1597899.1155164486,57.95015901005404,1.0946708461627224,2410589.065750078,2371581.442003044,1.015812499155006,1.3672433854015433,41,0
profile,tfl-numbat-2019-midweek,evening,5,11.966666666666667,1,1,on,free-flow,4,destination,6,940GZZLUEUS,0,3900,2994,1800,1795,a190a3a06673b595,359,359,0,0,228,131,7.6,74,105,10.266666666666667,26,true,1194,66,136,114,77,3,4,0,0,2,2,292,228,63,6,london-link-087-a-departure,true,659,244.194243268338,883.4333333333333,549.7666666666667,649.1270194986073,1142.5833333333333,1743.85,1936728.5988206298,1221662.044518276,61.32010943311335,1.014123930411732,1964082.8186560585,1964082.8186560585,1,1,0,0
profile,tfl-numbat-2019-midweek,evening,5,11.966666666666667,1,1,on,free-flow,4,drop-offs,11,940GZZLUEUS,0,3900,2996,1800,1795,a190a3a06673b595,359,359,0,0,228,131,7.6,74,105,10.266666666666667,26,true,1196,65,134,114,77,2,4,0,0,2,2,366,298,68,6,london-link-048-a-departure,true,505,228.04275766016715,893.7666666666667,491.78333333333336,635.2949860724234,1070.5,1754.1833333333334,1932019.562062068,1182268.8852231475,62.03727094535017,1.0211491251800604,1972880.0855104183,1964607.8186560583,1.004322029458451,1.2661525241659297,10,0
profile,tfl-numbat-2019-midweek,evening,5,11.966666666666667,1,2,on,free-flow,4,destination,2,940GZZLUEUS,0,3900,3351,1800,1795,140deb2d9657264b,359,359,0,0,217,142,7.233333333333333,75,104,9.466666666666667,38,true,1551,78,145,114,76,4,3,1,1,2,2,651,512,139,5,london-link-020-a-departure,true,849,259.8892293407614,1023.2166666666667,647.95,665.0743268337975,1187.5833333333333,1670.35,1955216.02355615,1274846.3699034639,60.53183454026045,1.0030092552496614,1961099.7675151397,1961099.7675151397,1,1,0,0
profile,tfl-numbat-2019-midweek,evening,5,11.966666666666667,1,2,on,free-flow,4,drop-offs,8,940GZZLUEUS,0,3900,3000,1800,1795,140deb2d9657264b,359,359,0,0,218,141,7.266666666666667,75,104,9.533333333333333,37,true,1200,72,142,114,79,3,3,0,1,2,2,363,302,61,5,london-link-017-a-departure,true,706,244.71787372330547,776.0666666666667,596.7666666666667,650.611931290622,1162.75,1494.35,1940051.1875924363,1192883.4727866559,61.92440628039417,1.0131632535338417,1965588.5731220695,1960574.7675151397,1.0025184043645354,1.1996290282052704,6,0
profile,tfl-numbat-2019-midweek,evening,5,11.966666666666667,1,3,on,free-flow,4,destination,3,940GZZLUEUS,0,3900,3025,1800,1795,3de16aff2dc2b065,359,359,0,0,234,125,7.8,76,103,10.533333333333333,22,true,1225,57,131,114,83,3,2,0,0,1,2,390,298,92,5,london-link-023-a-arrival,true,574,208.6363974001857,766.25,458.2,591.7589600742805,966.4333333333333,1557.15,1836687.6839120768,1242450.8198722303,59.64940133919796,1.0079382969346462,1851267.8560292467,1851267.8560292467,1,1,0,0
profile,tfl-numbat-2019-midweek,evening,5,11.966666666666667,1,3,on,free-flow,4,drop-offs,11,940GZZLUEUS,0,3900,3155,1800,1795,3de16aff2dc2b065,359,359,0,0,236,123,7.866666666666666,78,101,10.533333333333333,22,true,1355,51,127,114,84,2,2,0,0,1,1,324,242,82,5,london-link-048-a-departure,true,724,186.2775766016713,804.0333333333333,423.06666666666666,570.8621169916435,983.7666666666667,1459.6833333333334,1822924.031022344,1203652.207489606,60.23056706209407,1.0201806854674726,1859711.8874321925,1851942.8560292465,1.0045065019219654,1.312648462716758,10,0
profile,tfl-numbat-2019-midweek,evening,4.615385,13.033333333333333,1,1,on,free-flow,4,destination,6,940GZZLUEUS,0,3900,3571,1800,1798.6,e963afde427cc29f,391,391,0,0,228,163,7.6,78,117,10,46,true,1771,94,163,114,85,4,4,0,1,1,1,360,285,75,6,london-link-048-a-departure,true,970.4,304.5745950554135,970.2833333333333,662.55,706.632821824382,1269.05,1799.3166666666666,2093775.5138017244,1424951.2268202677,59.50378270725323,1.0135131268226236,2122068.967695784,2122068.967695784,1,1,0,0
profile,tfl-numbat-2019-midweek,evening,4.615385,13.033333333333333,1,1,on,free-flow,4,drop-offs,16,940GZZLUEUS,0,3900,3332,1800,1798.6,e963afde427cc29f,391,391,0,0,232,159,7.733333333333333,78,117,10.266666666666667,42,true,1532,83,161,114,79,4,4,0,1,1,1,370,293,77,6,london-link-048-a-departure,true,759.4,283.0950554134697,937.5833333333334,619.7166666666667,687.225831202046,1174.0666666666666,1754.9833333333333,2059693.4416037288,1344072.3106970612,60.51219712201024,1.0346121334695426,2130983.8257550453,2122968.9676957848,1.0032142795688972,1.1734982720034715,9,0
profile,tfl-numbat-2019-midweek,evening,4.615385,13.033333333333333,1,2,on,free-flow,4,destination,7,940GZZLUEUS,0,3900,3166,1800,1798.6,5c39f262c2e4a004,391,391,0,0,232,159,7.733333333333333,78,117,10.266666666666667,42,true,1366,87,161,114,77,3,3,0,0,2,1,387,301,86,5,london-link-020-a-departure,true,776.4,280.7466325660699,822.7833333333333,620.9666666666667,685.3811167945439,1140.8,1507.7333333333333,2092715.0648402243,1284391.95139003,61.9676857968288,1.0198627248028593,2134282.088101761,2134282.088101761,1,1,0,0
profile,tfl-numbat-2019-midweek,evening,4.615385,13.033333333333333,1,2,on,free-flow,4,drop-offs,17,940GZZLUEUS,0,3900,3197,1800,1798.6,5c39f262c2e4a004,391,391,0,0,232,159,7.733333333333333,78,117,10.266666666666667,42,true,1397,85,161,114,82,2,4,0,0,2,1,297,231,66,5,london-link-025-a-arrival,true,904.4,266.938746803069,1051.5666666666666,634.8833333333333,674.256095481671,1192.6,1570.1,2065515.4995237929,1295564.1600820248,61.453928758297664,1.039732497604118,2147583.5890014684,2135782.0881017605,1.0048518539302311,1.2091742270902173,14,0
profile,tfl-numbat-2019-midweek,evening,4.615385,13.033333333333333,1,3,on,free-flow,4,destination,4,940GZZLUEUS,0,3900,3049,1800,1798.6,a6a90c310b40c11b,391,391,0,0,244,147,8.133333333333333,79,116,11,31,true,1249,73,149,114,79,3,2,0,1,1,2,422,334,88,5,london-link-020-a-departure,true,660.4,260.4762574595055,834.8166666666667,584.5166666666667,643.5431372549019,1099.3333333333333,1446.4166666666667,2000499.5619105317,1346846.4230035774,59.76375226601691,1.007880155639872,2016263.809679798,2016263.809679798,1,1,0,0
profile,tfl-numbat-2019-midweek,evening,4.615385,13.033333333333333,1,3,on,free-flow,4,drop-offs,14,940GZZLUEUS,0,3900,2864,1800,1798.6,a6a90c310b40c11b,391,391,0,0,245,146,8.166666666666666,79,116,11.066666666666666,30,true,1064,66,146,114,78,4,2,0,0,1,1,490,378,111,5,940GZZLUKSX-01-arrival,true,566.4,233.9490622335891,742.8333333333334,517.8166666666667,619.1761722080137,1026.0166666666667,1440.1166666666666,1967650.7911279905,1227666.1426505817,61.57920581609336,1.0293079329351156,2025318.5684238637,2015063.8096797979,1.004277909647158,1.2561439216383448,12,0
profile,tfl-numbat-2019-midweek,evening,4.2857140000000005,14,1,1,on,free-flow,4,destination,12,940GZZLUEUS,0,3900,3400,1800,1799,e5a5471b5e211a7c,420,420,0,0,236,184,7.866666666666666,80,130,10.4,54,true,1600,106,184,114,78,3,4,0,0,1,2,430,329,93,6,london-link-048-a-departure,true,1138,347.87059523809523,1279.1,746.4333333333333,745.4829365079364,1288.8166666666666,1742.1833333333334,2197293.3430477837,1532720.1738806888,58.90845523951809,1.0249455095144098,2252105.9448514846,2252105.9448514846,1,1,0,0
profile,tfl-numbat-2019-midweek,evening,4.2857140000000005,14,1,1,on,free-flow,4,drop-offs,35,940GZZLUEUS,0,3900,3292,1800,1799,e5a5471b5e211a7c,420,420,0,0,249,171,8.3,80,130,11.266666666666667,41,true,1492,95,173,114,78,3,4,0,1,1,2,477,374,101,5,940GZZLUHAI-diverge,true,1033,316.7713095238095,1173.7833333333333,708.3833333333333,719.5317857142857,1189.5833333333333,1818.5166666666667,2115650.755911514,1490810.0201105233,58.66279677787313,1.0761791594088146,2276819.2519215797,2252180.9448514846,1.0088473466707621,1.3545836091055683,26,0
profile,tfl-numbat-2019-midweek,evening,4.2857140000000005,14,1,2,on,free-flow,4,destination,14,940GZZLUEUS,0,3900,3480,1800,1799,3cfb7a1e8de1cdca,420,420,0,0,233,187,7.766666666666667,81,129,10.133333333333333,58,true,1680,118,187,114,75,3,5,1,1,2,2,530,421,107,5,london-link-057-b-departure,true,1097,354.17876984126985,1210.55,774.3666666666667,758.0138492063492,1316.7,1779.6666666666667,2214155.727608423,1541344.2013705082,58.95768258502994,1.0332627415262976,2287804.617078129,2287804.617078129,1,1,0,0
profile,tfl-numbat-2019-midweek,evening,4.2857140000000005,14,1,2,on,free-flow,4,drop-offs,32,940GZZLUEUS,0,3900,3576,1800,1799,3cfb7a1e8de1cdca,420,420,0,0,245,175,8.166666666666666,81,129,10.933333333333334,46,true,1776,107,175,114,82,3,5,1,1,2,2,452,355,85,5,london-link-009-a-arrival,true,1191,306.4192063492064,1202.8666666666666,715.6666666666666,715.0569841269842,1219.75,1789.1666666666667,2167928.931680128,1483197.941789068,59.376981595280036,1.0662178459780483,2311484.515579868,2289229.61707813,1.0086296538063368,1.2608079986434975,24,0
profile,tfl-numbat-2019-midweek,evening,4.2857140000000005,14,1,3,on,free-flow,4,destination,7,940GZZLUEUS,0,3900,3223,1800,1799,8d1eb005ae7b2be2,420,420,0,0,253,167,8.433333333333334,84,126,11.266666666666667,41,true,1423,100,169,114,76,3,3,0,1,2,1,736,594,140,6,london-link-048-a-departure,true,881,297.3972619047619,1062.6,651.6166666666667,679.1448412698412,1172.4833333333333,1723.6166666666666,2124575.8796780715,1461904.100072133,59.238470357390554,1.0154279863259577,2157353.8071282106,2157353.8071282106,1,1,0,0
profile,tfl-numbat-2019-midweek,evening,4.2857140000000005,14,1,3,on,free-flow,4,drop-offs,24,940GZZLUEUS,0,3900,3234,1800,1799,8d1eb005ae7b2be2,420,420,0,0,259,161,8.633333333333333,84,126,11.666666666666666,35,true,1434,90,167,114,76,4,3,0,0,2,2,602,486,113,5,london-link-020-a-departure,true,766,275.8415873015873,989.4833333333333,646.3166666666667,660.1526190476189,1142.2833333333333,1510.1166666666666,2077740.1299316278,1466643.2409889153,58.62063756923675,1.0443280270954207,2169842.2505462184,2156003.807128211,1.0059318295837025,1.36281384055888,17,0
profile,tfl-numbat-2019-midweek,evening,4,14.966666666666667,1,1,on,free-flow,4,destination,14,940GZZLUEUS,0,3900,3420,1800,1796,9acce1466eaaacf4,449,449,0,0,243,206,8.1,82,142,10.733333333333333,64,true,1620,135,206,114,81,3,7,1,1,2,2,523,396,124,6,940GZZLUWLO-01-departure,true,1134,411.4193392724573,1165.6333333333334,910.9666666666667,811.5779510022272,1423.8666666666666,1878.7333333333333,2355353.6428029514,1603796.347290887,59.491397110396555,1.027466859575866,2420047.8103276375,2420047.8103276375,1,1,0,0
profile,tfl-numbat-2019-midweek,evening,4,14.966666666666667,1,1,on,free-flow,4,drop-offs,49,940GZZLUEUS,0,3900,3385,1800,1796,9acce1466eaaacf4,449,449,0,0,250,199,8.333333333333334,82,142,11.2,57,true,1585,121,200,114,81,3,5,1,1,1,2,454,333,118,6,london-link-048-a-departure,true,936,356.56276911655533,1062.6833333333334,832.7333333333333,762.927988121752,1325.5,1837.35,2235416.8380935225,1534805.3330178028,59.291382222035004,1.0989218605602948,2456548.430630069,2421022.810327637,1.0121349714818964,1.2916145938266779,39,0
profile,tfl-numbat-2019-midweek,evening,4,14.966666666666667,1,2,on,free-flow,4,destination,18,940GZZLUEUS,0,3900,3598,1800,1796,120f96969b81f894,449,449,0,0,242,207,8.066666666666666,84,140,10.533333333333333,67,true,1798,137,209,114,74,3,4,0,1,2,2,532,411,121,5,london-link-023-a-arrival,true,1221,411.85441722345956,1307.05,928.2,817.0521900519674,1426.0166666666667,1829.8833333333334,2359125.2966493396,1623322.5761651632,59.23807095514052,1.0388254372580774,2450719.3676017374,2450719.3676017374,1,1,0,0
profile,tfl-numbat-2019-midweek,evening,4,14.966666666666667,1,2,on,free-flow,4,drop-offs,43,940GZZLUEUS,0,3900,3502,1800,1796,120f96969b81f894,449,449,0,0,246,203,8.2,85,139,10.733333333333333,64,true,1702,127,206,114,74,2,6,1,0,2,2,398,309,87,5,london-link-023-a-arrival,true,1203,374.5269116555308,1234.05,865.2166666666667,785.1195248700817,1394.95,1737.3333333333333,2275466.1507652993,1603595.1702845353,58.66022633922848,1.091254442938191,2483112.5465529608,2450044.3676017392,1.0118296458847302,1.3896601242885815,34,0
profile,tfl-numbat-2019-midweek,evening,4,14.966666666666667,1,3,on,free-flow,4,destination,15,940GZZLUEUS,0,3900,3326,1800,1796,e59e69d0a95354cc,449,449,0,0,255,194,8.5,90,134,11,60,true,1526,122,196,114,75,4,3,0,1,2,1,751,586,165,7,london-link-087-a-departure,true,897,360.63986636971043,1112.8166666666666,750.9833333333333,742.5673348181143,1273.1166666666666,1745.7333333333333,2241810.5024322006,1567666.3464930768,58.84825112048275,1.0284176367563191,2305517.458763163,2305517.458763163,1,1,0,0
profile,tfl-numbat-2019-midweek,evening,4,14.966666666666667,1,3,on,free-flow,4,drop-offs,47,940GZZLUEUS,0,3900,3246,1800,1796,e59e69d0a95354cc,449,449,0,0,263,186,8.766666666666667,90,134,11.533333333333333,52,true,1446,111,186,114,79,3,3,0,1,2,2,425,338,87,6,london-link-081-a-arrival,true,786,312.5028953229399,1011.2166666666667,712.0833333333334,700.0103563474388,1148.5,1677.5833333333333,2161175.1297009196,1514774.0502353965,58.792301631829446,1.0821992457196636,2338822.095038062,2305892.458763163,1.0126355488124636,1.36281384055888,33,0
profile,tfl-numbat-2019-midweek,night,8.571429,7,1,1,on,free-flow,4,destination,11,940GZZLUEUS,0,3900,3322,1800,1799,e91f11a6d7b085ac,210,210,0,0,141,69,4.7,49,56,6.133333333333334,13,true,1522,22,71,66,51,3,1,0,0,1,1,204,141,60,6,london-link-048-a-departure,true,581,135.43190476190478,597.7,284.0833333333333,550.672619047619,1190.7666666666667,1556.6166666666666,1097929.6775862048,926215.1673691758,54.2416556958604,1.068678988185264,1173334.377046752,1173334.377046752,1,1,0,0
profile,tfl-numbat-2019-midweek,night,8.571429,7,1,1,on,free-flow,4,drop-offs,13,940GZZLUEUS,0,3900,3218,1800,1799,e91f11a6d7b085ac,210,210,0,0,142,68,4.733333333333333,49,56,6.2,12,true,1418,22,71,64,50,3,1,0,0,1,1,180,132,45,6,london-link-048-a-departure,true,555,132.50761904761904,572,290.8333333333333,547.4623015873016,1190.7666666666667,1514.7,1086447.5302043827,910296.8371213435,54.4109475395431,1.0799190857741405,1173275.4236698656,1172509.377046752,1.0002610924915578,1.0548294232271564,1,0
profile,tfl-numbat-2019-midweek,night,8.571429,7,1,2,on,free-flow,4,destination,12,940GZZLUEUS,0,3900,2764,1800,1799,2eea3e3fe02210bb,210,210,0,0,141,69,4.7,47,58,6.266666666666667,11,true,964,26,78,71,55,2,2,0,0,1,2,224,182,40,5,940GZZLUWHP-01-arrival,true,228,136.52960317460318,457.4166666666667,367.8333333333333,566.2834126984127,1325.5,1433.1,1139253.491046957,852185.3867863491,57.20755498589389,1.0698657961616391,1218848.3433242075,1218848.3433242075,1,1,0,0
profile,tfl-numbat-2019-midweek,night,8.571429,7,1,2,on,free-flow,4,drop-offs,12,940GZZLUEUS,0,3900,2764,1800,1799,2eea3e3fe02210bb,210,210,0,0,141,69,4.7,47,58,6.266666666666667,11,true,964,26,78,71,55,2,2,0,0,1,2,224,182,40,5,940GZZLUWHP-01-arrival,true,228,136.52960317460318,457.4166666666667,367.8333333333333,566.2834126984127,1325.5,1433.1,1139253.491046957,852185.3867863491,57.20755498589389,1.0698657961616391,1218848.3433242075,1218848.3433242075,1,1,0,0
profile,tfl-numbat-2019-midweek,night,8.571429,7,1,3,on,free-flow,4,destination,13,940GZZLUEUS,0,3900,3208,1800,1799,cd9753e4db035a1b,210,210,0,0,143,67,4.766666666666667,47,58,6.4,9,true,1408,27,76,71,51,2,2,0,0,2,2,187,126,60,5,london-link-022-b-departure,true,578,147.28960317460317,594.6333333333333,454.45,584.5674603174604,1342.0666666666666,1493.55,1173703.100241107,945897.1619524806,55.37379482235175,1.0560576101626507,1239498.0911653417,1239498.0911653417,1,1,0,0
profile,tfl-numbat-2019-midweek,night,8.571429,7,1,3,on,free-flow,4,drop-offs,15,940GZZLUEUS,0,3900,3195,1800,1799,cd9753e4db035a1b,210,210,0,0,143,67,4.766666666666667,47,58,6.4,9,true,1395,28,76,70,51,2,2,0,0,2,2,109,72,37,5,london-link-022-a-arrival,true,578,146.62928571428571,594.6333333333333,454.45,584.4637301587302,1342.0666666666666,1493.55,1163034.7563103228,917282.3374645724,55.90660961209076,1.0677451501051238,1241824.7205421505,1239573.0911653417,1.0018009272752715,1.1583985866266315,3,0
profile,tfl-numbat-2019-midweek,night,7.5,7.966666666666667,1,1,on,free-flow,4,destination,23,940GZZLUEUS,0,3900,3164,1800,1792.5,ac698127e9c870b6,239,239,0,0,160,79,5.333333333333333,58,61,6.8,18,true,1364,26,81,74,58,4,1,0,0,2,1,503,256,247,7,london-link-048-a-departure,true,399.5,130.21680613668062,402.1166666666667,310.25,551.7546722454672,1261.0333333333333,1370.8666666666666,1227624.1089662868,952329.982579679,56.31421843822814,1.0967947705344843,1346451.7029673345,1346451.7029673345,1,1,0,0
profile,tfl-numbat-2019-midweek,night,7.5,7.966666666666667,1,1,on,free-flow,4,drop-offs,27,940GZZLUEUS,0,3900,3158,1800,1792.5,ac698127e9c870b6,239,239,0,0,161,78,5.366666666666666,57,62,6.933333333333334,16,true,1358,24,82,75,60,2,2,0,0,2,1,276,149,127,7,london-link-048-a-departure,true,393.5,128.0787308228731,402.1166666666667,318.3333333333333,548.0251046025105,1244.25,1364.9833333333333,1215299.5243258653,942183.8198775802,56.3294974021948,1.1097175908123362,1348639.2603259468,1347126.7029673345,1.0014389924432316,1.1879481766937212,2,0
profile,tfl-numbat-2019-midweek,night,7.5,7.966666666666667,1,2,on,free-flow,4,destination,21,940GZZLUEUS,0,3900,2677,1800,1792.5,363a18a5ce685250,239,239,0,0,159,80,5.3,51,68,7.2,12,true,877,30,88,76,58,2,2,0,0,1,1,128,89,31,5,london-link-022-a-arrival,true,287.5,140.57894002789402,488.3833333333333,372.3333333333333,567.5723849372384,1152.6333333333334,1465.45,1241827.1425541798,927346.6318558049,57.24885471160358,1.1099465696296729,1378361.7770196893,1378361.7770196893,1,1,0,0
profile,tfl-numbat-2019-midweek,night,7.5,7.966666666666667,1,2,on,free-flow,4,drop-offs,22,940GZZLUEUS,0,3900,2692,1800,1792.5,363a18a5ce685250,239,239,0,0,159,80,5.3,51,68,7.2,12,true,892,30,88,75,57,2,2,0,0,1,1,118,85,24,5,london-link-022-a-arrival,true,301.5,141.72252440725245,488.3833333333333,392.45,569.034309623431,1152.6333333333334,1465.45,1237957.3148606238,970198.7207728905,56.06294550219396,1.1138508874153112,1378899.8538102712,1378061.7770196893,1.0007231825864054,1.1728406381508452,1,0
profile,tfl-numbat-2019-midweek,night,7.5,7.966666666666667,1,3,on,free-flow,4,destination,17,940GZZLUEUS,0,3900,3048,1800,1792.5,d38bd377032d4c52,239,239,0,0,160,79,5.333333333333333,47,72,7.533333333333333,7,true,1248,35,83,74,53,3,2,0,0,2,1,319,240,79,6,london-link-048-a-departure,true,333.5,160.6165969316597,483.31666666666666,386.95,596.3676429567643,1328.1833333333334,1451.9833333333333,1290081.2337884246,1050521.1530211938,55.11748774839467,1.0880847193676346,1403717.6772815129,1403717.6772815129,1,1,0,0
profile,tfl-numbat-2019-midweek,night,7.5,7.966666666666667,1,3,on,free-flow,4,drop-offs,19,940GZZLUEUS,0,3900,3116,1800,1792.5,d38bd377032d4c52,239,239,0,0,161,78,5.366666666666666,47,72,7.6,6,true,1316,34,85,75,52,2,2,0,0,2,1,166,125,41,5,london-link-048-a-departure,true,503.5,161.63563458856345,632.0333333333333,414.9,596.8873779637379,1328.1833333333334,1487.85,1285269.3955659862,1040521.9090839486,55.2615960424462,1.0940948325369617,1406206.6041620604,1403567.6772815129,1.0021904117093046,1.2037758651061488,3,0
profile,tfl-numbat-2019-midweek,night,6.666667,8.966666666666667,1,1,on,free-flow,4,destination,27,940GZZLUEUS,0,3900,3019,1800,1793.3333333333333,8ba338bafbc5514f,269,269,0,0,184,85,6.133333333333334,64,70,8,15,true,1219,28,92,84,64,2,1,0,0,2,1,360,265,95,6,london-link-048-a-departure,true,243.66666666666666,139.00068153655513,407.35,340.8,557.1481412639405,1300.5333333333333,1373.7,1390527.979124134,1109584.9684235223,55.61860637088789,1.0871277474677843,1511681.5497616618,1511681.5497616618,1,1,0,0
profile,tfl-numbat-2019-midweek,night,6.666667,8.966666666666667,1,1,on,free-flow,4,drop-offs,30,940GZZLUEUS,0,3900,2918,1800,1793.3333333333333,8ba338bafbc5514f,269,269,0,0,181,88,6.033333333333333,64,70,7.8,18,true,1118,27,90,85,62,2,1,0,0,2,1,307,216,91,6,london-link-048-a-departure,true,401.6666666666667,136.2187112763321,428.0833333333333,339.3833333333333,554.8671003717473,1254.85,1355.4333333333334,1374070.6146627613,1057475.577004966,56.51015881875253,1.1028723507998839,1515424.4889879616,1511981.5497616618,1.0025074697710608,1.1917196223713216,4,0
profile,tfl-numbat-2019-midweek,night,6.666667,8.966666666666667,1,2,on,free-flow,4,destination,16,940GZZLUEUS,0,3900,2992,1800,1793.3333333333333,c43a7f45f4cd834d,269,269,0,0,175,94,5.833333333333333,53,81,8.133333333333333,13,true,1192,36,100,92,66,3,2,0,0,2,1,418,302,105,6,london-link-048-a-departure,true,525.6666666666666,179.07794299876085,639.05,468.93333333333334,606.1729244114002,1190.5,1519.55,1425353.4502134942,1212933.144091668,54.02572462332832,1.0862836501658382,1548338.148689674,1548338.148689674,1,1,0,0
profile,tfl-numbat-2019-midweek,night,6.666667,8.966666666666667,1,2,on,free-flow,4,drop-offs,17,940GZZLUEUS,0,3900,3052,1800,1793.3333333333333,c43a7f45f4cd834d,269,269,0,0,175,94,5.833333333333333,53,81,8.133333333333333,13,true,1252,36,100,91,66,3,2,0,0,2,1,397,285,101,5,940GZZLUECT-exit,true,556.6666666666666,179.54324659231722,639.05,497.53333333333336,605.8099132589839,1211.7666666666667,1492.3166666666666,1422839.410417742,1242140.5108852356,53.390248798650575,1.0888399744974153,1549244.4273689801,1548488.148689674,1.000627148072266,1.1687028314395012,1,0
profile,tfl-numbat-2019-midweek,night,6.666667,8.966666666666667,1,3,on,free-flow,4,destination,26,940GZZLUEUS,0,3900,3286,1800,1793.3333333333333,c77ab3603993635e,269,269,0,0,175,94,5.833333333333333,54,80,8.066666666666666,14,true,1486,36,95,85,62,3,2,0,0,2,1,363,237,123,6,london-link-048-a-departure,true,511.6666666666667,158.06710037174722,618.2333333333333,424.53333333333336,595.640086741016,1271.0666666666666,1599.1666666666667,1399065.5259864049,1173705.0257066186,54.379724031967925,1.1345061526815008,1587248.447260109,1587248.447260109,1,1,0,0
profile,tfl-numbat-2019-midweek,night,6.666667,8.966666666666667,1,3,on,free-flow,4,drop-offs,26,940GZZLUEUS,0,3900,3259,1800,1793.3333333333333,c77ab3603993635e,269,269,0,0,177,92,5.9,54,80,8.2,12,true,1459,36,95,85,61,3,2,0,0,2,1,355,268,84,6,london-link-048-a-departure,true,498.6666666666667,157.96889714993804,605.2166666666667,424.53333333333336,595.723482032218,1271.0666666666666,1571.5666666666666,1400346.8046663161,1168421.9895278853,54.514318603967304,1.1344901995864594,1588679.7259394147,1587923.4472601085,1.0006735825889257,1.181193716421034,1,0
profile,tfl-numbat-2019-midweek,night,6,9.966666666666667,1,1,on,free-flow,4,destination,41,940GZZLUEUS,0,3900,3027,1800,1794,436349ce9314f077,299,299,0,0,197,102,6.566666666666666,65,84,8.8,18,true,1227,37,102,91,62,4,2,0,0,2,1,458,293,156,6,london-link-048-a-departure,true,545,146.68428093645485,604.3666666666667,359.96666666666664,559.9802118171684,1220.65,1388.4166666666667,1444338.0234924047,1152638.5403798397,55.61613622491888,1.1485169967610434,1658846.7690601137,1658846.7690601137,1,1,0,0
profile,tfl-numbat-2019-midweek,night,6,9.966666666666667,1,1,on,free-flow,4,drop-offs,38,940GZZLUEUS,0,3900,3180,1800,1794,436349ce9314f077,299,299,0,0,201,98,6.7,65,84,9.066666666666666,14,true,1380,39,105,91,64,3,1,0,0,2,1,465,331,129,7,london-link-048-a-departure,true,529,157.62664437012262,588.5166666666667,380.46666666666664,572.8196767001115,1224.6333333333334,1541.3166666666666,1452754.1549089435,1268277.2930272776,53.38983332995992,1.1444069658963756,1662541.974619967,1659146.7690601132,1.0025092729425982,1.2021632811498402,4,0
profile,tfl-numbat-2019-midweek,night,6,9.966666666666667,1,2,on,free-flow,4,destination,18,940GZZLUEUS,0,3900,2983,1800,1794,cf673c15ac76cbab,299,299,0,0,186,113,6.2,58,91,8.533333333333333,22,true,1183,45,116,105,77,4,2,0,0,2,2,545,376,169,7,london-link-075-a-arrival,true,556,194.89459308807136,627.7666666666667,491.81666666666666,629.3491081382385,1346.2666666666667,1513.1166666666666,1631115.925180791,1378293.792780782,54.200526948707704,1.0715915481562013,1747890.0394447423,1747890.0394447423,1,1,0,0
profile,tfl-numbat-2019-midweek,night,6,9.966666666666667,1,2,on,free-flow,4,drop-offs,22,940GZZLUEUS,0,3900,3081,1800,1794,cf673c15ac76cbab,299,299,0,0,187,112,6.233333333333333,58,91,8.6,21,true,1281,45,116,104,72,4,2,0,0,2,2,540,292,248,6,london-link-048-a-departure,true,483,191.42586399108137,632.0333333333333,488.35,627.4374581939799,1382.55,1513.4666666666667,1620307.499260177,1367957.7788784085,54.22234468652929,1.0802497795282806,1750336.8188045493,1747215.0394447423,1.001959046990227,1.2370832310183666,3,0
profile,tfl-numbat-2019-midweek,night,6,9.966666666666667,1,3,on,free-flow,4,destination,29,940GZZLUEUS,0,3900,2954,1800,1794,a1953c90166778c3,299,299,0,0,192,107,6.4,58,91,8.933333333333334,16,true,1154,46,110,101,62,5,2,0,0,2,1,569,372,193,5,london-link-022-a-arrival,true,611,182.13717948717948,712.9333333333333,440.68333333333334,613.6044593088071,1249.9,1441.1166666666666,1551346.573834883,1185163.7434742355,56.69068974533822,1.1184677870605535,1735131.1693801605,1735131.1693801605,1,1,0,0
profile,tfl-numbat-2019-midweek,night,6,9.966666666666667,1,3,on,free-flow,4,drop-offs,35,940GZZLUEUS,0,3900,2837,1800,1794,a1953c90166778c3,299,299,0,0,196,103,6.533333333333333,58,91,9.2,12,true,1037,44,108,97,65,3,2,0,0,2,1,493,364,125,5,940GZZLUWHP-01-arrival,true,583,172.96722408026756,658.1833333333333,426.76666666666665,605.7246934225194,1263.9166666666667,1436.35,1541224.163112695,1069239.289423343,59.040250558398434,1.1298237889525218,1741311.7235753348,1735431.1693801603,1.0034364460933705,1.2021632811498402,7,0
profile,tfl-numbat-2019-midweek,night,5.4545449999999995,11,1,1,on,free-flow,4,destination,37,940GZZLUEUS,0,3900,3160,1800,1798.5,d042e9976f1d18e7,330,330,0,0,218,112,7.266666666666667,71,94,9.8,18,true,1360,45,114,102,71,5,2,0,0,1,2,635,338,257,7,london-link-048-a-departure,true,599.5,176.00919191919192,773.2166666666667,390.73333333333335,590.4704545454546,1250.8,1671.4833333333333,1635167.5178674306,1389359.87336398,54.063571141992064,1.1211577661996843,1833280.7616491881,1833280.7616491881,1,1,0,0
profile,tfl-numbat-2019-midweek,night,5.4545449999999995,11,1,1,on,free-flow,4,drop-offs,41,940GZZLUEUS,0,3900,3244,1800,1798.5,d042e9976f1d18e7,330,330,0,0,217,113,7.233333333333333,71,94,9.733333333333333,19,true,1444,46,117,102,71,4,1,0,0,2,1,665,468,191,6,london-link-048-a-departure,true,487.5,177.7532323232323,851.5666666666667,396.93333333333334,593.1534343434344,1248,1755.8666666666666,1622052.7339774393,1381722.4994262226,54.00046967360623,1.1331887302167105,1838091.8779189659,1834030.7616491884,1.0022761620440954,1.1903092773325137,5,0
profile,tfl-numbat-2019-midweek,night,5.4545449999999995,11,1,2,on,free-flow,4,destination,31,940GZZLUEUS,0,3900,2958,1800,1798.5,50bea3e032ab06ac,330,330,0,0,202,128,6.733333333333333,63,102,9.266666666666667,26,true,1158,47,131,114,76,5,2,0,0,2,1,472,309,163,7,london-link-048-a-departure,true,902.5,214.2767171717172,918.1666666666666,554.8333333333334,649.9376767676767,1273.3333333333333,1580.4,1705352.3645329191,1461498.078884255,53.850107385960655,1.1344126447280924,1934573.2859768702,1934573.2859768702,1,1,0,0
profile,tfl-numbat-2019-midweek,night,5.4545449999999995,11,1,2,on,free-flow,4,drop-offs,37,940GZZLUEUS,0,3900,3107,1800,1798.5,50bea3e032ab06ac,330,330,0,0,206,124,6.866666666666666,63,102,9.533333333333333,22,true,1307,45,132,113,77,2,2,0,1,2,1,345,238,107,6,london-link-022-b-departure,true,945.5,215.35904040404043,961.7166666666667,579.0166666666667,650.6025757575758,1321.0166666666667,1560.7666666666667,1734005.850509554,1523438.5132668556,53.23209414693708,1.11768589632804,1938073.8831906344,1934873.2859768698,1.0013831784839275,1.175556071610166,3,0
profile,tfl-numbat-2019-midweek,night,5.4545449999999995,11,1,3,on,free-flow,4,destination,38,940GZZLUEUS,0,3900,3217,1800,1798.5,c4a341f4642e795c,330,330,0,0,210,120,7,62,103,9.866666666666667,17,true,1417,50,124,105,70,3,2,0,0,2,2,422,284,136,5,940GZZLULSQ-exit,true,650.5,195.03121212121212,809.2833333333333,480.1666666666667,633.5263131313131,1324.3166666666666,1568.7166666666667,1674108.6041802051,1386797.8722560536,54.69322950792441,1.164574435658681,1949624.0828854851,1949624.0828854851,1,1,0,0
profile,tfl-numbat-2019-midweek,night,5.4545449999999995,11,1,3,on,free-flow,4,drop-offs,48,940GZZLUEUS,0,3900,3059,1800,1798.5,c4a341f4642e795c,330,330,0,0,210,120,7,63,102,9.8,18,true,1259,47,123,102,68,2,3,0,0,2,2,329,233,96,6,london-link-048-a-departure,true,368.5,180.94621212121214,597,462,621.1023737373737,1302.1333333333334,1582.8,1646113.4082303725,1275575.5151220702,56.3411592203857,1.188833646142987,1956955.0050194457,1949849.082885485,1.003742315563148,1.1898426570345046,8,0
