pattern,demand_profile,demand_band,request_every_seconds,offered_per_minute,burst_size,seed,policy,routing_policy,platoon_policy,shared_ride_party_limit,shared_parties,focus_station,window_start_seconds,window_end_seconds,actual_end_seconds,arrival_window_seconds,arrival_end_seconds,schedule_id,scheduled,served,remaining,skipped,completed_at_arrival_end,backlog_at_arrival_end,arrival_throughput_per_minute,completed_at_arrival_midpoint,backlog_at_arrival_midpoint,late_arrival_throughput_per_minute,late_backlog_change,drained,drain_seconds,peak_pending,peak_outstanding,peak_active_vehicles,peak_passenger_vehicles,peak_stopped_vehicles,peak_focus_approaching,peak_focus_entrance_stopped,peak_focus_exit_stopped,peak_focus_occupied_berths,peak_focus_reserved_empty_berths,stopped_pod_seconds,junction_wait_seconds,track_wait_seconds,peak_node_throughput_per_minute,peak_node,queue_cleared,queue_clear_seconds,wait_average_seconds,wait_maximum_seconds,wait_p95_seconds,journey_average_seconds,journey_p95_seconds,journey_maximum_seconds,passenger_distance_meters,empty_distance_meters,loaded_distance_percent,occupancy,positioning_moves,coupled_time_percent
profile,tfl-numbat-2019-midweek,early,6.666667,8.966666666666667,1,1,off,free-flow,off,1,0,940GZZLUEUS,0,3900,3168,1800,1793.3333333333333,4a2c0b0e2de5a8b9,269,269,0,0,142,127,4.733333333333333,42,92,6.666666666666667,35,true,1368,61,129,127,71,17,2,0,0,2,2,10552,2959,7589,9,london-link-069-a-departure,true,704.6666666666666,307.601239157373,706.1666666666666,662.4,827.2338909541511,1350.6666666666667,1397.3666666666666,1743377.5897213435,2040416.9801409568,46.07484781566216,1,0,0
profile,tfl-numbat-2019-midweek,early,6.666667,8.966666666666667,1,1,off,free-flow,virtual,1,0,940GZZLUEUS,0,3900,3048,1800,1793.3333333333333,4a2c0b0e2de5a8b9,269,269,0,0,142,127,4.733333333333333,42,92,6.666666666666667,35,true,1248,61,129,126,72,12,2,0,0,2,2,5461,2376,3085,9,london-link-033-a-departure,true,641.6666666666666,302.6685873605948,646.8333333333334,625.0333333333333,792.1600371747212,1231.5,1288,1743377.5897241626,2036410.9685023779,46.12368027650063,1,0,9.949588380592049
profile,tfl-numbat-2019-midweek,early,6.666667,8.966666666666667,1,2,off,free-flow,off,1,0,940GZZLUEUS,0,3900,3139,1800,1793.3333333333333,d22cf29e05f827ac,269,269,0,0,148,121,4.933333333333334,44,90,6.933333333333334,31,true,1339,61,124,122,68,13,2,0,0,2,2,6982,2364,4618,9,london-link-069-a-departure,true,663.6666666666666,291.48413878562576,663.3333333333334,619.1666666666666,791.6993184634449,1280.4333333333334,1358.1333333333334,1670582.6818142196,2107815.8482660064,44.21404117417832,1,0,0
profile,tfl-numbat-2019-midweek,early,6.666667,8.966666666666667,1,2,off,free-flow,virtual,1,0,940GZZLUEUS,0,3900,3005,1800,1793.3333333333333,d22cf29e05f827ac,269,269,0,0,151,118,5.033333333333333,46,88,7,30,true,1205,58,118,118,67,6,2,0,0,2,2,2366,1619,746,9,london-link-069-a-departure,true,584.6666666666666,283.06846344485746,588.6166666666667,562.1166666666667,751.6361833952911,1146.3833333333334,1224.5166666666667,1670657.681816665,2109986.505905683,44.18976234902322,1,0,9.101800227553866
profile,tfl-numbat-2019-midweek,early,6.666667,8.966666666666667,1,3,off,free-flow,off,1,0,940GZZLUEUS,0,3900,3091,1800,1793.3333333333333,d987e36c0704b230,269,269,0,0,148,121,4.933333333333334,45,89,6.866666666666666,32,true,1291,54,123,122,71,15,2,0,0,2,2,8407,2288,6097,8,london-link-069-a-departure,true,578.6666666666666,270.802478314746,598.4833333333333,535.2,794.2922552664188,1303.5833333333333,1373.0666666666666,1692027.2864816622,1970587.5350087013,46.19724893138382,1,0,0
profile,tfl-numbat-2019-midweek,early,6.666667,8.966666666666667,1,3,off,free-flow,virtual,1,0,940GZZLUEUS,0,3900,2956,1800,1793.3333333333333,d987e36c0704b230,269,269,0,0,153,116,5.1,46,88,7.133333333333334,28,true,1156,54,120,116,70,10,2,0,0,2,2,2942,1701,1229,10,london-link-069-a-departure,true,569.6666666666666,269.1695786864932,589.4,550.45,747.4832094175961,1159.4333333333334,1208.6666666666667,1692402.2864830066,1963799.746716724,46.288533049195266,1,0,9.7259814256845
profile,tfl-numbat-2019-midweek,early,6,9.966666666666667,1,1,off,free-flow,off,1,0,940GZZLUEUS,0,3900,3336,1800,1794,813f7f4fec7f70d2,299,299,0,0,153,146,5.1,45,104,7.2,42,true,1536,76,147,143,76,23,2,0,0,2,2,18293,4279,14007,8,london-link-069-a-departure,true,931,360.09771460423633,930.4833333333333,844.5666666666667,888.9255295429209,1492.5833333333333,1593.5166666666667,1943495.7560460472,2294087.526622726,45.863305247467835,1,0,0
profile,tfl-numbat-2019-midweek,early,6,9.966666666666667,1,1,off,free-flow,virtual,1,0,940GZZLUEUS,0,3900,3213,1800,1794,813f7f4fec7f70d2,299,299,0,0,160,139,5.333333333333333,45,104,7.666666666666667,35,true,1413,75,145,141,75,24,2,0,0,2,2,11056,3306,7750,10,london-link-033-a-departure,true,828,352.43166109253065,836.5666666666667,787.6166666666667,846.9923634336678,1382.8833333333334,1470.45,1944395.7560491732,2283817.1455626953,45.98623109323411,1,0,14.859178414430803
profile,tfl-numbat-2019-midweek,early,6,9.966666666666667,1,2,off,free-flow,off,1,0,940GZZLUEUS,0,3900,3296,1800,1794,a6937e018b1fcc1f,299,299,0,0,159,140,5.3,47,102,7.466666666666667,38,true,1496,72,142,139,73,21,2,0,0,2,2,15774,3246,12528,8,london-link-069-a-departure,true,773,325.9513935340022,800.8833333333333,743.3333333333334,864.2169453734671,1529.4666666666667,1602.0666666666666,1848574.415163693,2243015.7566831075,45.179852759527755,1,0,0
profile,tfl-numbat-2019-midweek,early,6,9.966666666666667,1,2,off,free-flow,virtual,1,0,940GZZLUEUS,0,3900,3028,1800,1794,a6937e018b1fcc1f,299,299,0,0,167,132,5.566666666666666,49,100,7.866666666666666,32,true,1228,71,136,133,72,11,2,0,0,2,2,4710,2349,2355,11,london-link-009-a-arrival,true,646,310.61276477146043,691.9166666666666,651.65,787.0400222965441,1273.0666666666666,1332.6,1848349.415171612,2245847.273200281,45.145594016554945,1,0,11.049263081984947
profile,tfl-numbat-2019-midweek,early,6,9.966666666666667,1,3,off,free-flow,off,1,0,940GZZLUEUS,0,3900,3358,1800,1794,569e16cc1ad11ec7,299,299,0,0,156,143,5.2,50,99,7.066666666666666,44,true,1558,72,143,139,75,24,2,0,0,2,2,18202,3098,15100,8,london-link-069-a-departure,true,900,334.83690078037904,899.3,783.35,884.7106465997771,1511.7666666666667,1581.7,1900024.53077146,2270000.4715234237,45.56386423884323,1,0,0
profile,tfl-numbat-2019-midweek,early,6,9.966666666666667,1,3,off,free-flow,virtual,1,0,940GZZLUEUS,0,3900,3178,1800,1794,569e16cc1ad11ec7,299,299,0,0,164,135,5.466666666666667,52,97,7.466666666666667,38,true,1378,70,135,132,69,16,2,0,0,2,2,7508,2579,4929,10,london-link-033-a-departure,true,780,322.4254180602007,779.3666666666667,711.85,804.0499442586398,1277.7666666666667,1401.35,1899349.5307848686,2262177.938231243,45.640682295770645,1,0,12.81526370074519
profile,tfl-numbat-2019-midweek,early,5.4545449999999995,11,1,1,off,free-flow,off,1,0,940GZZLUEUS,0,3900,3532,1800,1798.5,20e33643790350cf,330,330,0,0,169,161,5.633333333333334,45,120,8.266666666666667,41,true,1732,94,165,159,76,34,2,0,0,2,2,29829,4987,24820,8,london-link-069-a-departure,true,1143.5,420.9009595959596,1170.4833333333333,1040.6,952.554595959596,1668.9,1804.35,2142522.0908738608,2493336.458162411,46.21629560546579,1,0,0
profile,tfl-numbat-2019-midweek,early,5.4545449999999995,11,1,1,off,free-flow,virtual,1,0,940GZZLUEUS,0,3900,3580,1800,1798.5,20e33643790350cf,330,330,0,0,170,160,5.666666666666667,45,120,8.333333333333334,40,true,1780,91,161,157,76,32,2,0,0,2,2,19723,4701,15020,10,london-link-033-a-departure,true,998.5,403.33191919191916,1023.0166666666667,928.05,894.0869696969697,1516.05,1814.05,2142522.090875491,2563270.4173580175,45.529463679642035,1,0,17.012430495227317
profile,tfl-numbat-2019-midweek,early,5.4545449999999995,11,1,2,off,free-flow,off,1,0,940GZZLUEUS,0,3900,3448,1800,1798.5,9a5fd55d60a95da3,330,330,0,0,165,165,5.5,51,114,7.6,51,true,1648,88,165,161,85,33,2,0,0,2,2,26326,3648,22677,8,london-link-069-a-departure,true,990.5,373.2865151515152,1006.6666666666666,895.65,950.3075252525252,1727,1819.6666666666667,2044386.6205279913,2449623.509632621,45.49136653714945,1,0,0
profile,tfl-numbat-2019-midweek,early,5.4545449999999995,11,1,2,off,free-flow,virtual,1,0,940GZZLUEUS,0,3900,3256,1800,1798.5,9a5fd55d60a95da3,330,330,0,0,181,149,6.033333333333333,52,113,8.6,36,true,1456,86,152,148,76,19,2,0,0,2,2,9399,2916,6477,13,london-link-069-b-arrival,true,821.5,351.6759090909091,838.35,775.2333333333333,827.0211111111112,1360.2333333333333,1474.25,2044236.6205434261,2497739.1975693894,45.00765090803155,1,0,13.652778449691379
profile,tfl-numbat-2019-midweek,early,5.4545449999999995,11,1,3,off,free-flow,off,1,0,940GZZLUEUS,0,3900,3609,1800,1798.5,3aa6ead3ecd2761f,330,330,0,0,166,164,5.533333333333333,51,114,7.666666666666667,50,true,1809,87,164,162,84,36,2,0,0,2,2,29339,3725,25608,8,london-link-069-a-departure,true,1119.5,386.40247474747474,1123.9333333333334,990.7,960.036616161616,1697.9666666666667,1809.7833333333333,2083060.006894614,2500795.628946279,45.4434033787472,1,0,0
profile,tfl-numbat-2019-midweek,early,5.4545449999999995,11,1,3,off,free-flow,virtual,1,0,940GZZLUEUS,0,3900,3354,1800,1798.5,3aa6ead3ecd2761f,330,330,0,0,180,150,6,54,111,8.4,39,true,1554,85,151,149,77,22,2,0,0,2,2,11227,3100,8122,9,london-link-009-a-arrival,true,908.5,357.9857575757576,907.6833333333333,842.6,838.6957575757575,1411.8833333333334,1555.35,2082910.00691241,2482439.3285993356,45.624329133159954,1,0,15.394181531708965
profile,tfl-numbat-2019-midweek,early,5,11.966666666666667,1,1,off,free-flow,off,1,0,940GZZLUEUS,0,3900,3796,1800,1795,5608ed1bb22ab7e5,359,359,0,0,176,183,5.866666666666666,47,132,8.6,51,true,1996,112,186,180,80,47,2,0,0,2,2,46766,5798,40899,9,london-link-069-a-departure,true,1414,494.70357474466107,1418.9333333333334,1280.5666666666666,1032.5185236768802,1882.9166666666667,2175.1666666666665,2322906.814677972,2763056.480615627,45.67289773458494,1,0,0
profile,tfl-numbat-2019-midweek,early,5,11.966666666666667,1,1,off,free-flow,virtual,1,0,940GZZLUEUS,0,3900,3539,1800,1795,5608ed1bb22ab7e5,359,359,0,0,179,180,5.966666666666667,47,132,8.8,48,true,1739,109,180,177,77,39,2,0,0,2,2,26767,5161,21596,10,london-link-033-a-departure,true,1190,456.07158774373255,1194.8333333333333,1110.5166666666667,945.8162488393685,1675.1666666666667,1775.1333333333334,2322756.8146801004,2712419.3599478668,46.1305967084999,1,0,18.522519023750863
profile,tfl-numbat-2019-midweek,early,5,11.966666666666667,1,2,off,free-flow,off,1,0,940GZZLUEUS,0,3900,3758,1800,1795,706d8f75a32eac66,359,359,0,0,177,182,5.9,56,123,8.066666666666666,59,true,1958,105,185,181,86,44,2,0,0,2,2,41861,4485,37369,8,london-link-069-a-departure,true,1105,422.55663881151344,1161.5833333333333,1047.25,1031.6554781801299,1961.65,2056.7833333333333,2207556.469363462,2722385.660820529,44.77854731493722,1,0,0
profile,tfl-numbat-2019-midweek,early,5,11.966666666666667,1,2,off,free-flow,virtual,1,0,940GZZLUEUS,0,3900,3295,1800,1795,706d8f75a32eac66,359,359,0,0,187,172,6.233333333333333,57,122,8.666666666666666,50,true,1495,98,172,168,81,28,2,0,0,2,2,14854,3777,11069,11,london-link-009-a-arrival,true,882,380.89168987929435,942.9333333333333,868.4333333333333,862.9807335190343,1461.2,1589.6666666666667,2206806.4693831434,2676295.463508244,45.1927176559357,1,0,18.07300071752178
profile,tfl-numbat-2019-midweek,early,5,11.966666666666667,1,3,off,free-flow,off,1,0,940GZZLUEUS,0,3900,3762,1800,1795,e90e4c4c349d670e,359,359,0,0,171,188,5.7,57,122,7.6,66,true,1962,110,189,184,83,49,2,0,0,2,2,46324,4913,41411,8,london-link-017-a-departure,true,1376,462.10352831940577,1375.3333333333333,1222.4,1037.9987929433612,1905.5,1981.5333333333333,2272812.5191667886,2743453.64476927,45.30885014648835,1,0,0
profile,tfl-numbat-2019-midweek,early,5,11.966666666666667,1,3,off,free-flow,virtual,1,0,940GZZLUEUS,0,3900,3529,1800,1795,e90e4c4c349d670e,359,359,0,0,187,172,6.233333333333333,59,120,8.533333333333333,52,true,1729,107,173,171,78,35,2,0,0,2,2,21723,4549,17173,10,london-link-069-b-arrival,true,1142,417.0240018570102,1141.0666666666666,1027.5,903.9895078922934,1596.2333333333333,1748.8666666666666,2272212.5191842304,2707097.195289674,45.63308268572532,1,0,18.44205883597462
profile,tfl-numbat-2019-midweek,am-peak,3,19.966666666666665,1,1,off,free-flow,off,1,0,940GZZLUEUS,0,3900,3432,1800,1797,2f3f7099850679ab,599,599,0,0,399,200,13.3,133,166,17.733333333333334,34,true,1632,71,200,195,142,4,4,0,1,2,2,1018,795,218,7,london-link-048-a-departure,true,514,153.05370061213134,637.2833333333333,437.55,557.6169727323316,1069.55,1757.1,3253232.372418248,1884172.3174839974,63.324432642275454,1,0,0
profile,tfl-numbat-2019-midweek,am-peak,3,19.966666666666665,1,1,off,free-flow,virtual,1,0,940GZZLUEUS,0,3900,3432,1800,1797,2f3f7099850679ab,599,599,0,0,402,197,13.4,133,166,17.933333333333334,31,true,1632,71,197,192,143,4,4,0,1,2,2,951,787,155,7,london-link-048-a-departure,true,562,153.11797440178074,637.2833333333333,439.05,557.570367278798,1070.5666666666666,1757.1,3253457.3724173447,1879418.7013853139,63.38468581040651,1,0,0.4537533813352936
profile,tfl-numbat-2019-midweek,am-peak,3,19.966666666666665,1,2,off,free-flow,off,1,0,940GZZLUEUS,0,3900,3144,1800,1797,f5657c28a08d1a7b,599,599,0,0,419,180,13.966666666666667,134,165,19,15,true,1344,64,187,181,130,4,5,1,1,2,2,1244,968,272,6,940GZZLUWLO-exit,true,445,134.90678909293266,726.3666666666667,436.35,531.6143850862549,1042.2833333333333,1502.4333333333334,3183711.569880159,1670510.4978908969,65.58644259433406,1,0,0
profile,tfl-numbat-2019-midweek,am-peak,3,19.966666666666665,1,2,off,free-flow,virtual,1,0,940GZZLUEUS,0,3900,3144,1800,1797,f5657c28a08d1a7b,599,599,0,0,419,180,13.966666666666667,134,165,19,15,true,1344,64,187,181,131,4,5,1,1,2,2,1304,1084,214,6,london-link-023-b-departure,true,444,134.49866444073456,725.3333333333334,436.35,531.3865887590429,1051.1833333333334,1502.4333333333334,3183861.5698796357,1668599.6865437503,65.6133331443922,1,0,0.5881745661933554
profile,tfl-numbat-2019-midweek,am-peak,3,19.966666666666665,1,3,off,free-flow,off,1,0,940GZZLUEUS,0,3900,3101,1800,1797,037d57a4c1498b77,599,599,0,0,414,185,13.8,129,170,19,15,true,1301,63,189,184,140,5,5,0,2,2,2,1744,1169,568,7,london-link-048-a-departure,true,650,143.02429048414024,670.2166666666667,428.45,541.2946855870896,1017.25,1440.4833333333333,3187986.5300341793,1864282.6740114607,63.100092280937375,1,0,0
profile,tfl-numbat-2019-midweek,am-peak,3,19.966666666666665,1,3,off,free-flow,virtual,1,0,940GZZLUEUS,0,3900,3077,1800,1797,037d57a4c1498b77,599,599,0,0,418,181,13.933333333333334,129,170,19.266666666666666,11,true,1277,62,186,182,133,6,4,1,1,2,2,1629,1319,306,7,london-link-048-a-arrival,true,633,144.47442960489704,653.0666666666667,442.8833333333333,542.5952698942682,1057.15,1478.2666666666667,3188436.530033824,1826520.457853209,63.578541904448464,1,0,0.6829186752510057
profile,tfl-numbat-2019-midweek,am-peak,2.5,23.966666666666665,1,1,off,free-flow,off,1,0,940GZZLUEUS,0,3900,3422,1800,1797.5,e8d0fbafd6a1e8e5,719,719,0,0,423,296,14.1,157,202,17.733333333333334,94,true,1622,175,296,198,131,7,5,1,1,2,2,2358,1775,575,7,london-link-048-a-departure,true,917.5,290.49040333796944,1041.4,753.95,694.6372971719982,1279.6,2026.1,3887664.5811601877,2703524.11257709,58.98275351840729,1,0,0
profile,tfl-numbat-2019-midweek,am-peak,2.5,23.966666666666665,1,1,off,free-flow,virtual,1,0,940GZZLUEUS,0,3900,3566,1800,1797.5,e8d0fbafd6a1e8e5,719,719,0,0,425,294,14.166666666666666,157,202,17.866666666666667,92,true,1766,173,296,198,127,6,5,0,1,2,2,2003,1628,370,8,london-link-010-a-departure,true,948.5,292.1089244320816,1079.6333333333334,774.4833333333333,695.8175475197032,1341.9833333333333,2170.3,3885189.581158542,2723298.1909673237,58.790902171991554,1,0,1.3113261334131805
profile,tfl-numbat-2019-midweek,am-peak,2.5,23.966666666666665,1,2,off,free-flow,off,1,0,940GZZLUEUS,0,3900,3681,1800,1797.5,d6c3dad379d00c9b,719,719,0,0,446,273,14.866666666666667,158,201,19.2,72,true,1881,159,275,198,137,5,7,1,1,2,1,2275,1533,734,7,london-link-070-a-departure,true,1108.5,253.90679184051925,1112.85,665.9666666666667,652.520491423273,1230.6166666666666,1900.3333333333333,3834346.310420396,2561080.4135112995,59.954503052505736,1,0,0
profile,tfl-numbat-2019-midweek,am-peak,2.5,23.966666666666665,1,2,off,free-flow,virtual,1,0,940GZZLUEUS,0,3900,3696,1800,1797.5,d6c3dad379d00c9b,719,719,0,0,449,270,14.966666666666667,158,201,19.4,69,true,1896,155,272,198,137,9,7,1,2,2,2,2225,1674,549,8,london-link-048-a-departure,true,1073.5,257.1709086694483,1123.0333333333333,678.15,655.862076958739,1257.6,1947.9333333333334,3834571.310419337,2635198.129096913,59.2690565910808,1,0,1.5624803905573474
profile,tfl-numbat-2019-midweek,am-peak,2.5,23.966666666666665,1,3,off,free-flow,off,1,0,940GZZLUEUS,0,3900,3483,1800,1797.5,469f699a38cd4978,719,719,0,0,434,285,14.466666666666667,153,206,18.733333333333334,79,true,1683,176,287,198,133,7,6,1,1,2,2,2942,1983,952,7,london-link-048-a-departure,true,999.5,292.41863699582757,1058.7833333333333,753.0666666666667,689.0739916550765,1341.7,1694.7333333333333,3795952.4668273027,2708553.3890569224,58.35881388888809,1,0,0
profile,tfl-numbat-2019-midweek,am-peak,2.5,23.966666666666665,1,3,off,free-flow,virtual,1,0,940GZZLUEUS,0,3900,3457,1800,1797.5,469f699a38cd4978,719,719,0,0,434,285,14.466666666666667,153,206,18.733333333333334,79,true,1657,172,286,198,135,6,7,1,1,2,2,2853,2300,548,8,london-link-087-a-arrival,true,951.5,283.66267964765876,1154.6333333333334,725.8166666666667,680.0210709318499,1293.9333333333334,1783.0166666666667,3793852.466825595,2687147.5009826613,58.53807260715972,1,0,1.546973756025615
profile,tfl-numbat-2019-midweek,pm-peak,2.5,23.966666666666665,1,1,off,free-flow,off,1,0,940GZZLUEUS,0,3900,3063,1800,1797.5,9e9106314986d589,719,719,0,0,485,234,16.166666666666668,173,186,20.8,48,true,1263,101,236,198,139,10,5,1,1,2,2,1973,1424,543,6,london-link-010-a-departure,true,556.5,162.99390356977284,799.45,416.76666666666665,533.6631896152063,939.1333333333333,1265.2,3552675.552500496,1942009.855247131,64.6565779269391,1,0,0
profile,tfl-numbat-2019-midweek,pm-peak,2.5,23.966666666666665,1,1,off,free-flow,virtual,1,0,940GZZLUEUS,0,3900,3267,1800,1797.5,9e9106314986d589,719,719,0,0,485,234,16.166666666666668,173,186,20.8,48,true,1467,103,235,198,141,6,5,1,1,2,2,1709,1357,340,7,london-link-046-a-arrival,true,678.5,162.57118683356515,749.85,416.76666666666665,532.8315948076032,935.5833333333334,1527.9,3550950.5524979657,1985778.562121049,64.1344461502034,1,0,1.0249395441999072
profile,tfl-numbat-2019-midweek,pm-peak,2.5,23.966666666666665,1,2,off,free-flow,off,1,0,940GZZLUEUS,0,3900,3090,1800,1797.5,3df62c248ddb8e69,719,719,0,0,477,242,15.9,165,194,20.8,48,true,1290,122,248,198,138,7,4,0,1,2,2,2055,1592,454,6,940GZZLUPAC-exit,true,669.5,190.60373203523415,871.4,494.06666666666666,570.1976819656932,1002.1833333333333,1526.4333333333334,3641052.939193783,2166651.241237969,62.693498602456415,1,0,0
profile,tfl-numbat-2019-midweek,pm-peak,2.5,23.966666666666665,1,2,off,free-flow,virtual,1,0,940GZZLUEUS,0,3900,3024,1800,1797.5,3df62c248ddb8e69,719,719,0,0,473,246,15.766666666666667,165,194,20.533333333333335,52,true,1224,128,249,198,136,7,4,0,1,2,2,1991,1618,363,6,940GZZLUPAC-exit,true,752.5,197.28143254520168,862.3833333333333,535.2833333333333,576.9088085303663,1015.6,1526.4833333333333,3640227.939191287,2179913.70414478,62.54534961978575,1,0,1.6230075617926074
profile,tfl-numbat-2019-midweek,pm-peak,2.5,23.966666666666665,1,3,off,free-flow,off,1,0,940GZZLUEUS,0,3900,3259,1800,1797.5,906dfc42234650e5,719,719,0,0,456,263,15.2,159,200,19.8,63,true,1459,147,268,198,141,7,4,0,1,2,2,2820,2082,735,7,london-link-020-a-departure,true,606.5,232.37605470560962,948.9666666666667,519.6,617.6335883171071,1057.05,1615.9,3686512.6477095233,2280843.619306979,61.77798815341502,1,0,0
profile,tfl-numbat-2019-midweek,pm-peak,2.5,23.966666666666665,1,3,off,free-flow,virtual,1,0,940GZZLUEUS,0,3900,3321,1800,1797.5,906dfc42234650e5,719,719,0,0,457,262,15.233333333333333,160,199,19.8,63,true,1521,139,265,198,142,7,3,0,1,2,2,1979,1593,378,7,london-link-057-a-arrival,true,773.5,222.601344459898,833.0166666666667,556.1833333333333,606.7690542420028,1039.5666666666666,1678.1333333333334,3687862.64770906,2244287.153934864,62.167389075155775,1,0,1.403591186678768
