band,request_every_seconds,seed,request_id,group,aboard_at_join,from,to,requested_tick,u_boarded_tick,u_completed_tick,u_lead,u_pod,u_first_pod,u_first_pod_tick,u_pod_changes,n_boarded_tick,n_completed_tick,n_lead,n_pod,n_first_pod,n_first_pod_tick,n_pod_changes,change_s,wait_change_s,ride_change_s
late,4.615385,2,1,baseline,,940GZZLUVIC,940GZZLUHAI,276,276,32988,1,london-pod-087,,0,0,276,32988,1,london-pod-087,,0,0,0,0,0
late,4.615385,2,2,baseline,,940GZZLUBXN,940GZZLUVXL,552,552,16631,2,london-pod-015,,0,0,552,16631,2,london-pod-015,,0,0,0,0,0
late,4.615385,2,3,baseline,,940GZZLULNB,940GZZLUBXN,828,828,29086,3,london-pod-055,,0,0,828,29086,3,london-pod-055,,0,0,0,0,0
late,4.615385,2,4,baseline,,940GZZLUSKS,940GZZLUVXL,1104,1104,22701,4,london-pod-076,,0,0,1104,22701,4,london-pod-076,,0,0,0,0,0
late,4.615385,2,6,baseline,,940GZZLUBND,940GZZLUWSM,1656,1656,15651,6,london-pod-013,,0,0,1656,15651,6,london-pod-013,,0,0,0,0,0
late,4.615385,2,8,baseline,,940GZZLUHBN,940GZZLUECT,2208,2208,31594,8,london-pod-041,,0,0,2208,31594,8,london-pod-041,,0,0,0,0,0
late,4.615385,2,10,baseline,,940GZZLULSQ,940GZZLUFPK,2760,2760,35844,10,london-pod-053,,0,0,2760,35844,10,london-pod-053,,0,0,0,0,0
late,4.615385,2,12,baseline,,940GZZLUBNK,940GZZLUCST,3312,3312,8702,12,london-pod-005,,0,0,3312,8702,12,london-pod-005,,0,0,0,0,0
late,4.615385,2,13,baseline,,940GZZLUTCR,940GZZLUKSX,3588,3588,17132,13,london-pod-084,,0,0,3588,17132,13,london-pod-084,,0,0,0,0,0
late,4.615385,2,14,baseline,,940GZZLUSBC,940GZZLULBN,3864,3864,43612,14,london-pod-074,,0,0,3864,43612,14,london-pod-074,,0,0,0,0,0
late,4.615385,2,15,baseline,,940GZZLUMGT,940GZZLUVIC,4140,4140,29441,15,london-pod-060,,0,0,4140,29441,15,london-pod-060,,0,0,0,0,0
late,4.615385,2,19,baseline,,940GZZLUPCC,940GZZLUQWY,5244,5244,26378,19,london-pod-068,,0,0,5244,26378,19,london-pod-068,,0,0,0,0,0
late,4.615385,2,21,baseline,,940GZZLUCGN,940GZZLUCAR,5796,5796,27313,21,london-pod-022,,0,0,5796,27313,21,london-pod-022,,0,0,0,0,0
late,4.615385,2,24,baseline,,940GZZLUGTR,940GZZLUWLO,6624,6624,31916,24,london-pod-034,,0,0,6624,31916,24,london-pod-034,,0,0,0,0,0
late,4.615385,2,25,baseline,,940GZZLUKSX,940GZZLUOXC,6900,6900,20810,25,london-pod-049,,0,0,6900,20810,25,london-pod-049,,0,0,0,0,0
late,4.615385,2,28,baseline,,940GZZLUWLO,940GZZLUFPK,7728,7728,46370,28,london-pod-090,,0,0,7728,46370,28,london-pod-090,,0,0,0,0,0
late,4.615385,2,7,baseline,,940GZZLUBND,940GZZLUWLO,1932,8158,24983,7,london-pod-066,london-pod-066,1932,0,8158,24983,7,london-pod-066,london-pod-066,1932,0,0,0,0
late,4.615385,2,30,baseline,,940GZZLUCTN,940GZZLULVT,8280,8280,35767,30,london-pod-017,,0,0,8280,35767,30,london-pod-017,,0,0,0,0,0
late,4.615385,2,5,baseline,,940GZZLUVIC,940GZZLULVT,1380,8356,33471,5,london-pod-078,london-pod-078,1380,0,8356,33471,5,london-pod-078,london-pod-078,1380,0,0,0,0
late,4.615385,2,31,baseline,,940GZZLUAGL,940GZZLUVIC,8556,8556,37158,31,london-pod-003,,0,0,8556,37158,31,london-pod-003,,0,0,0,0,0
late,4.615385,2,9,baseline,,940GZZLUBND,940GZZLUBXN,2484,8758,41177,9,london-pod-057,london-pod-057,2484,0,8758,41498,9,london-pod-057,london-pod-057,2484,0,5.35,0,5.35
late,4.615385,2,34,baseline,,940GZZLUEAC,940GZZLUMGT,9384,9384,25527,34,london-pod-026,,0,0,9384,25527,34,london-pod-026,,0,0,0,0,0
late,4.615385,2,16,baseline,,940GZZLUTCR,940GZZLUKBN,4416,10215,45352,16,london-pod-035,london-pod-035,4416,0,10215,45352,16,london-pod-035,london-pod-035,4416,0,0,0,0
late,4.615385,2,11,baseline,,940GZZLUBND,940GZZLUFYR,3036,10360,32737,11,london-pod-037,london-pod-037,3036,0,10360,32737,11,london-pod-037,london-pod-037,3036,0,0,0,0
late,4.615385,2,41,baseline,,940GZZLUWIG,940GZZLUVIC,11316,11316,54558,41,london-pod-096,,0,0,11316,54558,41,london-pod-096,,0,0,0,0,0
late,4.615385,2,18,baseline,,940GZZLUSJP,940GZZLUHSD,4968,11367,43658,18,london-pod-094,london-pod-094,4968,0,11367,43658,18,london-pod-094,london-pod-094,4968,0,0,0,0
late,4.615385,2,23,baseline,,940GZZLULNB,940GZZLUOVL,6348,12714,30164,23,london-pod-014,london-pod-014,6348,0,12714,30164,23,london-pod-014,london-pod-014,6348,0,0,0,0
late,4.615385,2,27,baseline,,940GZZLUPCC,940GZZLUWIG,7452,13274,53468,27,london-pod-021,london-pod-021,7452,0,13274,53789,27,london-pod-021,london-pod-021,7452,0,5.35,0,5.35
late,4.615385,2,17,baseline,,940GZZLUBND,940GZZLUWIG,4692,13523,48391,17,london-pod-004,london-pod-004,4692,0,13523,48391,17,london-pod-004,london-pod-004,4692,0,0,0,0
late,4.615385,2,29,baseline,,940GZZLUBST,940GZZLUECT,8004,13572,39542,29,london-pod-058,london-pod-058,8004,0,13572,39542,29,london-pod-058,london-pod-058,8004,0,0,0,0
late,4.615385,2,26,baseline,,940GZZLUKSX,940GZZLUBXN,7176,13652,57063,26,london-pod-028,london-pod-028,7176,0,13652,56280,26,london-pod-028,london-pod-028,7176,0,-13.05,0,-13.05
late,4.615385,2,22,baseline,,940GZZLUOXC,940GZZLUVIC,6072,14500,27756,22,london-pod-088,london-pod-088,6072,0,14500,27756,22,london-pod-088,london-pod-088,6072,0,0,0,0
late,4.615385,2,32,host,true,940GZZLULSQ,940GZZLUOVL,8832,15631,36631,32,london-pod-027,london-pod-027,8832,0,15631,36631,32,london-pod-027,london-pod-027,8832,0,0,0,0
late,4.615385,2,48,reassigned,,940GZZLULSQ,940GZZLUOVL,13248,23293,45353,48,london-pod-020,london-pod-020,13248,0,15631,36631,32,london-pod-027,london-pod-020,13248,0,-145.36666666666667,-127.7,-17.666666666666668
late,4.615385,2,20,baseline,,940GZZLUBND,940GZZLUVIC,5520,15831,28586,20,london-pod-071,london-pod-071,5520,0,15831,28586,20,london-pod-071,london-pod-071,5520,0,0,0,0
late,4.615385,2,58,baseline,,940GZZLUPCO,940GZZLUWHP,16008,16008,54674,58,london-pod-069,,0,0,16008,54674,58,london-pod-069,,0,0,0,0,0
late,4.615385,2,62,baseline,,940GZZLUHAI,940GZZLUVIC,17112,17112,49787,62,london-pod-040,,0,0,17112,49787,62,london-pod-040,,0,0,0,0,0
late,4.615385,2,40,baseline,,940GZZLUKSX,940GZZLUTCR,11040,17132,30565,40,london-pod-084,london-pod-029,12840,0,17132,30565,40,london-pod-084,london-pod-029,12840,0,0,0,0
late,4.615385,2,36,baseline,,940GZZLULNB,940GZZLUCWR,9936,17444,34377,36,london-pod-019,london-pod-019,9936,0,17444,34377,36,london-pod-019,london-pod-019,9936,0,0,0,0
late,4.615385,2,39,baseline,,940GZZLUEUS,940GZZLUBNK,10764,17897,39640,39,london-pod-061,london-pod-061,10764,0,17897,39319,39,london-pod-061,london-pod-061,10764,0,-5.35,0,-5.35
late,4.615385,2,65,baseline,,940GZZLUFPK,940GZZLUPAC,17940,17940,57750,65,london-pod-032,,0,0,17940,57789,65,london-pod-032,,0,0,0.65,0,0.65
late,4.615385,2,46,baseline,,940GZZLUWLO,940GZZLUSBC,12696,18828,56323,46,london-pod-051,london-pod-051,12696,0,18828,56323,46,london-pod-051,london-pod-051,12696,0,0,0,0
late,4.615385,2,50,baseline,,940GZZLUMGT,940GZZLUEAC,13800,19044,38882,50,london-pod-054,london-pod-054,13800,0,19044,38882,50,london-pod-054,london-pod-054,13800,0,0,0,0
late,4.615385,2,66,baseline,,940GZZLUMGT,940GZZLULNB,18216,19044,28636,50,london-pod-054,,0,0,19044,28636,50,london-pod-054,,0,0,0,0,0
late,4.615385,2,33,baseline,,940GZZLUAGL,940GZZLUBOR,9108,19203,41739,33,london-pod-064,london-pod-064,9108,0,19203,41739,33,london-pod-064,london-pod-064,9108,0,0,0,0
late,4.615385,2,71,baseline,,940GZZLUVXL,940GZZLUPCO,19596,19596,27242,71,london-pod-015,,0,0,19596,27242,71,london-pod-015,,0,0,0,0,0
late,4.615385,2,37,baseline,,940GZZLUTCR,940GZZLUWLO,10212,19634,33841,37,london-pod-073,london-pod-073,10212,0,19634,33841,37,london-pod-073,london-pod-073,10212,0,0,0,0
late,4.615385,2,38,baseline,,940GZZLUGPK,940GZZLUGTR,10488,19882,37332,38,london-pod-050,london-pod-050,10488,0,19882,37332,38,london-pod-050,london-pod-050,10488,0,0,0,0
late,4.615385,2,47,baseline,,940GZZLUWLO,940GZZLUBXN,12972,19994,46332,47,london-pod-077,london-pod-077,12972,0,19994,46332,47,london-pod-077,london-pod-077,12972,0,0,0,0
late,4.615385,2,35,baseline,,940GZZLUPCC,940GZZLUPAC,9660,20019,41558,35,london-pod-044,london-pod-044,9660,0,20019,41558,35,london-pod-044,london-pod-044,9660,0,0,0,0
late,4.615385,2,42,baseline,,940GZZLUSKS,940GZZLUWHP,11592,20593,61206,42,london-pod-075,london-pod-075,11592,0,20593,61206,42,london-pod-075,london-pod-075,11592,0,0,0,0
late,4.615385,2,75,baseline,,940GZZLUTWH,940GZZLUWKN,20700,20700,65977,75,london-pod-085,,0,0,20700,65977,75,london-pod-085,,0,0,0,0,0
late,4.615385,2,49,baseline,,940GZZLUOXC,940GZZLUHSD,13524,20810,55028,49,london-pod-049,london-pod-024,15360,0,20810,55028,49,london-pod-049,london-pod-024,15360,0,0,0,0
late,4.615385,2,52,baseline,,940GZZLUBST,940GZZLUCHX,14352,21642,38682,52,london-pod-025,london-pod-025,14352,0,21642,38682,52,london-pod-025,london-pod-025,14352,0,0,0,0
late,4.615385,2,43,baseline,,940GZZLULSQ,940GZZLUWLO,11868,21907,32890,43,london-pod-083,london-pod-083,11868,0,21907,32890,43,london-pod-083,london-pod-083,11868,0,0,0,0
late,4.615385,2,56,baseline,,940GZZLUEMB,940GZZLUCWR,15456,25371,52553,56,london-pod-012,london-pod-012,15720,0,22365,49547,56,london-pod-013,london-pod-013,15720,0,-50.1,-50.1,0
late,4.615385,2,55,baseline,,940GZZLUTCR,940GZZLUQWY,15180,27953,49082,55,london-pod-013,london-pod-013,15660,0,22468,43597,55,london-pod-020,london-pod-020,15660,0,-91.41666666666667,-91.41666666666667,0
late,4.615385,2,84,baseline,,940GZZLUWPL,940GZZLULVT,23184,23184,35264,84,london-pod-095,,0,0,23184,35264,84,london-pod-095,,0,0,0,0,0
late,4.615385,2,87,baseline,,940GZZLUHSD,940GZZLUCGN,24012,24012,60697,87,london-pod-038,,0,0,24012,60697,87,london-pod-038,,0,0,0,0,0
late,4.615385,2,88,baseline,,940GZZLUHSK,940GZZLUPAC,24288,24288,38785,88,london-pod-039,,0,0,24288,38785,88,london-pod-039,,0,0,0,0,0
late,4.615385,2,44,baseline,,940GZZLUKSX,940GZZLULVT,12144,24633,42640,44,london-pod-036,london-pod-036,13980,0,24633,42640,44,london-pod-036,london-pod-036,13980,0,0,0,0
late,4.615385,2,59,baseline,,940GZZLUWLO,940GZZLUNHG,16284,24983,56126,59,london-pod-066,london-pod-045,18120,0,24983,55564,59,london-pod-066,london-pod-045,18120,0,-9.366666666666667,0,-9.366666666666667
late,4.615385,2,60,baseline,,940GZZLUBXN,940GZZLUVIC,16560,25540,49348,60,london-pod-081,london-pod-081,16560,0,25540,49348,60,london-pod-081,london-pod-081,16560,0,0,0,0
late,4.615385,2,91,baseline,,940GZZLUBXN,940GZZLUCTN,25116,25540,75780,60,london-pod-081,,0,0,25540,75780,60,london-pod-081,,0,0,0,0,0
late,4.615385,2,45,baseline,,940GZZLUKSX,940GZZLUADE,12420,25633,47630,45,london-pod-030,london-pod-030,14220,0,25633,47630,45,london-pod-030,london-pod-030,14220,0,0,0,0
late,4.615385,2,53,baseline,,940GZZLUAGL,940GZZLUWLO,14628,26134,51856,53,london-pod-029,london-pod-006,16440,0,26134,51856,53,london-pod-029,london-pod-006,16440,0,0,0,0
late,4.615385,2,57,baseline,,940GZZLUHBN,940GZZLULGT,15732,26391,46937,57,london-pod-080,london-pod-080,15732,0,26391,46937,57,london-pod-080,london-pod-080,15732,0,0,0,0
late,4.615385,2,54,baseline,,940GZZLUBND,940GZZLUVXL,14904,26493,47491,54,london-pod-052,london-pod-052,14904,0,26493,47491,54,london-pod-052,london-pod-052,14904,0,0,0,0
late,4.615385,2,64,baseline,,940GZZLUCTN,940GZZLUVXL,17664,26838,60854,64,london-pod-047,london-pod-047,17664,0,26838,60854,64,london-pod-047,london-pod-047,17664,0,0,0,0
late,4.615385,2,80,baseline,,940GZZLUVIC,940GZZLUFPK,22080,27756,69347,80,london-pod-088,london-pod-086,23880,0,27756,69347,80,london-pod-088,london-pod-086,23880,0,0,0,0
late,4.615385,2,103,baseline,,940GZZLUSWC,940GZZLUSKW,28428,28428,72687,103,london-pod-082,,0,0,28428,72687,103,london-pod-082,,0,0,0,0,0
late,4.615385,2,61,baseline,,940GZZLUBXN,940GZZLUHAI,16836,29086,81230,61,london-pod-055,london-pod-065,18660,0,29086,81230,61,london-pod-055,london-pod-065,18660,0,0,0,0
late,4.615385,2,89,baseline,,940GZZLUWLO,940GZZLUCWR,24564,29637,54350,89,london-pod-045,london-pod-045,25020,0,29637,54028,89,london-pod-045,london-pod-045,25020,0,-5.366666666666666,0,-5.366666666666666
late,4.615385,2,76,baseline,,940GZZLUERB,940GZZLUKSX,20976,30286,49155,76,london-pod-089,london-pod-089,20976,0,30286,49155,76,london-pod-089,london-pod-089,20976,0,0,0,0
late,4.615385,2,73,baseline,,940GZZLUTCR,940GZZLUBLG,20148,30565,60083,73,london-pod-084,london-pod-002,21960,0,30565,60083,73,london-pod-084,london-pod-056,21960,0,0,0,0
late,4.615385,2,112,baseline,,940GZZLUCWR,940GZZLUSBC,30912,34377,92437,112,london-pod-019,london-pod-018,32760,0,30912,90113,112,london-pod-018,,0,0,-38.733333333333334,-57.75,19.016666666666666
late,4.615385,2,98,baseline,,940GZZLUWLO,940GZZLUKSX,27048,31916,52090,98,london-pod-034,london-pod-018,28860,0,31916,52090,98,london-pod-034,london-pod-010,28860,0,0,0,0
late,4.615385,2,74,baseline,,940GZZLUHAI,940GZZLUFPK,20424,32952,45603,74,london-pod-103,london-pod-103,20424,0,32952,45603,74,london-pod-103,london-pod-103,20424,0,0,0,0
late,4.615385,2,106,baseline,,940GZZLUHAI,940GZZLUWLO,29256,32988,63370,106,london-pod-087,london-pod-104,30636,0,32988,63714,106,london-pod-087,london-pod-104,30636,0,5.733333333333333,0,5.733333333333333
late,4.615385,2,51,baseline,,940GZZLUOXC,940GZZLUCHX,14076,33010,43855,51,london-pod-067,london-pod-067,15900,0,33010,43591,51,london-pod-067,london-pod-067,15900,0,-4.4,0,-4.4
late,4.615385,2,63,baseline,,940GZZLUAGL,940GZZLUODS,17388,33387,44057,63,london-pod-006,london-pod-029,17388,1,33387,44057,63,london-pod-006,london-pod-029,17388,1,0,0,0
late,4.615385,2,94,baseline,,940GZZLUPAC,940GZZLUBXN,25944,33517,76943,94,london-pod-009,london-pod-009,25944,0,33517,76943,94,london-pod-009,london-pod-009,25944,0,0,0,0
late,4.615385,2,67,baseline,,940GZZLUPCC,940GZZLUBMY,18492,33600,60726,67,london-pod-024,london-pod-056,20340,0,33600,60404,67,london-pod-024,london-pod-012,20340,0,-5.366666666666666,0,-5.366666666666666
late,4.615385,2,70,baseline,,940GZZLUPCC,940GZZLUBNK,19320,36589,55674,70,london-pod-056,london-pod-024,20820,1,34084,53501,70,london-pod-012,london-pod-024,20820,1,-36.21666666666667,-41.75,5.533333333333333
late,4.615385,2,97,baseline,,940GZZLUVXL,940GZZLUPCC,26772,34284,53741,97,london-pod-015,london-pod-015,27300,0,34284,54063,97,london-pod-015,london-pod-015,27300,0,5.366666666666666,0,5.366666666666666
late,4.615385,2,123,baseline,,940GZZLULVT,940GZZLUEMB,33948,35264,53223,123,london-pod-095,,0,0,35264,53762,123,london-pod-095,,0,0,8.983333333333333,0,8.983333333333333
late,4.615385,2,95,baseline,,940GZZLUBNK,940GZZLUAGL,26220,39640,56692,95,london-pod-061,london-pod-010,28020,0,35557,52287,95,london-pod-002,london-pod-002,26220,0,-73.41666666666667,-68.05,-5.366666666666666
late,4.615385,2,113,baseline,,940GZZLUFPK,940GZZLUHAI,31188,35844,48815,113,london-pod-053,london-pod-104,33000,0,35844,48815,113,london-pod-053,london-pod-104,33000,0,0,0,0
late,4.615385,2,72,baseline,,940GZZLUBND,940GZZLUBNK,19872,35946,59480,72,london-pod-070,london-pod-070,20880,0,35946,59801,72,london-pod-070,london-pod-070,20880,0,5.35,0,5.35
late,4.615385,2,79,baseline,,940GZZLUHBN,940GZZLUBNK,21804,37067,51891,79,london-pod-005,london-pod-005,21804,0,37067,51569,79,london-pod-005,london-pod-005,21804,0,-5.366666666666666,0,-5.366666666666666
late,4.615385,2,118,baseline,,940GZZLUVIC,940GZZLUGPK,32568,37158,46361,118,london-pod-003,london-pod-041,34380,0,37158,46361,118,london-pod-003,london-pod-041,34380,0,0,0,0
late,4.615385,2,111,baseline,,940GZZLUHSD,940GZZLUEMB,30636,37582,75489,111,london-pod-007,london-pod-007,30636,0,37582,74761,111,london-pod-007,london-pod-007,30636,0,-12.133333333333333,0,-12.133333333333333
late,4.615385,2,102,baseline,,940GZZLUGPK,940GZZLUSWC,28152,37633,61912,102,london-pod-071,london-pod-071,28680,0,37633,61912,102,london-pod-071,london-pod-071,28680,0,0,0,0
late,4.615385,2,119,baseline,,940GZZLUCHX,940GZZLUEAC,32844,38682,54860,119,london-pod-025,london-pod-018,34680,0,38682,53687,119,london-pod-025,london-pod-019,34680,0,-19.55,0,-19.55
late,4.615385,2,77,baseline,,940GZZLUAGL,940GZZLUSKW,21252,38820,77519,77,london-pod-001,london-pod-001,21252,0,38820,77519,77,london-pod-001,london-pod-001,21252,0,0,0,0
late,4.615385,2,105,baseline,,940GZZLUGPK,940GZZLULNB,28980,38849,60640,105,london-pod-060,london-pod-060,29460,0,38849,60489,105,london-pod-060,london-pod-060,29460,0,-2.5166666666666666,0,-2.5166666666666666
late,4.615385,2,137,baseline,,940GZZLUEAC,940GZZLUFBY,37812,38882,80084,137,london-pod-054,,0,0,38882,80406,137,london-pod-054,,0,0,5.366666666666666,0,5.366666666666666
late,4.615385,2,69,baseline,,940GZZLUOXC,940GZZLUBXN,19044,39072,72154,69,london-pod-079,london-pod-079,20880,0,39072,72154,69,london-pod-079,london-pod-079,20880,0,0,0,0
late,4.615385,2,141,baseline,,940GZZLUOXC,940GZZLUBXN,38916,39072,72154,69,london-pod-079,,0,0,39072,72154,69,london-pod-079,,0,0,0,0,0
late,4.615385,2,82,baseline,,940GZZLUSSQ,940GZZLUWKN,22632,39234,58481,82,london-pod-023,london-pod-023,24480,0,39234,58481,82,london-pod-023,london-pod-023,24480,0,0,0,0
late,4.615385,2,129,baseline,,940GZZLUBNK,940GZZLULVT,35604,51891,59209,129,london-pod-005,london-pod-110,37440,0,39319,45994,129,london-pod-061,london-pod-027,37440,0,-220.25,-209.53333333333333,-10.716666666666667
late,4.615385,2,81,host,true,940GZZLUBXN,940GZZLUKSX,22356,39975,82362,81,london-pod-076,london-pod-076,24180,0,39975,82362,81,london-pod-076,london-pod-076,24180,0,0,0,0
late,4.615385,2,92,reassigned,,940GZZLUBXN,940GZZLUKSX,25392,41177,87581,92,london-pod-057,london-pod-008,27240,0,39975,82362,81,london-pod-076,london-pod-008,27240,0,-86.98333333333333,-20.033333333333335,-66.95
late,4.615385,2,149,baseline,,940GZZLUBXN,940GZZLUEUS,41124,41177,80987,92,london-pod-057,,0,0,41498,81591,149,london-pod-057,,0,0,10.066666666666666,5.35,4.716666666666667
late,4.615385,2,115,baseline,,940GZZLUBOR,940GZZLUSKW,31740,41739,62464,115,london-pod-064,london-pod-065,33540,0,41739,62464,115,london-pod-064,london-pod-065,33540,0,0,0,0
late,4.615385,2,68,baseline,,940GZZLUCTN,940GZZLUOVL,18768,41892,79190,68,london-pod-016,london-pod-016,20580,0,41892,78837,68,london-pod-016,london-pod-016,20580,0,-5.883333333333334,0,-5.883333333333334
late,4.615385,2,86,baseline,,940GZZLULSQ,940GZZLUFPK,23736,42487,74757,86,london-pod-083,london-pod-026,25560,0,42487,74757,86,london-pod-083,london-pod-026,25560,0,0,0,0
late,4.615385,2,120,baseline,,940GZZLULNB,940GZZLUBXN,33120,43045,71303,120,london-pod-078,london-pod-078,33480,0,43045,71303,120,london-pod-078,london-pod-078,33480,0,0,0,0
late,4.615385,2,85,baseline,,940GZZLUBND,940GZZLUFYR,23460,43452,65507,85,london-pod-072,london-pod-072,25260,0,43452,65507,85,london-pod-072,london-pod-072,25260,0,0,0,0
late,4.615385,2,99,baseline,,940GZZLURYO,940GZZLUESQ,27324,43455,63990,99,london-pod-068,london-pod-068,27324,0,43455,63990,99,london-pod-068,london-pod-068,27324,0,0,0,0
late,4.615385,2,78,baseline,,940GZZLUWRR,940GZZLUWKN,21528,43582,77321,78,london-pod-043,london-pod-043,23340,0,43582,77321,78,london-pod-043,london-pod-043,23340,0,0,0,0
late,4.615385,2,125,baseline,,940GZZLUCHX,940GZZLUKBN,34500,43855,81191,125,london-pod-067,london-pod-104,36300,0,43591,80927,125,london-pod-067,london-pod-104,36300,0,-4.4,-4.4,0
late,4.615385,2,107,baseline,,940GZZLUSKS,940GZZLUPCC,29532,43633,62260,107,london-pod-091,london-pod-091,31380,0,43633,62260,107,london-pod-091,london-pod-091,31380,0,0,0,0
late,4.615385,2,133,baseline,,940GZZLUHSD,940GZZLUKSH,36708,43658,98275,133,london-pod-094,london-pod-097,38520,0,43658,98275,133,london-pod-094,london-pod-097,38520,0,0,0,0
late,4.615385,2,93,baseline,,940GZZLUPCC,940GZZLUVIC,25668,44141,56261,93,london-pod-073,london-pod-022,27480,0,44141,56261,93,london-pod-073,london-pod-022,27480,0,0,0,0
late,4.615385,2,100,baseline,,940GZZLUMGT,940GZZLUKBN,27600,41432,88771,100,london-pod-017,london-pod-011,29400,0,44167,91506,100,london-pod-011,london-pod-011,29400,0,45.583333333333336,45.583333333333336,0
late,4.615385,2,83,baseline,,940GZZLUOXC,940GZZLUBNK,22908,44484,65352,83,london-pod-063,london-pod-063,24720,0,44484,65674,83,london-pod-063,london-pod-063,24720,0,5.366666666666666,0,5.366666666666666
late,4.615385,2,96,host,true,940GZZLULSQ,940GZZLUWLO,26496,45307,55425,96,london-pod-086,london-pod-086,28320,0,45307,55425,96,london-pod-086,london-pod-086,28320,0,0,0,0
late,4.615385,2,142,reassigned,,940GZZLULSQ,940GZZLUWLO,39192,66613,76588,142,london-pod-058,london-pod-037,41040,0,45307,55425,96,london-pod-086,london-pod-037,41040,0,-352.71666666666664,-355.1,2.3833333333333333
late,4.615385,2,121,baseline,,940GZZLULNB,940GZZLUKBN,33396,54042,103825,121,london-pod-027,london-pod-109,35220,0,45337,95564,121,london-pod-017,london-pod-109,35220,0,-137.68333333333334,-145.08333333333334,7.4
late,4.615385,2,154,baseline,,940GZZLUFPK,940GZZLUBXN,42504,45603,105883,154,london-pod-103,london-pod-006,44340,0,45603,105883,154,london-pod-103,london-pod-006,44340,0,0,0,0
late,4.615385,2,117,baseline,,940GZZLULSQ,940GZZLUSKS,32292,46126,66723,117,london-pod-026,london-pod-083,32940,1,45698,66722,117,london-pod-026,london-pod-083,32940,1,-0.016666666666666666,-7.133333333333334,7.116666666666666
late,4.615385,2,144,baseline,,940GZZLUEAC,940GZZLUODS,39744,51900,72610,144,london-pod-074,london-pod-008,41580,0,46263,66652,144,london-pod-008,london-pod-008,40020,0,-99.3,-93.95,-5.35
late,4.615385,2,167,baseline,,940GZZLUGPK,940GZZLUBSC,46092,46361,73278,167,london-pod-003,,0,0,46361,73278,167,london-pod-003,,0,0,0,0,0
late,4.615385,2,108,baseline,,940GZZLUEUS,940GZZLUBXN,29808,56665,96388,108,london-pod-105,london-pod-105,31620,0,47113,87291,108,london-pod-056,london-pod-056,30600,0,-151.61666666666667,-159.2,7.583333333333333
late,4.615385,2,169,baseline,,940GZZLUADE,940GZZLUECT,46644,47630,91389,169,london-pod-030,,0,0,47630,91389,169,london-pod-030,,0,0,0,0,0
late,4.615385,2,90,baseline,,940GZZLUEMB,940GZZLUMED,24840,48469,82037,90,london-pod-062,london-pod-062,26640,0,48469,82037,90,london-pod-062,london-pod-062,26640,0,0,0,0
late,4.615385,2,128,host,true,940GZZLUKSX,940GZZLUVIC,35328,49155,72028,128,london-pod-089,london-pod-107,37140,0,49155,72028,128,london-pod-089,london-pod-106,37140,0,0,0,0
late,4.615385,2,163,reassigned,,940GZZLUKSX,940GZZLUVIC,44988,69147,93198,163,london-pod-090,london-pod-090,46800,0,49155,72028,128,london-pod-089,london-pod-090,46800,0,-352.8333333333333,-333.2,-19.633333333333333
late,4.615385,2,124,baseline,,940GZZLUVIC,940GZZLUMED,34224,49787,90908,124,london-pod-040,london-pod-093,36060,0,49787,90908,124,london-pod-040,london-pod-093,36060,0,0,0,0
late,4.615385,2,143,baseline,,940GZZLUHSD,940GZZLULNB,39468,51506,98192,143,london-pod-098,london-pod-098,41280,0,51506,99164,143,london-pod-098,london-pod-098,41280,0,16.2,0,16.2
late,4.615385,2,146,baseline,,940GZZLUBNK,940GZZLULVT,40296,55674,62349,146,london-pod-056,london-pod-112,42120,0,51569,58565,146,london-pod-005,london-pod-111,42120,0,-63.06666666666667,-68.41666666666667,5.35
late,4.615385,2,162,baseline,,940GZZLUWLO,940GZZLUEUS,44712,51856,72327,162,london-pod-029,london-pod-077,46560,0,51856,73256,162,london-pod-029,london-pod-077,46560,0,15.483333333333333,0,15.483333333333333
late,4.615385,2,134,baseline,,940GZZLUKSX,940GZZLUVXL,36984,52090,83206,134,london-pod-034,london-pod-018,38820,0,52090,83206,134,london-pod-034,london-pod-108,38820,0,0,0,0
late,4.615385,2,122,baseline,,940GZZLUPCC,940GZZLUODS,33672,52350,78716,122,london-pod-022,london-pod-073,33900,1,52349,77556,122,london-pod-022,london-pod-073,33900,1,-19.333333333333332,-0.016666666666666666,-19.316666666666666
late,4.615385,2,101,baseline,,940GZZLUOXC,940GZZLUMBA,27876,52394,61280,101,london-pod-042,london-pod-042,29700,0,52394,61280,101,london-pod-042,london-pod-042,29700,0,0,0,0
late,4.615385,2,159,baseline,,940GZZLUBNK,940GZZLUBXN,43884,59480,94960,159,london-pod-070,london-pod-020,45720,0,53501,84757,159,london-pod-012,london-pod-006,45720,0,-170.05,-99.65,-70.4
late,4.615385,2,156,baseline,,940GZZLUEAC,940GZZLUAGL,43056,53565,80197,156,london-pod-008,london-pod-074,43680,1,53687,80319,156,london-pod-025,london-pod-113,44880,0,2.033333333333333,2.033333333333333,0
late,4.615385,2,140,baseline,,940GZZLUEMB,940GZZLUCST,38640,53223,67167,140,london-pod-095,london-pod-058,40440,0,53762,67706,140,london-pod-095,london-pod-058,40440,0,8.983333333333333,8.983333333333333,0
late,4.615385,2,139,baseline,,940GZZLUBND,940GZZLUBNK,38364,53983,77517,139,london-pod-039,london-pod-039,38880,0,53983,77517,139,london-pod-039,london-pod-039,38880,0,0,0,0
late,4.615385,2,155,baseline,,940GZZLUCHX,940GZZLUWLO,42780,58966,67716,155,london-pod-065,london-pod-033,44580,0,54003,62110,155,london-pod-074,london-pod-074,43620,0,-93.43333333333334,-82.71666666666667,-10.716666666666667
late,4.615385,2,145,baseline,,940GZZLUPCC,940GZZLUBNK,40020,53741,73721,145,london-pod-015,london-pod-065,41820,0,54063,73469,145,london-pod-015,london-pod-065,41820,0,-4.2,5.366666666666666,-9.566666666666666
late,4.615385,2,104,baseline,,940GZZLUOXC,940GZZLUVXL,28704,54249,75105,104,london-pod-031,london-pod-031,30540,0,54249,75426,104,london-pod-031,london-pod-031,30540,0,5.35,0,5.35
late,4.615385,2,196,baseline,,940GZZLUOXC,940GZZLUSKW,54096,54249,85467,104,london-pod-031,,0,0,54249,86109,104,london-pod-031,,0,0,10.7,0,10.7
late,4.615385,2,166,baseline,,940GZZLUVIC,940GZZLUSBC,45816,54558,86813,166,london-pod-096,london-pod-052,47640,0,54558,86813,166,london-pod-096,london-pod-052,47640,0,0,0,0
late,4.615385,2,136,baseline,,940GZZLUSWK,940GZZLUCWR,37536,70688,92322,136,london-pod-111,london-pod-111,39360,0,54869,76503,136,london-pod-027,london-pod-027,39360,0,-263.65,-263.65,0
late,4.615385,2,116,baseline,,940GZZLUMGT,940GZZLUWLO,32016,44167,59600,116,london-pod-011,london-pod-059,33840,0,55492,71247,116,london-pod-059,london-pod-059,33840,0,194.11666666666667,188.75,5.366666666666666
late,4.615385,2,127,baseline,,940GZZLULNB,940GZZLUHSD,35052,60640,107616,127,london-pod-060,london-pod-027,36900,1,55561,101689,127,london-pod-061,london-pod-017,35820,1,-98.78333333333333,-84.65,-14.133333333333333
late,4.615385,2,194,baseline,,940GZZLUNHG,940GZZLUWPL,53544,90090,137457,194,london-pod-061,london-pod-061,56700,0,55564,102950,194,london-pod-066,,0,0,-575.1166666666667,-575.4333333333333,0.31666666666666665
late,4.615385,2,180,baseline,,940GZZLUVIC,940GZZLUBXN,49680,56261,80372,180,london-pod-073,london-pod-012,52560,0,56261,80051,180,london-pod-073,london-pod-004,51480,0,-5.35,0,-5.35
late,4.615385,2,157,baseline,,940GZZLUPAC,940GZZLUECT,43332,57750,77117,157,london-pod-032,london-pod-097,45180,0,56559,75605,157,london-pod-020,london-pod-020,43680,0,-25.2,-19.85,-5.35
late,4.615385,2,148,baseline,,940GZZLUCHL,940GZZLUECT,40848,56685,89272,148,london-pod-036,london-pod-036,42660,0,56685,88923,148,london-pod-036,london-pod-036,42660,0,-5.816666666666666,0,-5.816666666666666
late,4.615385,2,110,baseline,,940GZZLURSQ,940GZZLUPCC,30360,44474,56786,110,london-pod-002,london-pod-002,30600,0,56749,69510,110,london-pod-010,london-pod-010,32160,0,212.06666666666666,204.58333333333334,7.483333333333333
late,4.615385,2,114,baseline,,940GZZLUTCR,940GZZLUPAC,31464,56909,78280,114,london-pod-014,london-pod-014,33300,0,56909,78280,114,london-pod-014,london-pod-014,33300,0,0,0,0
late,4.615385,2,109,baseline,,940GZZLUEUS,940GZZLUFPK,30084,57904,83000,109,london-pod-106,london-pod-106,31920,0,57262,82358,109,london-pod-105,london-pod-105,31920,0,-10.7,-10.7,0
late,4.615385,2,173,baseline,,940GZZLUBMY,940GZZLUCWR,47748,60726,69561,173,london-pod-024,london-pod-102,49560,0,57737,66251,173,london-pod-013,london-pod-013,49560,0,-55.166666666666664,-49.81666666666667,-5.35
late,4.615385,2,185,baseline,,940GZZLULVT,940GZZLUNHG,51060,59209,100221,185,london-pod-005,london-pod-045,55320,0,58565,99140,185,london-pod-005,london-pod-113,53700,0,-18.016666666666666,-10.733333333333333,-7.283333333333333
late,4.615385,2,130,baseline,,940GZZLUMGT,940GZZLULNB,35880,55492,65727,130,london-pod-059,london-pod-017,35880,2,59453,69045,130,london-pod-110,london-pod-110,37680,0,55.3,66.01666666666667,-10.716666666666667
late,4.615385,2,126,baseline,,940GZZLUHPC,940GZZLUWIG,34776,59782,101709,126,london-pod-046,london-pod-046,36600,0,59782,101864,126,london-pod-046,london-pod-046,36600,0,2.5833333333333335,0,2.5833333333333335
late,4.615385,2,190,baseline,,940GZZLUBNK,940GZZLUFPK,52440,65352,103162,190,london-pod-063,london-pod-112,55680,0,59801,97127,190,london-pod-070,london-pod-069,55920,0,-100.58333333333333,-92.51666666666667,-8.066666666666666
late,4.615385,2,147,baseline,,940GZZLUOXC,940GZZLUHPK,40572,59827,83251,147,london-pod-044,london-pod-044,42420,0,59827,83251,147,london-pod-044,london-pod-044,42420,0,0,0,0
late,4.615385,2,179,baseline,,940GZZLUBLG,940GZZLUKNG,49404,60083,89515,179,london-pod-084,london-pod-018,52140,0,60083,89515,179,london-pod-084,london-pod-102,51240,0,0,0,0
late,4.615385,2,161,baseline,,940GZZLULNB,940GZZLUKSX,44436,61548,84184,161,london-pod-109,london-pod-100,46260,0,60489,83411,161,london-pod-060,london-pod-061,46020,1,-12.883333333333333,-17.65,4.766666666666667
late,4.615385,2,153,baseline,,940GZZLUCGN,940GZZLUVIC,42228,60697,75833,153,london-pod-038,london-pod-104,44040,0,60697,75833,153,london-pod-038,london-pod-033,44040,0,0,0,0
late,4.615385,2,178,baseline,,940GZZLUPCC,940GZZLUBXN,49128,56786,88068,178,london-pod-002,london-pod-110,51900,0,60713,92033,178,london-pod-065,london-pod-101,50940,0,66.08333333333333,65.45,0.6333333333333333
late,4.615385,2,210,baseline,,940GZZLUMBA,940GZZLUBXN,57960,84531,119483,210,london-pod-071,london-pod-071,61920,0,61280,96238,210,london-pod-042,,0,0,-387.4166666666667,-387.51666666666665,0.1
late,4.615385,2,168,baseline,,940GZZLUOXC,940GZZLUPAC,46368,61380,79525,168,london-pod-080,london-pod-080,46980,0,61380,79525,168,london-pod-080,london-pod-080,46980,0,0,0,0
late,4.615385,2,195,baseline,,940GZZLULNB,940GZZLUKSH,53820,63382,100486,195,london-pod-110,london-pod-110,56820,0,61381,98801,195,london-pod-109,london-pod-028,56520,0,-28.083333333333332,-33.35,5.266666666666667
late,4.615385,2,216,baseline,,940GZZLUWLO,940GZZLUCWR,59616,67716,93185,216,london-pod-065,london-pod-068,64020,0,62110,86501,216,london-pod-074,,0,0,-111.4,-93.43333333333334,-17.966666666666665
late,4.615385,2,193,baseline,,940GZZLUPCC,940GZZLUPAC,53268,62260,84233,193,london-pod-091,london-pod-051,56340,0,62260,83477,193,london-pod-091,london-pod-065,54096,1,-12.6,0,-12.6
late,4.615385,2,152,baseline,,940GZZLUCHL,940GZZLUBNK,41952,75816,88196,152,london-pod-114,london-pod-114,43800,0,62268,74308,152,london-pod-104,london-pod-104,43800,0,-231.46666666666667,-225.8,-5.666666666666667
late,4.615385,2,132,baseline,,940GZZLUTCR,940GZZLUWLO,36432,63310,77609,132,london-pod-050,london-pod-050,38280,0,63310,76202,132,london-pod-050,london-pod-050,38280,0,-23.45,0,-23.45
late,4.615385,2,230,baseline,,940GZZLUTCR,940GZZLUWLO,63480,63480,77609,132,london-pod-050,,0,0,63480,76202,132,london-pod-050,,0,0,-23.45,0,-23.45
late,4.615385,2,170,baseline,,940GZZLUGPK,940GZZLULVT,46920,79982,104668,170,london-pod-101,london-pod-101,48720,0,64333,90444,170,london-pod-052,london-pod-099,48720,0,-237.06666666666666,-260.81666666666666,23.75
late,4.615385,2,158,baseline,,940GZZLUKNB,940GZZLUECT,43608,70473,85567,158,london-pod-099,london-pod-099,45420,0,65130,80546,158,london-pod-033,london-pod-097,45420,0,-83.68333333333334,-89.05,5.366666666666666
late,4.615385,2,202,baseline,,940GZZLUBNK,940GZZLUKNG,55752,59480,76767,159,london-pod-070,,0,0,65674,82805,202,london-pod-063,london-pod-113,58620,0,100.63333333333334,103.23333333333333,-2.6
late,4.615385,2,172,host,true,940GZZLUOXC,940GZZLULVT,47472,70215,94182,172,london-pod-107,london-pod-107,49320,0,65771,89417,172,london-pod-058,london-pod-106,49320,0,-79.41666666666667,-74.06666666666666,-5.35
late,4.615385,2,198,reassigned,,940GZZLUOXC,940GZZLULVT,54648,82784,107536,198,london-pod-069,london-pod-097,57780,1,65771,89417,172,london-pod-058,london-pod-004,56520,0,-301.98333333333335,-283.55,-18.433333333333334
late,4.615385,2,164,baseline,,940GZZLUEUS,940GZZLUEAC,45264,65190,91757,164,london-pod-053,london-pod-048,47100,0,65975,92874,164,london-pod-108,london-pod-048,47100,0,18.616666666666667,13.083333333333334,5.533333333333333
late,4.615385,2,165,baseline,,940GZZLUODS,940GZZLUCTN,45540,72610,97628,165,london-pod-074,london-pod-035,47340,0,66652,91960,165,london-pod-008,london-pod-114,47340,0,-94.46666666666667,-99.3,4.833333333333333
late,4.615385,2,191,baseline,,940GZZLUSKS,940GZZLURSQ,52716,66723,94493,191,london-pod-026,london-pod-066,56160,0,66722,93970,191,london-pod-026,london-pod-049,55920,0,-8.716666666666667,-0.016666666666666666,-8.7
late,4.615385,2,176,baseline,,940GZZLUGTR,940GZZLUOVL,48576,63951,99286,176,london-pod-013,london-pod-013,49128,0,67159,102494,176,london-pod-100,london-pod-100,49860,0,53.46666666666667,53.46666666666667,0
late,4.615385,2,200,baseline,,940GZZLUTCR,940GZZLUCHX,55200,84848,93480,200,london-pod-047,london-pod-045,59220,0,68059,77099,200,london-pod-086,london-pod-086,55440,0,-273.01666666666665,-279.81666666666666,6.8
late,4.615385,2,207,baseline,,940GZZLUKNB,940GZZLUHWY,57132,106783,142214,207,london-pod-018,london-pod-018,61320,0,68470,103901,207,london-pod-097,london-pod-033,60720,1,-638.55,-638.55,0
late,4.615385,2,219,baseline,,940GZZLUFPK,940GZZLUAGL,60444,69347,96760,219,london-pod-088,london-pod-085,66000,0,69347,96760,219,london-pod-088,london-pod-004,65820,0,0,0,0
late,4.615385,2,138,baseline,,940GZZLUGDG,940GZZLUBXN,38088,58346,96185,138,london-pod-010,london-pod-010,39900,0,69394,107154,138,london-pod-019,london-pod-019,39900,0,182.81666666666666,184.13333333333333,-1.3166666666666667
late,4.615385,2,201,baseline,,940GZZLUPCC,940GZZLUECT,55476,73493,97336,201,london-pod-042,london-pod-042,61320,0,69510,93353,201,london-pod-010,london-pod-023,58500,0,-66.38333333333334,-66.38333333333334,0
late,4.615385,2,240,baseline,,940GZZLUPCC,940GZZLUHSD,66240,73493,110451,201,london-pod-042,,0,0,69510,106468,201,london-pod-010,,0,0,-66.38333333333334,-66.38333333333334,0
late,4.615385,2,150,baseline,,940GZZLUSPU,940GZZLUHPK,41400,69659,107379,150,london-pod-020,london-pod-113,43200,0,69789,106703,150,london-pod-112,london-pod-112,43200,0,-11.266666666666667,2.1666666666666665,-13.433333333333334
late,4.615385,2,177,baseline,,940GZZLUOXC,940GZZLUFPK,48852,78844,111775,177,london-pod-077,london-pod-077,51888,0,69894,101913,177,london-pod-106,london-pod-035,50700,0,-164.36666666666667,-149.16666666666666,-15.2
late,4.615385,2,131,baseline,,940GZZLUCTN,940GZZLUTCR,36156,70429,87861,131,london-pod-108,london-pod-108,37980,0,70108,87540,131,london-pod-107,london-pod-107,37980,0,-5.35,-5.35,0
late,4.615385,2,254,baseline,,940GZZLUVIC,940GZZLUKBN,70104,78396,116457,254,london-pod-086,,0,0,72028,110089,254,london-pod-089,,0,0,-106.13333333333334,-106.13333333333334,0
late,4.615385,2,160,baseline,,940GZZLUWSM,940GZZLULNB,44160,75719,90718,160,london-pod-006,london-pod-006,45960,0,73129,89262,160,london-pod-037,london-pod-037,45960,0,-24.266666666666666,-43.166666666666664,18.9
late,4.615385,2,187,baseline,,940GZZLUEUS,940GZZLUVXL,51612,72327,101716,187,london-pod-029,london-pod-053,54924,1,73256,102354,187,london-pod-029,london-pod-108,52380,1,10.633333333333333,15.483333333333333,-4.85
late,4.615385,2,135,baseline,,940GZZLUCTN,940GZZLUMGT,37260,73361,98793,135,london-pod-041,london-pod-041,39060,0,73361,98793,135,london-pod-041,london-pod-041,39060,0,0,0,0
late,4.615385,2,215,baseline,,940GZZLUBNK,940GZZLUAGL,59340,66284,83817,215,london-pod-112,london-pod-087,63420,0,73469,90521,215,london-pod-015,london-pod-102,64308,0,111.73333333333333,119.75,-8.016666666666667
late,4.615385,2,181,baseline,,940GZZLULSQ,940GZZLUKSX,49956,70775,85365,181,london-pod-037,london-pod-058,53268,1,73823,88735,181,london-pod-087,london-pod-111,51780,0,56.166666666666664,50.8,5.366666666666666
late,4.615385,2,229,baseline,,940GZZLUBNK,940GZZLUWLO,63204,73721,86783,229,london-pod-015,london-pod-048,72360,0,74308,87802,229,london-pod-104,london-pod-078,73140,0,16.983333333333334,9.783333333333333,7.2
late,4.615385,2,249,baseline,,940GZZLUBNK,940GZZLUWLO,68724,73721,86783,229,london-pod-015,,0,0,74308,87802,229,london-pod-104,,0,0,16.983333333333334,9.783333333333333,7.2
late,4.615385,2,183,baseline,,940GZZLUBND,940GZZLUKBN,50508,67898,97328,183,london-pod-052,london-pod-052,55320,0,74424,103598,183,london-pod-002,london-pod-002,52320,0,104.5,108.76666666666667,-4.266666666666667
late,4.615385,2,205,baseline,,940GZZLUEMB,940GZZLUTWH,56580,65852,84161,205,london-pod-011,london-pod-011,59616,0,74761,93392,205,london-pod-007,london-pod-047,62520,0,153.85,148.48333333333332,5.366666666666666
late,4.615385,2,151,baseline,,940GZZLUWRR,940GZZLUVIC,41676,75558,94019,151,london-pod-092,london-pod-092,43500,0,75558,93568,151,london-pod-092,london-pod-092,43500,0,-7.516666666666667,0,-7.516666666666667
late,4.615385,2,174,baseline,,940GZZLUCHL,940GZZLUTWH,48024,75995,91228,174,london-pod-093,london-pod-093,49860,0,75851,91084,174,london-pod-093,london-pod-093,49860,0,-2.4,-2.4,0
late,4.615385,2,182,baseline,,940GZZLUCHX,940GZZLUVIC,50232,64266,78396,182,london-pod-086,london-pod-065,53820,1,76777,91419,182,london-pod-077,london-pod-077,52080,0,217.05,208.51666666666668,8.533333333333333
late,4.615385,2,189,baseline,,940GZZLUCHX,940GZZLURGP,52164,76452,90034,189,london-pod-033,london-pod-086,55440,1,77099,90681,189,london-pod-086,london-pod-045,54060,0,10.783333333333333,10.783333333333333,0
late,4.615385,2,203,host,true,940GZZLUMYB,940GZZLUEAC,56028,80699,109620,203,london-pod-104,london-pod-075,61320,0,77454,107912,203,london-pod-069,london-pod-069,59820,0,-28.466666666666665,-54.083333333333336,25.616666666666667
late,4.615385,2,208,reassigned,,940GZZLUMYB,940GZZLUEAC,57408,84230,113318,208,london-pod-025,london-pod-100,61548,0,77454,107912,203,london-pod-069,london-pod-075,62700,0,-90.1,-112.93333333333334,22.833333333333332
late,4.615385,2,244,baseline,,940GZZLUODS,940GZZLULNB,67344,78716,92193,244,london-pod-022,,0,0,77556,91355,244,london-pod-022,london-pod-027,76560,0,-13.966666666666667,-19.333333333333332,5.366666666666666
late,4.615385,2,175,baseline,,940GZZLUCHL,940GZZLULVT,48300,95902,110720,175,london-pod-004,london-pod-004,50100,0,78342,93160,175,london-pod-090,london-pod-090,50100,0,-292.6666666666667,-292.6666666666667,0
late,4.615385,2,192,host,true,940GZZLUGPK,940GZZLUVIC,52992,83152,92094,192,london-pod-023,london-pod-012,56280,0,79339,88281,192,london-pod-099,london-pod-052,54600,1,-63.55,-63.55,0
late,4.615385,2,234,reassigned,,940GZZLUGPK,940GZZLUVIC,64584,92431,101694,234,london-pod-048,london-pod-048,73740,0,79339,88281,192,london-pod-099,london-pod-102,73500,0,-223.55,-218.2,-5.35
late,4.615385,2,212,baseline,,940GZZLULSQ,940GZZLULNB,58512,82691,101521,212,london-pod-056,london-pod-056,62376,0,79495,97721,212,london-pod-111,london-pod-087,63720,1,-63.333333333333336,-53.266666666666666,-10.066666666666666
late,4.615385,2,235,baseline,,940GZZLUAGL,940GZZLULNB,64860,80197,100078,235,london-pod-008,london-pod-083,74760,0,80319,100521,235,london-pod-025,london-pod-078,74340,0,7.383333333333334,2.033333333333333,5.35
late,4.615385,2,251,baseline,,940GZZLUFBY,940GZZLUPAC,69276,111315,136139,251,london-pod-075,london-pod-075,80700,0,80406,106904,251,london-pod-054,london-pod-001,77520,0,-487.25,-515.15,27.9
late,4.615385,2,228,baseline,,940GZZLUPCC,940GZZLULVT,62928,97072,120370,228,london-pod-015,london-pod-079,72180,0,81214,102755,228,london-pod-059,london-pod-059,71280,0,-293.5833333333333,-264.3,-29.283333333333335
late,4.615385,2,224,baseline,,940GZZLUEMB,940GZZLUPAC,61824,75489,100377,224,london-pod-007,london-pod-024,69600,0,81429,105996,224,london-pod-095,london-pod-095,67740,0,93.65,99,-5.35
late,4.615385,2,184,baseline,,940GZZLUOXC,940GZZLUWLO,50784,81232,95565,184,london-pod-097,london-pod-069,55320,0,81453,95786,184,london-pod-006,london-pod-006,53520,0,3.683333333333333,3.683333333333333,0
late,4.615385,2,232,baseline,,940GZZLUEUS,940GZZLUCHL,64032,106657,122044,232,london-pod-082,london-pod-082,72720,0,81591,96978,232,london-pod-057,london-pod-048,73260,0,-417.76666666666665,-417.76666666666665,0
late,4.615385,2,199,baseline,,940GZZLUCGN,940GZZLUMYB,54924,61623,80699,199,london-pod-104,london-pod-023,58500,0,82034,102303,199,london-pod-032,london-pod-032,57840,0,360.06666666666666,340.18333333333334,19.883333333333333
late,4.615385,2,188,baseline,,940GZZLUKSX,940GZZLUECT,51888,82362,118506,188,london-pod-076,london-pod-021,55320,0,82362,117477,188,london-pod-076,london-pod-021,53820,0,-17.15,0,-17.15
late,4.615385,2,186,baseline,,940GZZLUOXC,940GZZLULNB,51336,82389,105428,186,london-pod-068,london-pod-049,55320,0,82491,106291,186,london-pod-035,london-pod-058,53820,2,14.383333333333333,1.7,12.683333333333334
late,4.615385,2,242,baseline,,940GZZLUVXL,940GZZLUSKW,66792,83206,94520,242,london-pod-034,london-pod-009,78780,0,83193,93735,242,london-pod-082,london-pod-082,72780,0,-13.083333333333334,-0.21666666666666667,-12.866666666666667
late,4.615385,2,290,baseline,,940GZZLUVXL,940GZZLUBLG,80040,101716,143831,290,london-pod-029,london-pod-032,92736,0,83206,125389,290,london-pod-034,,0,0,-307.3666666666667,-308.5,1.1333333333333333
late,4.615385,2,218,baseline,,940GZZLUKSX,940GZZLUHAI,60168,84184,98030,218,london-pod-109,london-pod-059,65760,0,83411,97257,218,london-pod-060,london-pod-113,65688,0,-12.883333333333333,-12.883333333333333,0
late,4.615385,2,226,baseline,,940GZZLUKSX,940GZZLUFPK,62376,85365,107447,226,london-pod-037,london-pod-089,72036,0,84311,106718,226,london-pod-113,london-pod-004,69360,0,-12.15,-17.566666666666666,5.416666666666667
late,4.615385,2,209,baseline,,940GZZLUGPK,940GZZLUKSX,57684,85245,103832,209,london-pod-051,london-pod-023,61680,1,84906,103086,209,london-pod-028,london-pod-028,62700,0,-12.433333333333334,-5.65,-6.783333333333333
late,4.615385,2,238,baseline,,940GZZLUSKS,940GZZLUWLO,65688,79519,102669,238,london-pod-085,london-pod-085,69360,0,85004,107808,238,london-pod-020,london-pod-020,75624,0,85.65,91.41666666666667,-5.766666666666667
late,4.615385,2,213,baseline,,940GZZLUSPU,940GZZLUMED,58788,70477,96973,213,london-pod-113,london-pod-020,59520,1,85692,112302,213,london-pod-068,london-pod-068,64020,0,255.48333333333332,253.58333333333334,1.9
late,4.615385,2,236,host,true,940GZZLUPCC,940GZZLUWLO,65136,97221,108404,236,london-pod-081,london-pod-024,75540,0,85746,96226,236,london-pod-047,london-pod-083,74760,0,-202.96666666666667,-191.25,-11.716666666666667
late,4.615385,2,279,host,true,940GZZLUPCC,940GZZLUEAC,77004,111319,129344,279,london-pod-044,london-pod-114,88200,1,85746,106634,236,london-pod-047,,0,0,-378.5,-426.21666666666664,47.71666666666667
late,4.615385,2,237,reassigned,,940GZZLUPCC,940GZZLUEAC,65412,100093,116925,237,london-pod-024,london-pod-081,75780,1,85747,106634,236,london-pod-047,london-pod-047,74796,0,-171.51666666666668,-239.1,67.58333333333333
late,4.615385,2,260,reassigned,,940GZZLUPCC,940GZZLUEAC,71760,106767,123920,260,london-pod-055,london-pod-009,83220,0,85747,106634,236,london-pod-047,london-pod-001,80460,0,-288.1,-350.3333333333333,62.233333333333334
late,4.615385,2,250,baseline,,940GZZLUBKF,940GZZLUTWH,69000,112596,125238,250,london-pod-112,london-pod-073,80400,0,86094,102839,250,london-pod-039,london-pod-039,77520,0,-373.31666666666666,-441.7,68.38333333333334
late,4.615385,2,292,baseline,,940GZZLUBKF,940GZZLUBNK,80592,117511,126788,292,london-pod-065,london-pod-065,93240,0,86094,95371,250,london-pod-039,,0,0,-523.6166666666667,-523.6166666666667,0
late,4.615385,2,211,host,true,940GZZLUGPK,940GZZLULNB,58236,86286,108077,211,london-pod-012,london-pod-051,62280,1,86224,107694,211,london-pod-064,london-pod-064,62700,0,-6.383333333333334,-1.0333333333333334,-5.35
late,4.615385,2,257,reassigned,,940GZZLUGPK,940GZZLULNB,70932,122362,143651,257,london-pod-062,london-pod-062,82080,0,86224,107694,211,london-pod-064,london-pod-080,79560,0,-599.2833333333333,-602.3,3.0166666666666666
late,4.615385,2,301,host,true,940GZZLUGPK,940GZZLULNB,83076,86286,108077,211,london-pod-012,,0,0,86224,107694,211,london-pod-064,,0,0,-6.383333333333334,-1.0333333333333334,-5.35
late,4.615385,2,222,baseline,,940GZZLULSQ,940GZZLUCWR,61272,66613,100799,142,london-pod-058,,0,0,86642,117854,222,london-pod-114,london-pod-114,66660,0,284.25,333.81666666666666,-49.56666666666667
late,4.615385,2,171,baseline,,940GZZLUEAC,940GZZLUMYB,47196,54860,84230,171,london-pod-025,london-pod-053,49020,0,86658,116952,171,london-pod-053,london-pod-053,49020,0,545.3666666666667,529.9666666666667,15.4
late,4.615385,2,225,baseline,,940GZZLUSJP,940GZZLUBNK,62100,83081,102477,225,london-pod-038,london-pod-078,71340,0,86756,106152,225,london-pod-110,london-pod-110,69060,0,61.25,61.25,0
late,4.615385,2,263,baseline,,940GZZLUSBC,940GZZLUAGL,72588,86813,128063,263,london-pod-096,london-pod-112,83820,0,86813,128063,263,london-pod-096,london-pod-055,81240,0,0,0,0
late,4.615385,2,304,baseline,,940GZZLUSBC,940GZZLUODS,83904,86813,138232,263,london-pod-096,,0,0,86813,138553,263,london-pod-096,,0,0,5.35,0,5.35
late,4.615385,2,258,baseline,,940GZZLUKSX,940GZZLUPCO,71208,87581,115066,258,london-pod-057,london-pod-021,82380,0,87074,114559,258,london-pod-048,london-pod-073,80100,0,-8.45,-8.45,0
late,4.615385,2,206,baseline,,940GZZLUTCR,940GZZLULGT,56856,87861,106414,206,london-pod-108,london-pod-047,61320,1,87540,105459,206,london-pod-107,london-pod-071,62520,0,-15.916666666666666,-5.35,-10.566666666666666
late,4.615385,2,243,baseline,,940GZZLULNB,940GZZLUBMY,67068,84486,97130,243,london-pod-039,london-pod-032,78780,0,87700,99837,243,london-pod-050,london-pod-050,76260,0,45.11666666666667,53.56666666666667,-8.45
late,4.615385,2,293,baseline,,940GZZLULNB,940GZZLUCWR,80868,84486,105464,243,london-pod-039,,0,0,87700,108171,243,london-pod-050,,0,0,45.11666666666667,53.56666666666667,-8.45
late,4.615385,2,255,baseline,,940GZZLUWLO,940GZZLUKBN,70380,77609,119091,255,london-pod-050,,0,0,87802,129284,255,london-pod-104,london-pod-016,78840,0,169.88333333333333,169.88333333333333,0
late,4.615385,2,259,baseline,,940GZZLUVIC,940GZZLUVXL,71484,92094,104000,259,london-pod-023,london-pod-106,83040,0,88281,100187,259,london-pod-099,london-pod-078,80340,0,-63.55,-63.55,0
late,4.615385,2,319,baseline,,940GZZLUVIC,940GZZLUVXL,88044,92094,104000,259,london-pod-023,,0,0,88281,100187,259,london-pod-099,,0,0,-63.55,-63.55,0
late,4.615385,2,227,baseline,,940GZZLUOXC,940GZZLUHAI,62652,89417,117101,227,london-pod-049,london-pod-068,67740,1,88349,116355,227,london-pod-023,london-pod-023,69540,0,-12.433333333333334,-17.8,5.366666666666666
late,4.615385,2,303,baseline,,940GZZLUOXC,940GZZLUKSX,83628,89417,103435,227,london-pod-049,,0,0,88349,102689,227,london-pod-023,,0,0,-12.433333333333334,-17.8,5.366666666666666
late,4.615385,2,264,baseline,,940GZZLUKSX,940GZZLUBMY,72864,89265,120980,264,london-pod-059,london-pod-011,84180,0,88735,120488,264,london-pod-087,london-pod-048,81600,1,-8.2,-8.833333333333334,0.6333333333333333
late,4.615385,2,245,baseline,,940GZZLULNB,940GZZLUSKW,67620,90718,113828,245,london-pod-006,london-pod-016,79200,0,89262,112693,245,london-pod-037,london-pod-009,76980,0,-18.916666666666668,-24.266666666666666,5.35
late,4.615385,2,277,baseline,,940GZZLULVT,940GZZLUBXN,76452,94182,128655,277,london-pod-107,london-pod-002,88080,0,89417,127636,277,london-pod-058,london-pod-056,87300,0,-16.983333333333334,-79.41666666666667,62.43333333333333
late,4.615385,2,287,baseline,,940GZZLULVT,940GZZLUKNG,79212,104668,124372,287,london-pod-101,london-pod-040,92736,0,89417,109121,277,london-pod-058,,0,0,-254.18333333333334,-254.18333333333334,0
late,4.615385,2,217,baseline,,940GZZLUCHX,940GZZLUWLO,59892,87446,95990,217,london-pod-066,london-pod-072,65520,0,89817,98901,217,london-pod-038,london-pod-072,65520,0,48.516666666666666,39.516666666666666,9
late,4.615385,2,278,baseline,,940GZZLUBND,940GZZLULVT,76728,100651,126962,278,london-pod-033,london-pod-003,88140,0,90097,117067,278,london-pod-021,london-pod-071,87540,0,-164.91666666666666,-175.9,10.983333333333333
late,4.615385,2,197,host,true,940GZZLUHBN,940GZZLUSBC,54372,86257,120898,197,london-pod-087,london-pod-028,57120,0,90274,124694,197,london-pod-051,london-pod-051,56520,0,63.266666666666666,66.95,-3.683333333333333
late,4.615385,2,281,reassigned,,940GZZLUHBN,940GZZLUSBC,77556,86257,120898,197,london-pod-087,,0,0,90274,124694,197,london-pod-051,london-pod-078,88320,0,63.266666666666666,66.95,-3.683333333333333
late,4.615385,2,269,baseline,,940GZZLULNB,940GZZLUVXL,74244,92193,120890,269,london-pod-022,london-pod-032,84540,0,91355,120695,269,london-pod-022,london-pod-012,84780,0,-3.25,-13.966666666666667,10.716666666666667
late,4.615385,2,267,baseline,,940GZZLUVIC,940GZZLUCAR,73692,93198,124953,267,london-pod-090,london-pod-100,84240,0,91419,123401,267,london-pod-077,london-pod-044,83880,0,-25.866666666666667,-29.65,3.783333333333333
late,4.615385,2,247,baseline,,940GZZLUCTN,940GZZLUKSH,68172,97628,107396,247,london-pod-074,london-pod-054,80100,0,91960,101728,247,london-pod-008,london-pod-043,77340,0,-94.46666666666667,-94.46666666666667,0
late,4.615385,2,297,baseline,,940GZZLUBXN,940GZZLUVIC,81972,94960,118447,297,london-pod-070,london-pod-026,94500,0,92033,115520,297,london-pod-065,london-pod-086,90720,0,-48.78333333333333,-48.78333333333333,0
late,4.615385,2,305,baseline,,940GZZLUBXN,940GZZLUSWC,84180,94960,147691,297,london-pod-070,,0,0,92033,144764,297,london-pod-065,,0,0,-48.78333333333333,-48.78333333333333,0
late,4.615385,2,270,baseline,,940GZZLUBLG,940GZZLUVIC,74520,117898,153789,270,london-pod-089,london-pod-089,85380,0,92398,127262,270,london-pod-062,london-pod-062,82080,0,-442.1166666666667,-425,-17.116666666666667
late,4.615385,2,299,baseline,,940GZZLULVT,940GZZLUPAC,82524,105754,141684,299,london-pod-093,london-pod-026,94980,0,93160,128769,299,london-pod-090,london-pod-093,91140,0,-215.25,-209.9,-5.35
late,4.615385,2,261,baseline,,940GZZLUHSD,940GZZLUODS,72036,86274,140175,261,london-pod-043,london-pod-043,77400,0,93542,147262,261,london-pod-033,london-pod-033,80580,0,118.11666666666666,121.13333333333334,-3.0166666666666666
late,4.615385,2,282,baseline,,940GZZLUHAI,940GZZLUFPK,77832,98030,111002,282,london-pod-109,london-pod-036,89280,0,94708,107680,282,london-pod-105,london-pod-105,82380,0,-55.36666666666667,-55.36666666666667,0
late,4.615385,2,233,baseline,,940GZZLUTCR,940GZZLUWPL,64308,88093,120759,233,london-pod-045,london-pod-003,73320,0,94859,122229,233,london-pod-075,london-pod-003,73320,0,24.5,112.76666666666667,-88.26666666666667
late,4.615385,2,221,baseline,,940GZZLUCHX,940GZZLUCWR,60996,95496,124626,221,london-pod-072,london-pod-066,66780,1,95036,125249,221,london-pod-013,london-pod-013,66300,0,10.383333333333333,-7.666666666666667,18.05
late,4.615385,2,241,baseline,,940GZZLUCHX,940GZZLUBST,66516,103679,120664,241,london-pod-001,london-pod-001,78780,0,95250,112219,241,london-pod-072,london-pod-038,75840,1,-140.75,-140.48333333333332,-0.26666666666666666
late,4.615385,2,286,baseline,,940GZZLUWLO,940GZZLUSJW,78936,95565,126779,286,london-pod-097,london-pod-053,92736,0,95786,125849,286,london-pod-006,london-pod-009,89280,0,-15.5,3.683333333333333,-19.183333333333334
late,4.615385,2,276,baseline,,940GZZLUBNK,940GZZLULNB,76176,77517,84486,276,london-pod-039,,0,0,96798,103767,276,london-pod-052,london-pod-055,86820,0,321.35,321.35,0
late,4.615385,2,318,baseline,,940GZZLUFPK,940GZZLUBXN,87768,103162,163904,318,london-pod-063,london-pod-106,98808,0,97127,157728,318,london-pod-070,london-pod-057,97020,0,-102.93333333333334,-100.58333333333333,-2.35
late,4.615385,2,314,baseline,,940GZZLULNB,940GZZLUKBN,86664,98192,147314,314,london-pod-098,london-pod-054,97680,0,97721,147164,314,london-pod-111,london-pod-017,95580,0,-2.5,-7.85,5.35
late,4.615385,2,296,baseline,,940GZZLUKSH,940GZZLUWLO,81696,98275,129428,296,london-pod-094,london-pod-002,94200,0,98275,129889,296,london-pod-094,london-pod-015,90528,0,7.683333333333334,0,7.683333333333334
late,4.615385,2,291,baseline,,940GZZLUMGT,940GZZLUEAC,80316,98793,115484,291,london-pod-041,london-pod-106,92736,0,98793,115163,291,london-pod-041,london-pod-018,90120,0,-5.35,0,-5.35
late,4.615385,2,284,baseline,,940GZZLUBND,940GZZLULNB,78384,104258,128804,284,london-pod-003,london-pod-033,90060,1,99029,123640,284,london-pod-071,london-pod-021,82380,1,-86.06666666666666,-87.15,1.0833333333333333
late,4.615385,2,353,baseline,,940GZZLUBND,940GZZLUCWR,97428,104258,145557,284,london-pod-003,,0,0,99029,140393,284,london-pod-071,,0,0,-86.06666666666666,-87.15,1.0833333333333333
late,4.615385,2,253,baseline,,940GZZLUPCC,940GZZLUMYB,69828,103582,120089,253,london-pod-079,london-pod-055,81240,0,99099,115606,253,london-pod-014,london-pod-014,78300,0,-74.71666666666667,-74.71666666666667,0
late,4.615385,2,326,baseline,,940GZZLULNB,940GZZLUCWR,89976,101521,118454,326,london-pod-056,london-pod-047,101460,0,99164,116097,326,london-pod-098,london-pod-038,98940,0,-39.28333333333333,-39.28333333333333,0
late,4.615385,2,220,baseline,,940GZZLUHBN,940GZZLUPAC,60720,92354,116193,220,london-pod-028,london-pod-087,66300,1,99709,123869,220,london-pod-085,london-pod-085,66000,0,127.93333333333334,122.58333333333333,5.35
late,4.615385,2,262,baseline,,940GZZLUPCC,940GZZLUFBY,72312,108783,138766,262,london-pod-114,london-pod-044,83280,0,100222,130205,262,london-pod-016,london-pod-067,80940,0,-142.68333333333334,-142.68333333333334,0
late,4.615385,2,204,baseline,,940GZZLUERC,940GZZLUFPK,56304,82287,118863,204,london-pod-102,london-pod-102,61320,0,100534,137111,204,london-pod-024,london-pod-024,60420,0,304.1333333333333,304.1166666666667,0.016666666666666666
late,4.615385,2,322,baseline,,940GZZLUHSD,940GZZLULSQ,88872,107616,143549,322,london-pod-060,london-pod-005,100260,0,101689,137301,322,london-pod-061,london-pod-017,97740,0,-104.13333333333334,-98.78333333333333,-5.35
late,4.615385,2,256,baseline,,940GZZLUERC,940GZZLULVT,70656,85477,117877,256,london-pod-014,london-pod-014,78360,0,101842,134704,256,london-pod-102,london-pod-102,79380,0,280.45,272.75,7.7
late,4.615385,2,272,baseline,,940GZZLUPCC,940GZZLUHAI,75072,109682,136166,272,london-pod-099,london-pod-099,85620,0,101889,127527,272,london-pod-086,london-pod-083,85800,0,-143.98333333333332,-129.88333333333333,-14.1
late,4.615385,2,335,baseline,,940GZZLUGPK,940GZZLUVXL,92460,92460,113420,234,london-pod-048,,0,0,101965,118828,335,london-pod-043,london-pod-043,92460,0,90.13333333333334,158.41666666666666,-68.28333333333333
late,4.615385,2,231,baseline,,940GZZLUEMB,940GZZLUEUS,63756,93515,110742,231,london-pod-035,london-pod-035,72660,0,102254,119778,231,london-pod-079,london-pod-079,73140,0,150.6,145.65,4.95
late,4.615385,2,265,baseline,,940GZZLUKSX,940GZZLULNB,73140,103832,127202,265,london-pod-051,london-pod-059,84240,1,103086,125989,265,london-pod-028,london-pod-091,83880,0,-20.216666666666665,-12.433333333333334,-7.783333333333333
late,4.615385,2,366,baseline,,940GZZLULNB,940GZZLUWLO,101016,125979,138707,366,london-pod-041,london-pod-041,115500,0,103767,115608,366,london-pod-052,,0,0,-384.98333333333335,-370.2,-14.783333333333333
late,4.615385,2,246,baseline,,940GZZLUHWY,940GZZLULVT,67896,112851,142362,246,london-pod-080,london-pod-080,79560,0,103901,133734,246,london-pod-097,london-pod-045,77100,0,-143.8,-149.16666666666666,5.366666666666666
late,4.615385,2,239,baseline,,940GZZLUSJP,940GZZLUODS,65964,97219,122731,239,london-pod-078,london-pod-038,75840,1,103962,129781,239,london-pod-081,london-pod-081,75780,0,117.5,112.38333333333334,5.116666666666666
late,4.615385,2,271,baseline,,940GZZLULSQ,940GZZLURSQ,74796,108071,119339,271,london-pod-084,london-pod-031,85500,0,105726,116994,271,london-pod-001,london-pod-001,85800,0,-39.083333333333336,-39.083333333333336,0
late,4.615385,2,214,baseline,,940GZZLUADE,940GZZLULBN,59064,94225,115482,214,london-pod-064,london-pod-064,62520,0,106150,127407,214,london-pod-101,london-pod-101,64308,0,198.75,198.75,0
late,4.615385,2,294,baseline,,940GZZLUBNK,940GZZLULVT,81144,98305,105754,294,london-pod-093,london-pod-100,93240,0,106152,113148,294,london-pod-110,london-pod-078,90300,0,123.23333333333333,130.78333333333333,-7.55
late,4.615385,2,275,baseline,,940GZZLUEMB,940GZZLUTWH,75900,109602,128554,275,london-pod-021,london-pod-021,87600,0,106399,125030,275,london-pod-038,london-pod-074,86520,0,-58.733333333333334,-53.38333333333333,-5.35
late,4.615385,2,362,baseline,,940GZZLUEMB,940GZZLUADE,99912,109602,135425,275,london-pod-021,,0,0,106399,131901,275,london-pod-038,,0,0,-58.733333333333334,-53.38333333333333,-5.35
late,4.615385,2,268,baseline,,940GZZLUFYR,940GZZLUWIG,73968,107819,124432,268,london-pod-091,london-pod-091,84240,0,106637,123250,268,london-pod-004,london-pod-004,84360,0,-19.7,-19.7,0
late,4.615385,2,223,baseline,,940GZZLUFCN,940GZZLUWPL,61548,80840,103402,223,london-pod-095,london-pod-095,67200,0,106994,125625,223,london-pod-049,london-pod-049,66780,0,370.3833333333333,435.9,-65.51666666666667
late,4.615385,2,345,baseline,,940GZZLUBXN,940GZZLUKSX,95220,119483,161870,345,london-pod-071,london-pod-074,107400,0,107154,150334,345,london-pod-019,london-pod-095,106020,0,-192.26666666666668,-205.48333333333332,13.216666666666667
late,4.615385,2,248,baseline,,940GZZLUTCR,940GZZLUWRR,68448,105864,115166,248,london-pod-083,london-pod-083,80220,0,107800,117102,248,london-pod-003,london-pod-075,77460,1,32.266666666666666,32.266666666666666,0
late,4.615385,2,295,baseline,,940GZZLUBNK,940GZZLUTCR,81420,102477,120046,295,london-pod-038,london-pod-092,94020,0,107892,125461,295,london-pod-025,london-pod-052,90480,1,90.25,90.25,0
late,4.615385,2,370,baseline,,940GZZLUBNK,940GZZLUQWY,102120,102477,141663,295,london-pod-038,,0,0,107892,146410,295,london-pod-025,,0,0,79.11666666666666,90.25,-11.133333333333333
late,4.615385,2,273,baseline,,940GZZLUPCC,940GZZLUVXL,75348,110560,130280,273,london-pod-009,london-pod-015,86820,3,108457,128177,273,london-pod-083,london-pod-031,86112,0,-35.05,-35.05,0
late,4.615385,2,344,baseline,,940GZZLUALD,940GZZLUTWH,94944,131825,138498,344,london-pod-025,london-pod-020,107400,0,108560,114590,344,london-pod-039,london-pod-039,102900,0,-398.46666666666664,-387.75,-10.716666666666667
late,4.615385,2,266,baseline,,940GZZLUFCN,940GZZLUADE,73416,80840,95252,223,london-pod-095,,0,0,108563,122909,266,london-pod-063,london-pod-063,83880,0,460.95,462.05,-1.1
late,4.615385,2,325,baseline,,940GZZLUCTN,940GZZLUPCC,89700,144165,165265,325,london-pod-058,london-pod-058,100800,0,108797,129771,325,london-pod-109,london-pod-109,98808,0,-591.5666666666667,-589.4666666666667,-2.1
late,4.615385,2,302,baseline,,940GZZLUTCR,940GZZLUWLO,83352,84848,101407,200,london-pod-047,,0,0,109322,121892,302,london-pod-092,london-pod-030,91440,0,341.4166666666667,407.9,-66.48333333333333
late,4.615385,2,330,baseline,,940GZZLUBNK,940GZZLUERB,91080,116274,148392,330,london-pod-100,london-pod-093,91260,1,109742,141835,330,london-pod-055,london-pod-025,100560,1,-109.28333333333333,-108.86666666666666,-0.4166666666666667
late,4.615385,2,313,baseline,,940GZZLUKSX,940GZZLUGPS,86388,122094,133370,313,london-pod-008,london-pod-052,97380,0,110489,121765,313,london-pod-060,london-pod-044,94140,0,-193.41666666666666,-193.41666666666666,0
late,4.615385,2,274,baseline,,940GZZLUBKF,940GZZLUSJP,75624,116243,132368,274,london-pod-073,london-pod-112,86820,1,110496,126510,274,london-pod-080,london-pod-080,86280,0,-97.63333333333334,-95.78333333333333,-1.85
late,4.615385,2,308,baseline,,940GZZLUTCR,940GZZLULVT,85008,88093,108752,233,london-pod-045,,0,0,111216,134961,308,london-pod-009,london-pod-011,93240,0,436.81666666666666,385.3833333333333,51.43333333333333
late,4.615385,2,364,baseline,,940GZZLUTCR,940GZZLUBNK,100464,131220,148465,364,london-pod-105,london-pod-083,115200,1,111216,128321,308,london-pod-009,,0,0,-335.73333333333335,-333.4,-2.3333333333333335
late,4.615385,2,348,baseline,,940GZZLUCAR,940GZZLUFPK,96048,124953,155832,348,london-pod-090,london-pod-005,107640,0,111310,142189,348,london-pod-045,london-pod-045,103980,0,-227.38333333333333,-227.38333333333333,0
late,4.615385,2,280,baseline,,940GZZLUPCC,940GZZLUKSX,77280,117651,134768,280,london-pod-088,london-pod-017,88800,0,111995,128833,280,london-pod-031,london-pod-016,87840,1,-98.91666666666667,-94.26666666666667,-4.65
late,4.615385,2,289,baseline,,940GZZLUADE,940GZZLUWLO,79764,118202,137657,289,london-pod-111,london-pod-111,92736,0,112189,132181,289,london-pod-084,london-pod-084,89520,0,-91.26666666666667,-100.21666666666667,8.95
late,4.615385,2,309,baseline,,940GZZLUBST,940GZZLUWLO,85284,120664,142571,309,london-pod-001,london-pod-010,96240,0,112219,134470,309,london-pod-072,london-pod-007,93420,0,-135.01666666666668,-140.75,5.733333333333333
late,4.615385,2,285,host,true,940GZZLUCGN,940GZZLUKSX,78660,110561,123840,285,london-pod-053,london-pod-016,90720,0,112340,125941,285,london-pod-108,london-pod-036,88980,0,35.016666666666666,29.65,5.366666666666666
late,4.615385,2,324,reassigned,,940GZZLUCGN,940GZZLUKSX,89424,127130,140409,324,london-pod-110,london-pod-110,100500,0,112340,125941,285,london-pod-108,london-pod-018,98808,0,-241.13333333333333,-246.5,5.366666666666666
late,4.615385,2,317,host,true,940GZZLUFCN,940GZZLULVT,87492,136684,148339,317,london-pod-037,london-pod-002,98280,0,112787,123143,317,london-pod-088,london-pod-088,96780,0,-419.93333333333334,-398.28333333333336,-21.65
late,4.615385,2,346,reassigned,,940GZZLUFCN,940GZZLULVT,95496,136800,147296,346,london-pod-002,london-pod-037,107460,1,112787,123143,317,london-pod-088,london-pod-078,106200,0,-402.55,-400.21666666666664,-2.3333333333333335
late,4.615385,2,283,baseline,,940GZZLULSQ,940GZZLUBXN,78108,111971,143778,283,london-pod-031,london-pod-084,89520,1,113104,145233,283,london-pod-073,london-pod-073,88740,0,24.25,18.883333333333333,5.366666666666666
late,4.615385,2,306,baseline,,940GZZLUCGN,940GZZLUVIC,84456,111227,126801,306,london-pod-016,london-pod-053,95580,1,113359,128832,306,london-pod-015,london-pod-108,93240,1,33.85,35.53333333333333,-1.6833333333333333
late,4.615385,2,312,baseline,,940GZZLUVIC,940GZZLUGTR,86112,111671,127937,312,london-pod-054,london-pod-113,97020,0,113930,129875,312,london-pod-026,london-pod-026,94020,0,32.3,37.65,-5.35
late,4.615385,2,328,baseline,,940GZZLUEMB,940GZZLUSSQ,90528,131827,149164,328,london-pod-010,london-pod-046,101760,0,113992,131008,328,london-pod-074,london-pod-038,99180,1,-302.6,-297.25,-5.35
late,4.615385,2,382,baseline,,940GZZLUEMB,940GZZLUSKS,105432,145263,167994,382,london-pod-046,london-pod-010,120720,1,113992,140755,328,london-pod-074,,0,0,-453.98333333333335,-521.1833333333333,67.2
late,4.615385,2,338,baseline,,940GZZLUMTC,940GZZLUOVL,93288,146143,180218,338,london-pod-027,london-pod-027,105240,0,114059,148134,338,london-pod-091,london-pod-091,103140,0,-534.7333333333333,-534.7333333333333,0
late,4.615385,2,252,baseline,,940GZZLUEUS,940GZZLUBNK,69552,110742,132485,252,london-pod-035,london-pod-067,81240,0,114592,136335,252,london-pod-027,london-pod-027,77556,0,64.16666666666667,64.16666666666667,0
late,4.615385,2,311,baseline,,940GZZLUPCC,940GZZLUGTR,85836,118710,139967,311,london-pod-081,london-pod-088,96780,1,115703,136874,311,london-pod-067,london-pod-082,93780,0,-51.55,-50.11666666666667,-1.4333333333333333
late,4.615385,2,323,baseline,,940GZZLUCGN,940GZZLUSKS,89148,124418,146044,323,london-pod-007,london-pod-007,100380,0,115903,137851,323,london-pod-036,london-pod-015,98280,1,-136.55,-141.91666666666666,5.366666666666666
late,4.615385,2,389,baseline,,940GZZLUCGN,940GZZLUBSC,107364,145486,179140,389,london-pod-076,london-pod-092,123420,2,115903,154157,323,london-pod-036,,0,0,-416.3833333333333,-493.05,76.66666666666667
late,4.615385,2,380,baseline,,940GZZLUHAI,940GZZLUEUS,104880,124768,141240,380,london-pod-077,london-pod-074,119520,0,116355,133749,380,london-pod-023,,0,0,-124.85,-140.21666666666667,15.366666666666667
late,4.615385,2,391,baseline,,940GZZLUHAI,940GZZLUVIC,107916,135115,167757,391,london-pod-074,london-pod-077,121020,1,116355,153922,380,london-pod-023,,0,0,-230.58333333333334,-312.6666666666667,82.08333333333333
late,4.615385,2,368,baseline,,940GZZLURSQ,940GZZLULSQ,101568,119339,130128,368,london-pod-084,london-pod-086,116460,0,116994,127724,368,london-pod-001,london-pod-018,112380,0,-40.06666666666667,-39.083333333333336,-0.9833333333333333
late,4.615385,2,307,baseline,,940GZZLUWRR,940GZZLUCWR,84732,113648,151558,307,london-pod-066,london-pod-066,96000,0,117102,155334,307,london-pod-003,london-pod-093,93240,0,62.93333333333333,57.56666666666667,5.366666666666666
late,4.615385,2,316,baseline,,940GZZLUVIC,940GZZLUCGN,87216,114320,129305,316,london-pod-047,london-pod-054,98220,1,117185,132170,316,london-pod-057,london-pod-042,96240,0,47.75,47.75,0
late,4.615385,2,383,baseline,,940GZZLUECT,940GZZLUBSC,105708,148996,159068,383,london-pod-022,london-pod-022,122220,0,117477,127549,383,london-pod-076,,0,0,-525.3166666666667,-525.3166666666667,0
late,4.615385,2,336,baseline,,940GZZLUTMP,940GZZLUBNK,92736,123212,135671,336,london-pod-040,london-pod-040,105240,0,117622,130402,336,london-pod-059,london-pod-106,101940,0,-87.81666666666666,-93.16666666666667,5.35
late,4.615385,2,333,baseline,,940GZZLUOXC,940GZZLUWRR,91908,118107,126777,333,london-pod-085,london-pod-085,102672,0,117866,126536,333,london-pod-007,london-pod-008,101760,0,-4.016666666666667,-4.016666666666667,0
late,4.615385,2,332,baseline,,940GZZLUPCC,940GZZLUWLO,91632,97221,108404,236,london-pod-081,,0,0,118037,128613,332,london-pod-032,london-pod-086,92100,4,336.81666666666666,346.93333333333334,-10.116666666666667
late,4.615385,2,337,baseline,,940GZZLUPCC,940GZZLUODS,93012,124482,150143,337,london-pod-017,london-pod-095,105240,0,119300,145084,337,london-pod-082,london-pod-032,102360,1,-84.31666666666666,-86.36666666666666,2.05
late,4.615385,2,320,baseline,,940GZZLUVIC,940GZZLUFPK,88320,122795,164666,320,london-pod-013,london-pod-013,99300,0,119426,160515,320,london-pod-042,london-pod-057,97140,1,-69.18333333333334,-56.15,-13.033333333333333
late,4.615385,2,358,baseline,,940GZZLUBMY,940GZZLUPCC,98808,120980,147709,358,london-pod-059,london-pod-077,111780,0,119532,145940,358,london-pod-064,london-pod-064,107700,0,-29.483333333333334,-24.133333333333333,-5.35
late,4.615385,2,310,baseline,,940GZZLUTCR,940GZZLULNB,85560,117289,137174,310,london-pod-036,london-pod-105,96420,0,119727,139489,310,london-pod-030,london-pod-092,93600,1,38.583333333333336,40.63333333333333,-2.05
late,4.615385,2,334,baseline,,940GZZLUEUS,940GZZLUGTR,92184,125976,155257,334,london-pod-106,london-pod-106,103200,0,119778,149059,334,london-pod-079,london-pod-046,101880,0,-103.3,-103.3,0
late,4.615385,2,343,host,true,940GZZLUBNK,940GZZLUWLO,94668,124552,139223,343,london-pod-014,london-pod-108,106440,0,119823,133347,343,london-pod-110,london-pod-103,105900,0,-97.93333333333334,-78.81666666666666,-19.116666666666667
late,4.615385,2,373,reassigned,,940GZZLUBNK,940GZZLUWLO,102948,126788,140312,373,london-pod-065,london-pod-014,117900,1,119823,133347,343,london-pod-110,london-pod-110,113160,0,-116.08333333333333,-116.08333333333333,0
late,4.615385,2,347,host,true,940GZZLUODS,940GZZLUEUS,95772,116231,135428,347,london-pod-069,london-pod-069,107580,0,119855,138099,347,london-pod-035,london-pod-035,106320,0,44.516666666666666,60.4,-15.883333333333333
late,4.615385,2,369,reassigned,,940GZZLUODS,940GZZLUEUS,101844,116231,135428,347,london-pod-069,,0,0,119855,138099,347,london-pod-035,london-pod-037,112740,0,44.516666666666666,60.4,-15.883333333333333
late,4.615385,2,298,baseline,,940GZZLUSWK,940GZZLUHSK,82248,117606,150817,298,london-pod-034,london-pod-034,94560,0,121343,153932,298,london-pod-040,london-pod-040,90960,0,51.916666666666664,62.28333333333333,-10.366666666666667
late,4.615385,2,377,baseline,,940GZZLUGPS,940GZZLUPAC,104052,133370,148245,377,london-pod-008,london-pod-102,118920,0,121765,136640,377,london-pod-060,london-pod-014,115620,0,-193.41666666666666,-193.41666666666666,0
late,4.615385,2,356,baseline,,940GZZLUHPC,940GZZLUHAI,98256,123657,155065,356,london-pod-023,london-pod-023,104040,0,122330,153431,356,london-pod-029,london-pod-029,102360,0,-27.233333333333334,-22.116666666666667,-5.116666666666666
late,4.615385,2,354,baseline,,940GZZLUCAR,940GZZLURSQ,97704,137058,153709,354,london-pod-004,london-pod-004,110760,0,123401,139871,354,london-pod-077,london-pod-054,106920,0,-230.63333333333333,-227.61666666666667,-3.0166666666666666
late,4.615385,2,350,baseline,,940GZZLUPCC,940GZZLUWRR,96600,134179,147086,350,london-pod-095,london-pod-081,108420,2,123446,136278,350,london-pod-047,london-pod-047,106680,0,-180.13333333333333,-178.88333333333333,-1.25
late,4.615385,2,327,baseline,,940GZZLUVIC,940GZZLUSJW,90252,126801,152743,327,london-pod-016,london-pod-047,101568,1,123804,149357,327,london-pod-005,london-pod-005,99180,0,-56.43333333333333,-49.95,-6.483333333333333
late,4.615385,2,340,baseline,,940GZZLUOXC,940GZZLUSJW,93840,131665,150058,340,london-pod-064,london-pod-039,105480,0,124390,143105,340,london-pod-018,london-pod-002,104160,0,-115.88333333333334,-121.25,5.366666666666666
late,4.615385,2,300,baseline,,940GZZLUSBC,940GZZLULNB,82800,92437,138550,300,london-pod-019,,0,0,124694,170579,300,london-pod-051,london-pod-012,91356,0,533.8166666666667,537.6166666666667,-3.8
late,4.615385,2,365,baseline,,940GZZLUOXC,940GZZLUVXL,100740,140070,161387,365,london-pod-039,london-pod-064,115500,1,124975,146189,365,london-pod-008,london-pod-007,112260,1,-253.3,-251.58333333333334,-1.7166666666666666
late,4.615385,2,329,baseline,,940GZZLUHBN,940GZZLUMBA,90804,126059,141667,329,london-pod-032,london-pod-032,101760,0,125441,141049,329,london-pod-099,london-pod-099,100188,0,-10.3,-10.3,0
late,4.615385,2,359,baseline,,940GZZLUALD,940GZZLUKSX,99084,152047,172781,359,london-pod-020,london-pod-025,113340,1,125784,147541,359,london-pod-020,london-pod-020,107820,0,-420.6666666666667,-437.71666666666664,17.05
late,4.615385,2,321,baseline,,940GZZLUKSX,940GZZLUVIC,88596,123840,147865,321,london-pod-053,london-pod-008,100080,1,125941,149276,321,london-pod-108,london-pod-060,97260,1,23.516666666666666,35.016666666666666,-11.5
late,4.615385,2,342,baseline,,940GZZLUHBN,940GZZLUQWY,94392,136687,161864,342,london-pod-024,london-pod-103,105900,0,126268,150988,342,london-pod-107,london-pod-107,105480,0,-181.26666666666668,-173.65,-7.616666666666666
late,4.615385,2,360,baseline,,940GZZLUKSX,940GZZLUPAC,99360,134768,156714,360,london-pod-088,london-pod-048,113460,0,126372,148380,360,london-pod-044,london-pod-069,107916,0,-138.9,-139.93333333333334,1.0333333333333334
late,4.615385,2,351,baseline,,940GZZLUBXN,940GZZLUCWR,96876,128655,169335,351,london-pod-107,london-pod-104,109620,0,127636,168637,351,london-pod-058,london-pod-112,106740,0,-11.633333333333333,-16.983333333333334,5.35
late,4.615385,2,339,baseline,,940GZZLUBND,940GZZLUFBY,93564,129412,160489,339,london-pod-068,london-pod-068,105432,0,127684,159723,339,london-pod-053,london-pod-100,104160,0,-12.766666666666667,-28.8,16.033333333333335
late,4.615385,2,341,baseline,,940GZZLULSQ,940GZZLULNB,94116,116971,134876,341,london-pod-011,london-pod-026,105780,0,127724,145885,341,london-pod-001,london-pod-066,104160,0,183.48333333333332,179.21666666666667,4.266666666666667
late,4.615385,2,315,baseline,,940GZZLUTCR,940GZZLUVIC,86940,124145,140512,315,london-pod-083,london-pod-036,98040,1,128098,144605,315,london-pod-011,london-pod-009,95820,1,68.21666666666667,65.88333333333334,2.3333333333333335
late,4.615385,2,379,baseline,,940GZZLUKSX,940GZZLUHAI,104604,140409,153933,379,london-pod-110,london-pod-086,119340,0,128833,143000,379,london-pod-031,london-pod-052,117420,0,-182.21666666666667,-192.93333333333334,10.716666666666667
late,4.615385,2,371,baseline,,940GZZLUHBN,940GZZLUKSX,102396,141488,152455,371,london-pod-103,london-pod-024,116940,1,129301,139946,371,london-pod-078,london-pod-078,112800,0,-208.48333333333332,-203.11666666666667,-5.366666666666666
late,4.615385,2,361,baseline,,940GZZLUPCC,940GZZLUPAC,99636,139393,160429,361,london-pod-006,london-pod-006,113880,0,129771,151593,361,london-pod-109,london-pod-050,108180,0,-147.26666666666668,-160.36666666666667,13.1
late,4.615385,2,288,baseline,,940GZZLUWKN,940GZZLUFPK,79488,99519,157244,288,london-pod-030,london-pod-030,91500,0,129873,188311,288,london-pod-056,london-pod-056,89424,0,517.7833333333333,505.9,11.883333333333333
late,4.615385,2,387,baseline,,940GZZLUCHL,940GZZLUVXL,106812,122044,150480,387,london-pod-082,,0,0,131145,159400,387,london-pod-021,london-pod-021,117120,0,148.66666666666666,151.68333333333334,-3.0166666666666666
late,4.615385,2,349,baseline,,940GZZLUEUS,940GZZLUCHX,96324,132921,148651,349,london-pod-012,london-pod-012,108120,0,131215,147267,349,london-pod-054,london-pod-010,106500,0,-23.066666666666666,-28.433333333333334,5.366666666666666
late,4.615385,2,376,baseline,,940GZZLULSQ,940GZZLUBNK,103776,119312,138414,376,london-pod-026,london-pod-011,103860,1,131475,149878,376,london-pod-041,london-pod-041,115200,0,191.06666666666666,202.71666666666667,-11.65
late,4.615385,2,385,baseline,,940GZZLUBND,940GZZLULNB,106260,130464,155745,385,london-pod-079,london-pod-079,120960,0,131756,156186,385,london-pod-100,london-pod-053,117000,1,7.35,21.533333333333335,-14.183333333333334
late,4.615385,2,352,baseline,,940GZZLUCGN,940GZZLUFPK,97152,129305,160404,352,london-pod-047,london-pod-042,110460,0,132170,163269,352,london-pod-057,london-pod-113,106740,0,47.75,47.75,0
late,4.615385,2,363,baseline,,940GZZLUSKS,940GZZLUBWT,100188,132776,150048,363,london-pod-057,london-pod-057,115080,0,132590,150183,363,london-pod-048,london-pod-089,110100,0,2.25,-3.1,5.35
late,4.615385,2,355,baseline,,940GZZLUAGL,940GZZLUGTR,97980,121403,159171,355,london-pod-067,london-pod-067,110760,0,132624,169973,355,london-pod-093,london-pod-095,107160,0,180.03333333333333,187.01666666666668,-6.983333333333333
late,4.615385,2,378,baseline,,940GZZLUAGL,940GZZLULNB,104328,159625,179646,378,london-pod-050,london-pod-050,119100,0,133285,153072,378,london-pod-095,london-pod-093,117420,1,-442.9,-439,-3.9
late,4.615385,2,331,baseline,,940GZZLUWSM,940GZZLUBKF,91356,110309,123366,331,london-pod-092,london-pod-092,102480,0,134404,147461,331,london-pod-017,london-pod-017,101700,0,401.5833333333333,401.5833333333333,0
late,4.615385,2,357,baseline,,940GZZLUCGN,940GZZLULVT,98532,137981,157850,357,london-pod-092,london-pod-109,111060,0,134597,154145,357,london-pod-039,london-pod-105,107700,0,-61.75,-56.4,-5.35
late,4.615385,2,386,baseline,,940GZZLUOXC,940GZZLUFPK,106536,118107,154049,333,london-pod-085,,0,0,135245,167726,386,london-pod-002,london-pod-018,117060,1,227.95,285.6333333333333,-57.68333333333333
late,4.615385,2,367,baseline,,940GZZLUFCN,940GZZLUFPK,101292,144466,173742,367,london-pod-028,london-pod-028,116220,0,138577,168832,367,london-pod-068,london-pod-068,112320,0,-81.83333333333333,-98.15,16.316666666666666
late,4.615385,2,375,baseline,,940GZZLUCGN,940GZZLUGTR,103500,141887,166214,375,london-pod-109,london-pod-076,118560,0,138887,163214,375,london-pod-105,london-pod-039,114600,1,-50,-50,0
late,4.615385,2,372,baseline,,940GZZLUTMP,940GZZLUTWH,102672,147367,163331,372,london-pod-049,london-pod-049,117120,0,140341,156321,372,london-pod-106,london-pod-059,102840,1,-116.83333333333333,-117.1,0.26666666666666666
late,4.615385,2,374,baseline,,940GZZLUSKS,940GZZLULNB,103224,146044,176846,374,london-pod-007,london-pod-056,118500,0,140755,172199,374,london-pod-074,london-pod-048,114600,1,-77.45,-88.15,10.7
late,4.615385,2,390,baseline,,940GZZLUBBN,940GZZLUVIC,107640,128896,156765,390,london-pod-015,london-pod-015,120420,0,151433,179302,390,london-pod-046,london-pod-046,119820,0,375.6166666666667,375.6166666666667,0
late,4.615385,2,381,baseline,,940GZZLUSBC,940GZZLUODS,105156,120898,168175,381,london-pod-087,london-pod-079,120120,0,157859,205136,381,london-pod-043,london-pod-098,117420,0,616.0166666666667,616.0166666666667,0
late,4.615385,2,388,baseline,,940GZZLUSBC,940GZZLUBNK,107088,169719,214204,388,london-pod-078,london-pod-078,122760,0,175491,220298,388,london-pod-098,london-pod-043,118860,1,101.56666666666666,96.2,5.366666666666666
late,4.615385,2,384,baseline,,940GZZLUHSD,940GZZLUSSQ,105984,179307,204135,384,london-pod-045,london-pod-045,122220,0,176255,200762,384,london-pod-114,london-pod-114,117900,0,-56.21666666666667,-50.86666666666667,-5.35
