kind,baseline,candidate,requests,jointly_complete,baseline_end,candidate_end,lost_3600s_recovery,mean_wait_change,mean_journey_change_percent,journey_p95_change_percent,journey_guard2percent_failed,platoon_control_noharm_failed,empty_distance_ratio,max_added_wait,max_added_journey,proposed_wait_limit_failures,proposed_journey_limit_failures
platoon,london198-am-peak-r24-s2-off,london198-am-peak-r24-s2-virtual,719,719,3588,3767,True,-1.1637923041260478,-0.2490034633260252,-1.4490676188118168,False,False,1.017850992990969,620.3666666666667,623.3,115,84
platoon,london114-am-peak-r12-s1-off,london114-am-peak-r12-s1-virtual,359,359,3746,3734,False,0.9923398328691064,0.22573851409555257,2.20950389345953,True,False,1.0150862435478079,338.25,343.6166666666667,10,5
platoon,london114-am-peak-r12-s2-off,london114-am-peak-r12-s2-virtual,359,359,3136,3139,False,0.13570102135565776,0.020318825023646347,0.0,False,False,1.0051013250527145,75.98333333333333,81.33333333333333,1,1
platoon,london114-am-peak-r13-s2-off,london114-am-peak-r13-s2-virtual,391,391,3273,3292,False,-0.22271952259166028,-0.029030559537690515,0.5959579587816455,False,False,1.002255161639384,24.05,24.05,0,0
sharing,sharing-am-peak-r13-s1-unassigned,sharing-am-peak-r13-s1-reassign-existing,391,391,3513,3313,False,-13.022293265132134,-2.1336077730151337,1.4653629344660857,False,False,0.9555984533374988,475.56666666666666,386.06666666666666,39,36
sharing,sharing-interpeak-r11-s3-unassigned,sharing-interpeak-r11-s3-reassign-existing,330,330,2681,2635,False,3.3421212121212136,0.7924596581914134,3.1740875214981923,True,False,0.984561246858442,138.03333333333333,138.03333333333333,37,20
sharing,sharing-interpeak-r15-s3-unassigned,sharing-interpeak-r15-s3-reassign-existing,449,449,3505,3332,False,-8.298255382331092,-1.536528444450025,-0.47216267887144614,False,False,0.9669464998598786,871.8333333333334,792.85,93,72
sharing,sharing-late-r9-s1-unassigned,sharing-late-r9-s1-reassign-existing,269,269,2941,2984,False,2.666790582403962,0.37262536066149377,2.930009188786209,True,False,1.0149760032680313,329.9166666666667,295.95,40,32
sharing,sharing-morning-r4-s1-unassigned,sharing-morning-r4-s1-reassign-existing,119,119,2869,2869,False,1.0085434173669654,0.18803046548498958,2.0933402570427084,True,False,0.9970846780060287,159.28333333333333,148.38333333333333,5,3
sharing,sharing-pm-peak-r11-s3-unassigned,sharing-pm-peak-r11-s3-reassign-existing,330,330,2620,2612,False,1.902979797979782,0.14127959510545907,-0.28324470515138644,False,False,0.9700951068221787,421.56666666666666,426.1,57,34
sharing,sharing-late-r13-s2-unassigned,sharing-late-r13-s2-reassign-existing,391,391,3477,3655,True,-35.09846547314578,-4.78562297536933,-2.6482869072813497,False,False,0.9840626776080007,668.45,672.7833333333333,71,59
sharing,sharing-morning-r13-s1-unassigned,sharing-morning-r13-s1-reassign-existing,391,391,3650,3495,False,-21.0276641091219,-3.3526331546452237,-2.150005856553483,False,False,0.9591421841999482,734.4333333333333,740.85,57,47
positioning,positioning-night-r5-s3-off,positioning-night-r5-s3-on,149,149,3333,3358,False,-5.833221476510076,-0.9519543622672155,-4.863537182987754,False,False,0.9440872565309709,190.45,182.76666666666668,19,11
positioning,positioning-night-r4-s1-off,positioning-night-r4-s1-on,119,119,3236,3276,False,-21.875350140056028,-3.9252291445578624,0.5369032440855515,False,False,0.9760918878503859,82.36666666666666,82.36666666666666,5,1
positioning,positioning-interpeak-r1-s1-off,positioning-interpeak-r1-s1-on,29,29,2269,2269,False,-13.858045977011496,-3.3429316100988204,0.8546325878594274,False,False,1.4582995413135469,70.63333333333334,70.63333333333334,1,1
positioning,positioning-am-peak-r6-s1-off,positioning-am-peak-r6-s1-on,179,179,2689,2689,False,0.0,0.0,0.0,False,False,1.0,0.0,0.0,0,0
