name,seed,band,rate,schedule_id,scheduled,served,remaining,skipped,drained,actual_end_seconds,wait_average_seconds,wait_p95_seconds,journey_average_seconds,journey_p95_seconds,empty_distance_meters,shared_parties,reassigned_parties,positioning_moves,coupled_time_percent,detour_ratio_max,safety_samples,physical_restores,dense_restore_samples
london198-am-peak-r24-s2-off,2,am-peak,24,d6c3dad379d00c9b,719,719,0,0,True,3588,259.83180343069074,704.75,658.4056791840519,1278.9833333333333,2609362.6675747987,0,0,0,0,1,3588,2,7200
london198-am-peak-r24-s2-virtual,2,am-peak,24,d6c3dad379d00c9b,719,719,0,0,True,3767,258.6680111265647,707.5333333333333,656.7662262401484,1260.45,2655942.3822645727,0,0,0,0.9519951387482277,1,3767,2,7200
london114-am-peak-r12-s1-off,1,am-peak,12,03cdebea63353488,359,359,0,0,True,3746,241.23184772516248,681.4666666666667,637.8321727019498,1211.4333333333334,1340149.6913269178,0,0,0,0,1,3746,2,7200
london114-am-peak-r12-s1-virtual,1,am-peak,12,03cdebea63353488,359,359,0,0,True,3734,242.2241875580316,669.25,639.2720055710306,1238.2,1360367.515960795,0,0,0,0.9655172413793104,1,3734,2,7200
london114-am-peak-r12-s2-off,2,am-peak,12,1ce863a45082331f,359,359,0,0,True,3136,232.58528319405755,604.75,624.9036211699164,1264.9333333333334,1202276.305069026,0,0,0,0,1,3136,2,7200
london114-am-peak-r12-s2-virtual,2,am-peak,12,1ce863a45082331f,359,359,0,0,True,3139,232.7209842154132,604.75,625.0305942432683,1264.9333333333334,1208409.5073043597,0,0,0,0.21959874916552474,1,3139,2,7200
london114-am-peak-r13-s2-off,2,am-peak,13,0e4f347011d2dd56,391,391,0,0,True,3273,329.06325660699065,755.0333333333333,723.7280477408356,1336.7833333333333,1478566.9806277263,0,0,0,0,1,3273,2,7200
london114-am-peak-r13-s2-virtual,2,am-peak,13,0e4f347011d2dd56,391,391,0,0,True,3292,328.840537084399,755.0333333333333,723.5179454390452,1344.75,1481901.388163698,0,0,0,0.25695800079005,1,3292,2,7200
sharing-am-peak-r13-s1-unassigned,1,am-peak,13,ea9a92c10a2e02f6,391,391,0,0,True,3513,245.41184995737424,639.25,646.9975703324808,1247.7,1368331.299764605,26,0,0,0.004828118964851294,1.3271664450883998,3513,2,7200
sharing-am-peak-r13-s1-reassign-existing,1,am-peak,13,ea9a92c10a2e02f6,391,391,0,0,True,3313,232.3895566922421,606.8,633.1931798806479,1265.9833333333333,1307575.273708346,32,12,0,0.0802186578674242,1.3271664450883998,3313,2,7200
sharing-interpeak-r11-s3-unassigned,3,interpeak,11,2868a608737b17cf,330,330,0,0,True,2681,104.72348484848484,290.43333333333334,470.0427272727273,872.1666666666666,567487.0175841051,4,0,0,0.0012476061556887723,1.4480304929766543,2681,2,7200
sharing-interpeak-r11-s3-reassign-existing,3,interpeak,11,2868a608737b17cf,330,330,0,0,True,2635,108.06560606060606,296.3666666666667,473.7676262626263,899.85,558725.7256085852,8,2,0,0.00377774279867779,1.2962363477392533,2635,2,7200
sharing-interpeak-r15-s3-unassigned,3,interpeak,15,1a5ec5d35ff01181,449,449,0,0,True,3505,247.88489235337786,612.4333333333333,619.1948775055679,1150.7333333333333,1306369.6158304368,29,0,0,0.22020848515573016,1.3972301976575856,3505,2,7200
sharing-interpeak-r15-s3-reassign-existing,3,interpeak,15,1a5ec5d35ff01181,449,449,0,0,True,3332,239.58663697104677,612.7,609.6807720861174,1145.3,1263189.527550535,29,5,0,0.3689310243663268,1.3869169782924529,3332,2,7200
sharing-late-r9-s1-unassigned,1,late,9,cde8843fbd18461c,269,269,0,0,True,2941,200.0597893432466,428.15,612.386741016109,961.3166666666667,972015.8040481973,2,0,0,0.0011111728429357187,1.1050094331482203,2941,2,7200
sharing-late-r9-s1-reassign-existing,1,late,9,cde8843fbd18461c,269,269,0,0,True,2984,202.72657992565055,468.81666666666666,614.6686493184635,989.4833333333333,986572.7159062012,6,5,0,0.0066886276608196914,1.0705365698029936,2984,2,7200
sharing-morning-r4-s1-unassigned,1,morning,4,9b3980983f12907c,119,119,0,0,True,2869,95.68361344537814,311.43333333333334,504.8648459383753,1027.0666666666666,334469.0025344797,1,0,0,0,1.082002013313308,2869,2,7200
sharing-morning-r4-s1-reassign-existing,1,morning,4,9b3980983f12907c,119,119,0,0,True,2869,96.69215686274511,339.85,505.81414565826327,1048.5666666666666,333493.9176950893,2,1,0,0,1.082002013313308,2869,2,7200
sharing-pm-peak-r11-s3-unassigned,3,pm-peak,11,1578ce5338dc3b09,330,330,0,0,True,2620,154.75484848484848,375.73333333333335,538.2621212121212,912.05,871713.602226876,11,0,0,0.4088769334229993,1.24240771390211,2620,2,7200
sharing-pm-peak-r11-s3-reassign-existing,3,pm-peak,11,1578ce5338dc3b09,330,330,0,0,True,2612,156.65782828282826,358.15,539.0225757575757,909.4666666666667,845645.1000706274,14,10,0,0.3857712693295448,1.2297940356331634,2612,2,7200
sharing-late-r13-s2-unassigned,2,late,13,fe98d1722db6b27e,391,391,0,0,True,3477,322.94202898550725,710.4166666666666,735.1124467178175,1165.5333333333333,1588074.077443231,26,0,0,0.3571375091717704,1.2908187465500698,3477,2,7200
sharing-late-r13-s2-reassign-existing,2,late,13,fe98d1722db6b27e,391,391,0,0,True,3655,287.84356351236147,649.8166666666667,699.93273657289,1134.6666666666667,1562764.4288886413,40,15,0,0.10669163813880658,1.334574336889217,3655,2,7200
sharing-morning-r13-s1-unassigned,1,morning,13,b9bdf89a2a5e69f2,391,391,0,0,True,3650,250.6740409207161,643.4333333333333,679.1470588235294,1280.6166666666666,1384248.223893935,43,0,0,0.34642170272239675,1.2424575452240643,3650,2,7200
sharing-morning-r13-s1-reassign-existing,1,morning,13,b9bdf89a2a5e69f2,391,391,0,0,True,3495,229.6463768115942,622.1666666666666,656.3777493606138,1253.0833333333333,1327690.8649405278,50,18,0,0.05561303144180873,1.1757774488392354,3495,2,7200
positioning-night-r5-s3-off,3,night,5,f3a80d553036d591,149,149,0,0,True,3333,133.67337807606265,449.6166666666667,580.8608501118568,1397.8166666666666,732717.5050550466,0,0,0,0,1,3333,2,7200
positioning-night-r5-s3-on,3,night,5,f3a80d553036d591,149,149,0,0,True,3358,127.84015659955257,440.8,575.3313199105146,1329.8333333333333,691749.2591596368,0,0,22,0,1,3358,2,7200
positioning-night-r4-s1-off,1,night,4,f9e1bd3d2523c995,119,119,0,0,True,3236,107.71176470588236,260.75,529.3558823529412,1176.5,495322.0271994399,0,0,0,0,1,3236,2,7200
positioning-night-r4-s1-on,1,night,4,f9e1bd3d2523c995,119,119,0,0,True,3276,85.83641456582633,259.76666666666665,508.57745098039214,1182.8166666666666,483479.8126229815,0,0,31,0,1,3276,2,7200
positioning-interpeak-r1-s1-off,1,interpeak,1,2c08c203aad74678,29,29,0,0,True,2269,33.50689655172414,123.51666666666667,395.5850574712644,626,34596.459244340076,0,0,0,0,1,2269,2,7200
positioning-interpeak-r1-s1-on,1,interpeak,1,2c08c203aad74678,29,29,0,0,True,2269,19.648850574712643,101.3,382.36091954022993,631.35,50452.000647093955,0,0,10,0,1,2269,2,7200
positioning-am-peak-r6-s1-off,1,am-peak,6,523cd75d5a7198e9,179,179,0,0,True,2689,96.56266294227187,299.95,503.06173184357544,918.0166666666667,464139.1167452707,0,0,0,0,1,2689,2,7200
positioning-am-peak-r6-s1-on,1,am-peak,6,523cd75d5a7198e9,179,179,0,0,True,2689,96.56266294227187,299.95,503.06173184357544,918.0166666666667,464139.1167452707,0,0,0,0,1,2689,2,7200
