name,seed,routing,band,schedule_id,scheduled,served,remaining,skipped,drained,actual_end_seconds,wait_average_seconds,wait_p95_seconds,journey_average_seconds,journey_p95_seconds,backlog_at_arrival_midpoint,backlog_at_arrival_end,late_backlog_change,late_arrival_throughput_per_minute,empty_distance_meters,late_backlog_per_minute,routing_evaluations,returned_alternatives,safety_samples,physical_restores,dense_restore_samples
central-early-r10-s1-free-flow,1,free-flow,early,70ea04b42748d9fe,3599,2661,938,0,False,25200,4965.757548393072,8508,4928.588901415508,8723.55,717,1308,591,6.716666666666667,16960420.1216105,3.283333333333333,0,0,25200,2,7200
central-early-r10-s1-predictive,1,predictive,early,70ea04b42748d9fe,3599,2661,938,0,False,25200,4965.757548393072,8508,4928.588901415508,8723.55,717,1308,591,6.716666666666667,16960420.1216105,3.283333333333333,5460,0,25200,2,7200
full-morning-r13-s1-free-flow,1,free-flow,morning,3b46b2302c40adcf,4695,3559,1136,0,False,25200,4216.9899467518635,7804.316666666667,4590.087533951484,8450.966666666667,857,1632,775,8.738888888888889,45975954.58036411,4.305555555555555,0,0,25200,2,7200
full-morning-r13-s1-predictive,1,predictive,morning,3b46b2302c40adcf,4695,3559,1136,0,False,25200,4216.9899467518635,7804.316666666667,4590.087533951484,8450.966666666667,857,1632,775,8.738888888888889,45975954.58036411,4.305555555555555,7447,0,25200,2,7200
full-morning-r14-s1-free-flow,1,free-flow,morning,b1f135de4ef0e184,5042,3572,1470,0,False,25200,4891.075261139759,8853.133333333333,5139.366265397536,9448.066666666668,1034,1973,939,8.78888888888889,46259553.13214982,5.216666666666667,0,0,25200,2,7200
full-morning-r14-s1-predictive,1,predictive,morning,b1f135de4ef0e184,5042,3572,1470,0,False,25200,4891.075261139759,8853.133333333333,5139.366265397536,9448.066666666668,1034,1973,939,8.78888888888889,46259553.13214982,5.216666666666667,7472,0,25200,2,7200
central-early-r10-s2-free-flow,2,free-flow,early,d2f5a72c172bc244,3599,2758,841,0,False,25200,4709.311091043809,7981.316666666667,4749.637448634277,8271.066666666668,682,1262,580,6.777777777777778,17383470.74085002,3.2222222222222223,0,0,25200,2,7200
central-early-r10-s2-predictive,2,predictive,early,d2f5a72c172bc244,3599,2758,841,0,False,25200,4709.311091043809,7981.316666666667,4749.637448634277,8271.066666666668,682,1262,580,6.777777777777778,17383470.74085002,3.2222222222222223,5645,0,25200,2,7200
full-morning-r13-s2-free-flow,2,free-flow,morning,0da61a9c56d7f375,4695,3533,1162,0,False,25200,4438.8310223642175,7973.6,4841.189640532126,8702.5,893,1680,787,8.672222222222222,46606136.23385064,4.372222222222222,0,0,25200,2,7200
full-morning-r13-s2-predictive,2,predictive,morning,0da61a9c56d7f375,4695,3533,1162,0,False,25200,4438.8310223642175,7973.6,4841.189640532126,8702.5,893,1680,787,8.672222222222222,46606136.23385064,4.372222222222222,7359,0,25200,2,7200
full-morning-r14-s2-free-flow,2,free-flow,morning,25006630a2def274,5042,3564,1478,0,False,25200,4989.053153510512,8926.683333333332,5259.262715114104,9554.966666666667,1038,1990,952,8.716666666666667,46655886.956358165,5.288888888888889,0,0,25200,2,7200
full-morning-r14-s2-predictive,2,predictive,morning,25006630a2def274,5042,3564,1478,0,False,25200,4989.053153510512,8926.683333333332,5259.262715114104,9554.966666666667,1038,1990,952,8.716666666666667,46655886.956358165,5.288888888888889,7411,0,25200,2,7200
