pattern,request_every_seconds,seed,policy,window_start_seconds,window_end_seconds,schedule_id,scheduled,served,remaining,skipped,wait_average_seconds,wait_maximum_seconds,empty_distance_meters,positioning_moves
balanced,30,1,off,0,900,8a7e12d71f95d9d3,29,9,20,0,288.9890804597701,540,5316.7740030745645,0
balanced,30,1,on,0,900,8a7e12d71f95d9d3,29,10,19,0,276.4034482758621,540,4647.109489464328,1
balanced,30,2,off,0,900,01de0a99226275b5,29,11,18,0,259.50977011494257,493.46666666666664,4100.651708164949,0
balanced,30,2,on,0,900,01de0a99226275b5,29,13,16,0,237.30057471264368,455.01666666666665,3809.8286656083415,1
balanced,30,3,off,0,900,a699070957cf74f3,29,12,17,0,245.94885057471265,510,7152.784220905218,0
balanced,30,3,on,0,900,a699070957cf74f3,29,12,17,0,233.51781609195402,480,7373.849845806108,2
balanced,30,4,off,0,900,ded868937950515b,29,11,18,0,251.5390804597701,480,7656.907046626764,0
balanced,30,4,on,0,900,ded868937950515b,29,12,17,0,246.33275862068965,480,7759.0564461017475,1
balanced,30,5,off,0,900,19ad9fc20bd8cdbd,29,11,18,0,244.48563218390802,510,5413.747846994131,0
balanced,30,5,on,0,900,19ad9fc20bd8cdbd,29,12,17,0,239.39425287356323,499.1,5413.747846994003,1
balanced,30,6,off,0,900,ea620788363f3bd8,29,11,18,0,245.36321839080458,480,5824.0490854650225,0
balanced,30,6,on,0,900,ea620788363f3bd8,29,11,18,0,239.01666666666668,482.85,5824.0490854654,1
balanced,30,7,off,0,900,41c481f770a2decc,29,11,18,0,275.0229885057471,535.4333333333333,4933.747871563505,0
balanced,30,7,on,0,900,41c481f770a2decc,29,11,18,0,261.86896551724135,535.4333333333333,5343.105380668221,1
balanced,30,8,off,0,900,fdf9adf83f79c647,29,11,18,0,251.666091954023,510,5131.8309850870355,0
balanced,30,8,on,0,900,fdf9adf83f79c647,29,11,18,0,241.24540229885056,480,5375.826519869428,1
balanced,30,9,off,0,900,2b4f1a4dd79d0f23,29,10,19,0,263.90402298850574,510,7121.871845361262,0
balanced,30,9,on,0,900,2b4f1a4dd79d0f23,29,11,18,0,252.13045977011495,510,7134.41220098403,1
balanced,30,10,off,0,900,b06fa33bc90a4a89,29,14,15,0,196.40919540229885,433.3833333333333,2437.680009984121,0
balanced,30,10,on,0,900,b06fa33bc90a4a89,29,14,15,0,185.2,393.4,2534.6538539039175,1
balanced,45,1,off,0,900,f9cd8e0d268cd3a8,19,9,10,0,216.87807017543858,397.96666666666664,5316.7740030745645,0
balanced,45,1,on,0,900,f9cd8e0d268cd3a8,19,10,9,0,198.98421052631576,360,4647.10948946433,2
balanced,45,2,off,0,900,ba020631ecc11528,19,10,9,0,177.69561403508771,320.81666666666666,4100.651708164882,0
balanced,45,2,on,0,900,ba020631ecc11528,19,11,8,0,198.40438596491228,330.8,5481.585491910917,2
balanced,45,3,off,0,900,317d3417f38495ad,19,12,7,0,163.02719298245614,315,6743.2925542377525,0
balanced,45,3,on,0,900,317d3417f38495ad,19,12,7,0,136.15877192982455,310.18333333333334,7373.849845806135,2
balanced,45,4,off,0,900,ba3903e1b841829b,19,13,6,0,139.9763157894737,211.2,5715.7244596098935,0
balanced,45,4,on,0,900,ba3903e1b841829b,19,11,8,0,150.1482456140351,281.68333333333334,7753.880890546192,2
balanced,45,5,off,0,900,4d3e8ffc508caa68,19,11,8,0,166.47456140350877,315,6690.4311803287455,0
balanced,45,5,on,0,900,4d3e8ffc508caa68,19,11,8,0,153.94561403508771,315,5329.314358696216,1
balanced,45,6,off,0,900,464a703af29fb3a0,19,11,8,0,155.73333333333332,339.98333333333335,5824.049085464986,0
balanced,45,6,on,0,900,464a703af29fb3a0,19,11,8,0,156.4175438596491,332.23333333333335,5727.075241545029,1
balanced,45,7,off,0,900,4a259e3dc0a450c9,19,9,10,0,196.59122807017545,383.15,4900.01120489684,0
balanced,45,7,on,0,900,4a259e3dc0a450c9,19,8,11,0,227.91052631578947,415.81666666666666,7199.854479387961,2
balanced,45,8,off,0,900,2401f61566b6ebfa,19,11,8,0,161.49035087719298,315,4711.830985086601,0
balanced,45,8,on,0,900,2401f61566b6ebfa,19,11,8,0,146.85701754385963,313.06666666666666,5375.826519869428,2
balanced,45,9,off,0,900,0be5973d6dfee164,19,10,9,0,180.16929824561402,355.23333333333335,7121.871845361351,0
balanced,45,9,on,0,900,0be5973d6dfee164,19,10,9,0,172.61578947368423,335.73333333333335,7218.8456892813465,2
balanced,45,10,off,0,900,97d568731e49b4f4,19,13,6,0,89.28070175438596,225,2437.680009984121,0
balanced,45,10,on,0,900,97d568731e49b4f4,19,12,7,0,131.29210526315788,270,4821.956772772026,2
balanced,60,1,off,0,900,350cc9bf3561ebf1,14,9,5,0,149.12261904761905,240,5045.38564554509,0
balanced,60,1,on,0,900,350cc9bf3561ebf1,14,10,4,0,122.57857142857142,213.68333333333334,4735.827591901207,2
balanced,60,2,off,0,900,afd24af25514effd,14,10,4,0,97.94761904761906,189.08333333333334,3948.3805749501926,0
balanced,60,2,on,0,900,afd24af25514effd,14,10,4,0,128.84880952380954,192.9,5481.5854919112735,2
balanced,60,3,off,0,900,b6ca97805da3e6fc,14,11,3,0,99.45119047619048,199.5,6729.167554237745,0
balanced,60,3,on,0,900,b6ca97805da3e6fc,14,10,4,0,123.55952380952381,221,9113.444317025873,3
balanced,60,4,off,0,900,19ca257bdc6477ce,14,11,3,0,88.47976190476192,148.78333333333333,7296.723107917187,0
balanced,60,4,on,0,900,19ca257bdc6477ce,14,12,2,0,52.4547619047619,180,7955.975812635792,3
balanced,60,5,off,0,900,815ff9d8d79392a8,14,11,3,0,95.16666666666667,180,6203.031025364009,0
balanced,60,5,on,0,900,815ff9d8d79392a8,14,11,3,0,104.98571428571428,198.43333333333334,7637.600539921963,3
balanced,60,6,off,0,900,142bd4baba90e5f1,14,9,5,0,138.8797619047619,283.6666666666667,7959.080871118579,0
balanced,60,6,on,0,900,142bd4baba90e5f1,14,10,4,0,59.51785714285714,170.08333333333334,5671.7779522500405,2
balanced,60,7,off,0,900,b43cfdaabe8f7276,14,8,6,0,130.72976190476192,240,4900.0112048968385,0
balanced,60,7,on,0,900,b43cfdaabe8f7276,14,8,6,0,162.66547619047617,291.3833333333333,7199.854479387932,2
balanced,60,8,off,0,900,2f9d9809024b4817,14,10,4,0,77.73690476190475,144.83333333333334,4512.214318419776,0
balanced,60,8,on,0,900,2f9d9809024b4817,14,10,4,0,79.82738095238095,182.85,6568.1693903454325,2
balanced,60,9,off,0,900,a210dde44b6d9fc6,14,9,5,0,112.27976190476191,218.4,7121.871845361262,0
balanced,60,9,on,0,900,a210dde44b6d9fc6,14,10,4,0,98.06904761904761,218.4,7218.845689281508,2
balanced,60,10,off,0,900,db7cf05d210c6261,14,9,5,0,106.37738095238095,240,7291.737135755286,0
balanced,60,10,on,0,900,db7cf05d210c6261,14,10,4,0,101.16309523809524,188.03333333333333,7066.502757967799,2
destination,30,1,off,0,900,94de021ef735dcd5,29,9,20,0,294.0281609195402,570,15471.951543236266,0
destination,30,1,on,0,900,94de021ef735dcd5,29,10,19,0,286.23793103448276,570,16037.808720490126,1
destination,30,2,off,0,900,a9a86e58212be825,29,9,20,0,312.74655172413793,600,14854.363013162862,0
destination,30,2,on,0,900,a9a86e58212be825,29,9,20,0,307.5741379310345,600,15274.36301316399,1
destination,30,3,off,0,900,01994b7eaa44a1c8,29,10,19,0,289.7545977011494,570,15213.160072183391,0
destination,30,3,on,0,900,01994b7eaa44a1c8,29,10,19,0,284.6706896551724,570,15615.193405516946,1
destination,30,4,off,0,900,0152f61a4aebc62e,29,9,20,0,294.685632183908,570,15850.793014289344,0
destination,30,4,on,0,900,0152f61a4aebc62e,29,10,19,0,282.2304597701149,570,16689.04301429159,2
destination,30,5,off,0,900,7c95ee08d71fcac5,29,9,20,0,315.2931034482759,600,15501.445955269815,0
destination,30,5,on,0,900,7c95ee08d71fcac5,29,9,20,0,310.1206896551724,600,15921.445955270987,1
destination,30,6,off,0,900,db8ad88cccea291b,29,10,19,0,288.4132183908046,570,14889.61860112992,0
destination,30,6,on,0,900,db8ad88cccea291b,29,10,19,0,283.3735632183908,570,15291.651934463467,1
destination,30,7,off,0,900,ef695b0f30190b77,29,9,20,0,314.36034482758623,600,15177.90448421634,0
destination,30,7,on,0,900,ef695b0f30190b77,29,9,20,0,309.18793103448274,600,15597.90448421753,1
destination,30,8,off,0,900,9f8fa0385bed3914,29,9,20,0,316.08965517241376,600,15824.987426323294,0
destination,30,8,on,0,900,9f8fa0385bed3914,29,9,20,0,310.9172413793103,600,16244.987426324473,1
destination,30,9,off,0,900,582bbf40c1666981,29,9,20,0,291.20632183908043,570,14769.568601128833,0
destination,30,9,on,0,900,582bbf40c1666981,29,10,19,0,278.7511494252874,570,15718.418601131058,2
destination,30,10,off,0,900,3c8216bf634cdcee,29,9,20,0,317.2948275862069,600,16148.528897376773,0
destination,30,10,on,0,900,3c8216bf634cdcee,29,9,20,0,312.1224137931034,600,16568.528897377935,1
destination,45,1,off,0,900,dd67cd1f2c4f5749,19,9,10,0,230.09561403508772,421.3833333333333,14841.951543235662,0
destination,45,1,on,0,900,dd67cd1f2c4f5749,19,10,9,0,209.5561403508772,405,15590.27594271177,2
destination,45,2,off,0,900,b99131a05c5f91be,19,9,10,0,250.77105263157895,450,14224.363013162498,0
destination,45,2,on,0,900,b99131a05c5f91be,19,9,10,0,241.7140350877193,450,14583.929679830087,1
destination,45,3,off,0,900,608e4d7e47627e10,19,9,10,0,219.42543859649123,412.4166666666667,14573.7100721828,0
destination,45,3,on,0,900,608e4d7e47627e10,19,9,10,0,215.16228070175438,412.4166666666667,14699.710072182923,2
destination,45,4,off,0,900,01af92ca07392baa,19,9,10,0,231.09912280701755,425.31666666666666,15220.793014289387,0
destination,45,4,on,0,900,01af92ca07392baa,19,9,10,0,210.65701754385964,405,15868.993014289556,2
destination,45,5,off,0,900,e660fa0747e66b8f,19,9,10,0,254.6578947368421,450,14871.476510825061,0
destination,45,5,on,0,900,e660fa0747e66b8f,19,9,10,0,246.88245614035088,450,15231.012621937009,1
destination,45,6,off,0,900,14a4b9a122b3b52a,19,9,10,0,217.37807017543858,408.46666666666664,14194.868601129261,0
destination,45,6,on,0,900,14a4b9a122b3b52a,19,9,10,0,213.11491228070176,408.46666666666664,14320.86860112939,2
destination,45,7,off,0,900,692d33e1eb7f39aa,19,9,10,0,253.23421052631576,450,14547.904484216031,0
destination,45,7,on,0,900,692d33e1eb7f39aa,19,9,10,0,245.45877192982456,450,14907.47115088354,1
destination,45,8,off,0,900,fb1a0507c9aa52a2,19,9,10,0,255.8736842105263,450,15212.002981878593,0
destination,45,8,on,0,900,fb1a0507c9aa52a2,19,9,10,0,248.09824561403508,450,15554.554092990487,1
destination,45,9,off,0,900,f26f37f8db2b875b,19,9,10,0,225.78859649122808,417.4166666666667,14139.568601128098,0
destination,45,9,on,0,900,f26f37f8db2b875b,19,10,9,0,205.34649122807016,405,14790.91915668434,2
destination,45,10,off,0,900,c5321fe745e15f3e,19,9,10,0,257.7131578947368,450,15535.544452932072,0
destination,45,10,on,0,900,c5321fe745e15f3e,19,9,10,0,249.9377192982456,450,15878.095564043962,1
destination,60,1,off,0,900,07d6e8ffba43fb85,14,8,6,0,176.10238095238094,300,14344.99048748485,0
destination,60,1,on,0,900,07d6e8ffba43fb85,14,10,4,0,130.96309523809524,240,15202.577053822464,4
destination,60,2,off,0,900,3b447090fb27e7a4,14,8,6,0,193.54642857142855,320.51666666666665,13702.513013162408,0
destination,60,2,on,0,900,3b447090fb27e7a4,14,8,6,0,189.54642857142855,340.1333333333333,13965.946346496174,1
destination,60,3,off,0,900,b4f474efc8760f06,14,9,5,0,167.23333333333332,300,13751.40021797499,0
destination,60,3,on,0,900,b4f474efc8760f06,14,9,5,0,132.86309523809524,263.85,14688.510072182911,3
destination,60,4,off,0,900,4f5ebd17bd977ab2,14,8,6,0,177.18333333333334,322.4166666666667,14698.191598450281,0
destination,60,4,on,0,900,4f5ebd17bd977ab2,14,9,5,0,150.4702380952381,283.01666666666665,15563.000191542616,4
destination,60,5,off,0,900,14bd4edfd420f3ba,14,8,6,0,198.82142857142856,340.1333333333333,14404.895955269463,0
destination,60,5,on,0,900,14bd4edfd420f3ba,14,9,5,0,150.3059523809524,289.96666666666664,13930.827130074942,2
destination,60,6,off,0,900,45e6983d7f5be03e,14,9,5,0,164.73690476190478,309.4166666666667,13427.85874692151,0
destination,60,6,on,0,900,45e6983d7f5be03e,14,9,5,0,130.0845238095238,261.31666666666666,14309.668601129379,3
destination,60,7,off,0,900,f226f955cb1ae552,14,8,6,0,196.8892857142857,317.03333333333336,14026.054484215949,0
destination,60,7,on,0,900,f226f955cb1ae552,14,9,5,0,148.3738095238095,289.96666666666664,13607.285659021463,2
destination,60,8,off,0,900,8c0eaa4d1b39dd2f,14,8,6,0,200.47142857142856,340.1333333333333,14783.737426323007,0
destination,60,8,on,0,900,8c0eaa4d1b39dd2f,14,9,5,0,151.9559523809524,289.96666666666664,14254.36860112841,2
destination,60,9,off,0,900,d2fd2d20246f77dc,14,8,6,0,170.35595238095237,297.4166666666667,13589.01860112832,0
destination,60,9,on,0,900,d2fd2d20246f77dc,14,8,6,0,188.22142857142856,320.98333333333335,15467.544603576081,3
destination,60,10,off,0,900,5ac85a9945c1136f,14,8,6,0,202.96785714285716,344.0833333333333,15107.278897376471,0
destination,60,10,on,0,900,5ac85a9945c1136f,14,9,5,0,154.73452380952384,293.9166666666667,14633.21007218195,2
hotspot,30,1,off,0,900,263e51e0b67769fa,29,12,17,0,251.75632183908047,485.18333333333334,3711.665248002495,0
hotspot,30,1,on,0,900,263e51e0b67769fa,29,10,19,0,273.4706896551724,510,5762.263545358104,1
hotspot,30,2,off,0,900,83983ef303ea2495,29,12,17,0,268.87011494252874,501.4,5868.023950689911,0
hotspot,30,2,on,0,900,83983ef303ea2495,29,12,17,0,260.98333333333335,495.3833333333333,6044.301459794116,2
hotspot,30,3,off,0,900,16935803fe9b0211,29,10,19,0,270.1890804597701,529.2166666666667,9436.9884987852,0
hotspot,30,3,on,0,900,16935803fe9b0211,29,9,20,0,283.0448275862069,570,10653.110793694379,1
hotspot,30,4,off,0,900,dbae05d21ab4f8c9,29,11,18,0,260.6293103448276,510,4319.063100932626,0
hotspot,30,4,on,0,900,dbae05d21ab4f8c9,29,11,18,0,248.21551724137933,510,5159.0631009338085,1
hotspot,30,5,off,0,900,edf2c2cbd63eb03e,29,12,17,0,251.42241379310343,474.06666666666666,6213.035545627079,0
hotspot,30,5,on,0,900,edf2c2cbd63eb03e,29,12,17,0,261.7632183908046,497.6166666666667,7733.70010696717,2
hotspot,30,6,off,0,900,ab92b7f3d2bc16e0,29,11,18,0,268.0390804597701,510,4994.180376871085,0
hotspot,30,6,on,0,900,ab92b7f3d2bc16e0,29,10,19,0,282.985632183908,568.4666666666667,7128.261606970029,1
hotspot,30,7,off,0,900,a36dbcd23261b6c5,29,10,19,0,268.51206896551724,533.1,6843.660956525779,0
hotspot,30,7,on,0,900,a36dbcd23261b6c5,29,10,19,0,262.1362068965517,510,6843.660956525733,2
hotspot,30,8,off,0,900,2e54ec0c2af18c64,29,14,15,0,224.90632183908048,450,4088.2800099847573,0
hotspot,30,8,on,0,900,2e54ec0c2af18c64,29,13,16,0,247.79080459770114,450,5585.7284623048345,1
hotspot,30,9,off,0,900,eac85228155948a1,29,11,18,0,275.8293103448276,527.4333333333333,5947.327615874265,0
hotspot,30,9,on,0,900,eac85228155948a1,29,12,17,0,266.35,510,7444.860949209051,1
hotspot,30,10,off,0,900,23a3ef44da394948,29,11,18,0,269.4132183908046,517.3833333333333,5955.369867616783,0
hotspot,30,10,on,0,900,23a3ef44da394948,29,12,17,0,253.12298850574714,458.71666666666664,5588.595130301637,1
hotspot,45,1,off,0,900,d3d7385d63a35fb7,19,10,9,0,163.80350877192984,315,3711.6652480025605,0
hotspot,45,1,on,0,900,d3d7385d63a35fb7,19,10,9,0,189.13421052631577,340.0833333333333,5846.697033656672,1
hotspot,45,2,off,0,900,855ce5c5f89d4cd6,19,12,7,0,188.53859649122808,376.2,5658.023950689692,0
hotspot,45,2,on,0,900,855ce5c5f89d4cd6,19,10,9,0,215.30087719298245,405,8893.022248047122,1
hotspot,45,3,off,0,900,c464a3552c1075e8,19,10,9,0,196.64561403508773,362.18333333333334,9218.189850479144,0
hotspot,45,3,on,0,900,c464a3552c1075e8,19,9,10,0,209.0438596491228,405,10805.381926908989,2
hotspot,45,4,off,0,900,b8151578cc5fa129,19,10,9,0,175.17105263157893,336.3666666666667,4261.779767599028,0
hotspot,45,4,on,0,900,b8151578cc5fa129,19,11,8,0,147.6315789473684,315,5112.16310093376,1
hotspot,45,5,off,0,900,c4312c5a0a8ad2a9,19,12,7,0,163.79912280701757,305.8333333333333,6136.336897321111,0
hotspot,45,5,on,0,900,c4312c5a0a8ad2a9,19,12,7,0,168.0824561403509,306.76666666666665,7581.42897375121,1
hotspot,45,6,off,0,900,fa09440e06826edd,19,10,9,0,195.16491228070174,367.21666666666664,4993.22982131553,0
hotspot,45,6,on,0,900,fa09440e06826edd,19,10,9,0,207.94298245614036,405,6989.977668261108,2
hotspot,45,7,off,0,900,98129d241dd4266c,19,10,9,0,186.7763157894737,374.9166666666667,6780.405932329846,0
hotspot,45,7,on,0,900,98129d241dd4266c,19,9,10,0,200.23771929824562,360,8127.620896352411,1
hotspot,45,8,off,0,900,454218b187892069,19,13,6,0,123.01491228070175,225,3707.130009984983,0
hotspot,45,8,on,0,900,454218b187892069,19,13,6,0,157.15438596491228,233.2,5165.728462304349,1
hotspot,45,9,off,0,900,f4889836c2a0848f,19,11,8,0,198.24298245614037,360,5753.495634234514,0
hotspot,45,9,on,0,900,f4889836c2a0848f,19,12,7,0,174.46842105263158,315,7232.760949208765,1
hotspot,45,10,off,0,900,d8f2c7813018ffbe,19,10,9,0,182.45350877192985,377.4,5912.139312061336,0
hotspot,45,10,on,0,900,d8f2c7813018ffbe,19,11,8,0,180.1,315,6696.2559787275695,1
hotspot,60,1,off,0,900,b87eacb4f5ae7246,14,10,4,0,86.91428571428573,158.45,3711.665248002423,0
hotspot,60,1,on,0,900,b87eacb4f5ae7246,14,10,4,0,107.53809523809524,188.08333333333334,5846.697033656679,1
hotspot,60,2,off,0,900,8a16f266fc5bf096,14,11,3,0,121.84523809523809,256.2,5601.207284023018,0
hotspot,60,2,on,0,900,8a16f266fc5bf096,14,10,4,0,143.1202380952381,276.03333333333336,8683.022248047006,1
hotspot,60,3,off,0,900,0601081a8ab9b404,14,9,5,0,138.08214285714286,259.3666666666667,8956.714589207748,0
hotspot,60,3,on,0,900,0601081a8ab9b404,14,9,5,0,146.81547619047618,280.8666666666667,11091.74637486092,2
hotspot,60,4,off,0,900,e5c462a5fb6cb698,14,9,5,0,97.36309523809524,189.63333333333333,4261.779767599091,0
hotspot,60,4,on,0,900,e5c462a5fb6cb698,14,11,3,0,56.18452380952381,146.71666666666667,4811.3964342667805,3
hotspot,60,5,off,0,900,d8bcaf9a72bec7d6,14,11,3,0,100.89880952380953,172.9,7207.687502698069,0
hotspot,60,5,on,0,900,d8bcaf9a72bec7d6,14,9,5,0,184.675,309.71666666666664,11054.909246761274,1
hotspot,60,6,off,0,900,0e2f293b7c755e4e,14,10,4,0,135.22380952380954,254.26666666666668,4993.22982131553,0
hotspot,60,6,on,0,900,0e2f293b7c755e4e,14,10,4,0,146.13690476190476,254.26666666666668,6779.977668260941,2
hotspot,60,7,off,0,900,a27941ad101f2155,14,9,5,0,118.9595238095238,239.91666666666666,6077.022598996227,0
hotspot,60,7,on,0,900,a27941ad101f2155,14,9,5,0,121.95119047619048,201.16666666666666,8127.620896352491,1
hotspot,60,8,off,0,900,219dfd6f7207ca45,14,13,1,0,36.46666666666667,86.26666666666667,2437.6800099841175,0
hotspot,60,8,on,0,900,219dfd6f7207ca45,14,13,1,0,66.92738095238096,168.8,4982.633581871501,2
hotspot,60,9,off,0,900,e41f8d639854612d,14,10,4,0,130.47976190476192,189.63333333333333,5774.028967567736,0
hotspot,60,9,on,0,900,e41f8d639854612d,14,12,2,0,91.33809523809525,155.88333333333333,6671.224838097112,1
hotspot,60,10,off,0,900,f5f905b5b398604e,14,9,5,0,112.04404761904762,240,5912.139312061334,0
hotspot,60,10,on,0,900,f5f905b5b398604e,14,11,3,0,95.69285714285714,199.96666666666667,6514.722645394075,1
bursty-hotspot,30,1,off,0,900,87c728f9a95ee524,29,12,17,0,272.4459770114943,510,3711.665248002524,0
bursty-hotspot,30,1,on,0,900,87c728f9a95ee524,29,13,16,0,263.5494252873563,508.48333333333335,3711.665248002503,1
bursty-hotspot,30,2,off,0,900,45e8a871c939a74c,29,11,18,0,296.8672413793103,600,7580.128974887521,0
bursty-hotspot,30,2,on,0,900,45e8a871c939a74c,29,12,17,0,283.9109195402299,510,6044.3014597944075,1
bursty-hotspot,30,3,off,0,900,8fc0ffc04e8b0cd1,29,10,19,0,290.1373563218391,559.2166666666667,9436.988498785575,0
bursty-hotspot,30,3,on,0,900,8fc0ffc04e8b0cd1,29,10,19,0,286.47643678160915,543.9833333333333,9436.988498785702,1
bursty-hotspot,30,4,off,0,900,7e83e032fd2f9ecc,29,11,18,0,283.38793103448273,516.3666666666667,4739.063100933372,0
bursty-hotspot,30,4,on,0,900,7e83e032fd2f9ecc,29,11,18,0,277.18103448275866,510,5159.0631009338085,1
bursty-hotspot,30,5,off,0,900,81972c9edecd1c63,29,13,16,0,246.45,510,6152.347188097228,0
bursty-hotspot,30,5,on,0,900,81972c9edecd1c63,29,14,15,0,229.95517241379312,420,4747.668273582785,1
bursty-hotspot,30,6,off,0,900,93faefdaa5d091bd,29,11,18,0,288.46321839080457,510,5377.879821315879,0
bursty-hotspot,30,6,on,0,900,93faefdaa5d091bd,29,11,18,0,283.29080459770114,510,5797.879821316315,1
bursty-hotspot,30,7,off,0,900,487a9dc0825f256d,29,10,19,0,291.1034482758621,593.1,6843.66095652619,0
bursty-hotspot,30,7,on,0,900,487a9dc0825f256d,29,10,19,0,285.06379310344823,563.1,6843.660956525779,1
bursty-hotspot,30,8,off,0,900,5c1fd9317262f79d,29,14,15,0,246.3896551724138,510,4360.224185755689,0
bursty-hotspot,30,8,on,0,900,5c1fd9317262f79d,29,14,15,0,238.11379310344827,510,4360.224185755586,1
bursty-hotspot,30,9,off,0,900,18d8809cbfbe7c73,29,11,18,0,298.5879310344827,557.4333333333333,5947.327615874283,0
bursty-hotspot,30,9,on,0,900,18d8809cbfbe7c73,29,12,17,0,295.31551724137927,527.4333333333333,7444.860949209051,1
bursty-hotspot,30,10,off,0,900,5ebba4a094457af5,29,12,17,0,266.0137931034483,510,5867.444306177985,0
bursty-hotspot,30,10,on,0,900,5ebba4a094457af5,29,12,17,0,258.9477011494253,510,5892.385035512389,1
bursty-hotspot,45,1,off,0,900,1040fbdc5319806a,19,11,8,0,187.76052631578946,321.1333333333333,3711.665248002524,0
bursty-hotspot,45,1,on,0,900,1040fbdc5319806a,19,10,9,0,229.81929824561402,382.05,5762.263545358133,1
bursty-hotspot,45,2,off,0,900,f593df68c901b498,19,11,8,0,223.73245614035088,450,7305.0072840247085,0
bursty-hotspot,45,2,on,0,900,f593df68c901b498,19,10,9,0,257.9324561403509,450,8893.022248047122,1
bursty-hotspot,45,3,off,0,900,19734fa96c7ea0e1,19,10,9,0,221.51754385964912,450,9421.77834250325,0
bursty-hotspot,45,3,on,0,900,19734fa96c7ea0e1,19,9,10,0,241.87719298245614,450,10636.514950312312,1
bursty-hotspot,45,4,off,0,900,87d2e7f5d01286d5,19,11,8,0,203.5921052631579,381.3666666666667,4529.063100933154,0
bursty-hotspot,45,4,on,0,900,87d2e7f5d01286d5,19,9,10,0,221.40438596491228,450,6409.351908876082,1
bursty-hotspot,45,5,off,0,900,81ff6a0f250c6c7f,19,13,6,0,158.18684210526317,324.1,5525.847188096979,0
bursty-hotspot,45,5,on,0,900,81ff6a0f250c6c7f,19,12,7,0,192.8,372.53333333333336,7649.266618668784,1
bursty-hotspot,45,6,off,0,900,9a3213a68160a53e,19,11,8,0,211.3385964912281,367.21666666666664,5167.879821315661,0
bursty-hotspot,45,6,on,0,900,9a3213a68160a53e,19,11,8,0,200.3140350877193,356.7,5743.513154649592,1
bursty-hotspot,45,7,off,0,900,663431155599ff27,19,10,9,0,214.94210526315788,450,6780.4059323302645,0
bursty-hotspot,45,7,on,0,900,663431155599ff27,19,9,10,0,242.86929824561403,450,8127.620896352411,1
bursty-hotspot,45,8,off,0,900,9a160f740e33cebc,19,14,5,0,149.0675438596491,315,4088.280009984426,0
bursty-hotspot,45,8,on,0,900,9a160f740e33cebc,19,14,5,0,130.54210526315788,315,4150.2241857554145,1
bursty-hotspot,45,9,off,0,900,ed04003053facadd,19,11,8,0,227.58157894736843,422.43333333333334,5947.327615874283,0
bursty-hotspot,45,9,on,0,900,ed04003053facadd,19,12,7,0,217.1,377.5833333333333,7232.760949208765,1
bursty-hotspot,45,10,off,0,900,745c498a9bd99d9f,19,12,7,0,179.4377192982456,315,5325.740859740841,0
bursty-hotspot,45,10,on,0,900,745c498a9bd99d9f,19,12,7,0,164.55964912280703,315,5583.544524925639,1
bursty-hotspot,60,1,off,0,900,82bf2b435efde7db,14,11,3,0,110.60714285714286,244.36666666666667,3711.665248002524,0
bursty-hotspot,60,1,on,0,900,82bf2b435efde7db,14,8,6,0,210.2297619047619,399.65,9238.702359289895,1
bursty-hotspot,60,2,off,0,900,886fbf499b9cc71d,14,11,3,0,154.27857142857144,261.4,5601.207284023039,0
bursty-hotspot,60,2,on,0,900,886fbf499b9cc71d,14,10,4,0,197.90952380952382,336.03333333333336,8683.022248047006,1
bursty-hotspot,60,3,off,0,900,d70c66c3495ab2fa,14,9,5,0,165.3190476190476,319.3666666666667,8670.350141255387,0
bursty-hotspot,60,3,on,0,900,d70c66c3495ab2fa,14,9,5,0,171.28571428571428,328.8833333333333,10636.514950312021,1
bursty-hotspot,60,4,off,0,900,23f95b071da07ac5,14,11,3,0,127.81785714285714,246.36666666666667,4319.063100932935,0
bursty-hotspot,60,4,on,0,900,23f95b071da07ac5,14,9,5,0,148.4440476190476,310.31666666666666,6409.351908876082,1
bursty-hotspot,60,5,off,0,900,e6fab1d70519723d,14,12,2,0,124.33809523809525,272.6166666666667,5926.336897320665,0
bursty-hotspot,60,5,on,0,900,e6fab1d70519723d,14,9,5,0,208.9452380952381,360.43333333333334,11059.001914543825,1
bursty-hotspot,60,6,off,0,900,c83820ef838d5689,14,11,3,0,136.81666666666666,256.75,4994.180376871085,0
bursty-hotspot,60,6,on,0,900,c83820ef838d5689,14,10,4,0,167.5738095238095,344.75,6811.044179961309,1
bursty-hotspot,60,7,off,0,900,b6e08f07fc145cd4,14,10,4,0,140.63571428571427,300,6570.405932330046,0
bursty-hotspot,60,7,on,0,900,b6e08f07fc145cd4,14,9,5,0,174.37857142857143,300,8127.620896352315,1
bursty-hotspot,60,8,off,0,900,380d4aa6cd5cf1cb,14,13,1,0,60.18809523809524,142.35,2437.6800099841194,0
bursty-hotspot,60,8,on,0,900,380d4aa6cd5cf1cb,14,13,1,0,102.42857142857142,225.93333333333334,4931.372483109661,2
bursty-hotspot,60,9,off,0,900,839f5657fcadacb7,14,11,3,0,163.86785714285716,287.43333333333334,6649.310949208295,0
bursty-hotspot,60,9,on,0,900,839f5657fcadacb7,14,12,2,0,144.43333333333334,243.95,6714.5276158744455,1
bursty-hotspot,60,10,off,0,900,a0cc3db2a5b75f99,14,10,4,0,161.5011904761905,296.4,5912.139312061354,0
bursty-hotspot,60,10,on,0,900,a0cc3db2a5b75f99,14,9,5,0,177.63809523809522,300,7962.737609416348,1
