pattern,demand_profile,demand_band,request_every_seconds,offered_per_minute,burst_size,seed,policy,routing_policy,shared_ride_party_limit,shared_parties,focus_station,window_start_seconds,window_end_seconds,actual_end_seconds,arrival_window_seconds,arrival_end_seconds,schedule_id,scheduled,served,remaining,skipped,completed_at_arrival_end,backlog_at_arrival_end,arrival_throughput_per_minute,completed_at_arrival_midpoint,backlog_at_arrival_midpoint,late_arrival_throughput_per_minute,late_backlog_change,drained,drain_seconds,peak_pending,peak_outstanding,peak_active_vehicles,peak_passenger_vehicles,peak_stopped_vehicles,peak_focus_approaching,peak_focus_entrance_stopped,peak_focus_exit_stopped,peak_focus_occupied_berths,peak_focus_reserved_empty_berths,stopped_pod_seconds,junction_wait_seconds,track_wait_seconds,peak_node_throughput_per_minute,peak_node,queue_cleared,queue_clear_seconds,wait_average_seconds,wait_maximum_seconds,wait_p95_seconds,journey_average_seconds,journey_p95_seconds,journey_maximum_seconds,passenger_distance_meters,empty_distance_meters,loaded_distance_percent,occupancy,positioning_moves
hub-burst,,,5,11.8,12,1,off,free-flow,1,0,station-01,0,1800,1693,300,245,2c085e2a60a19890,59,59,0,0,3,56,0.6,0,36,1.2,20,true,1393,48,58,30,16,7,25,6,2,3,3,1543,1031,512,9,s07-exit,true,1081,535.2629943502825,1080.6833333333334,992.9166666666666,823.0050847457628,1374.6166666666666,1447.0166666666667,221959.115187077,250543.7873857242,46.975185544575254,1,0
hub-burst,,,5,11.8,12,1,off,congestion,1,0,station-01,0,1800,1693,300,245,2c085e2a60a19890,59,59,0,0,3,56,0.6,0,36,1.2,20,true,1393,48,58,30,16,7,25,6,2,3,3,1543,1031,512,9,s07-exit,true,1081,535.2629943502825,1080.6833333333334,992.9166666666666,823.0050847457628,1374.6166666666666,1447.0166666666667,221959.115187077,250543.7873857242,46.975185544575254,1,0
hub-burst,,,5,11.8,12,1,off,queue,1,0,station-01,0,1800,1693,300,245,2c085e2a60a19890,59,59,0,0,3,56,0.6,0,36,1.2,20,true,1393,48,58,30,16,7,25,6,2,3,3,1543,1031,512,9,s07-exit,true,1081,535.2629943502825,1080.6833333333334,992.9166666666666,823.0050847457628,1374.6166666666666,1447.0166666666667,221959.115187077,250543.7873857242,46.975185544575254,1,0
hub-burst,,,5,11.8,12,2,off,free-flow,1,0,station-01,0,1800,1589,300,245,3c6a9450efd04c72,59,59,0,0,4,55,0.8,0,36,1.6,19,true,1289,48,56,30,18,7,25,6,1,3,3,1534,1023,511,9,s07-exit,true,1126,538.9892655367232,1125.9,1007.6333333333333,841.7050847457626,1338.2166666666667,1343.1166666666666,234129.83770280096,247624.46596269016,48.59942836449893,1,0
hub-burst,,,5,11.8,12,2,off,congestion,1,0,station-01,0,1800,1589,300,245,3c6a9450efd04c72,59,59,0,0,4,55,0.8,0,36,1.6,19,true,1289,48,56,30,18,7,25,6,1,3,3,1534,1023,511,9,s07-exit,true,1126,538.9892655367232,1125.9,1007.6333333333333,841.7050847457626,1338.2166666666667,1343.1166666666666,234129.83770280096,247624.46596269016,48.59942836449893,1,0
hub-burst,,,5,11.8,12,2,off,queue,1,0,station-01,0,1800,1589,300,245,3c6a9450efd04c72,59,59,0,0,4,55,0.8,0,36,1.6,19,true,1289,48,56,30,18,7,25,6,1,3,3,1534,1023,511,9,s07-exit,true,1126,538.9892655367232,1125.9,1007.6333333333333,841.7050847457626,1338.2166666666667,1343.1166666666666,234129.83770280096,247624.46596269016,48.59942836449893,1,0
hub-burst,,,5,11.8,12,3,off,free-flow,1,0,station-01,0,1800,1731,300,245,68463546a0467e76,59,59,0,0,3,56,0.6,0,36,1.2,20,true,1431,48,58,30,17,8,25,6,1,3,3,1521,1028,493,9,s07-exit,true,1122,537.9980225988701,1121.6666666666667,1014.9333333333333,839.835593220339,1334.9,1485.35,232746.89165199175,240980.74121341037,49.130951100359596,1,0
hub-burst,,,5,11.8,12,3,off,congestion,1,0,station-01,0,1800,1731,300,245,68463546a0467e76,59,59,0,0,3,56,0.6,0,36,1.2,20,true,1431,48,58,30,17,8,25,6,1,3,3,1521,1028,493,9,s07-exit,true,1122,537.9980225988701,1121.6666666666667,1014.9333333333333,839.835593220339,1334.9,1485.35,232746.89165199175,240980.74121341037,49.130951100359596,1,0
hub-burst,,,5,11.8,12,3,off,queue,1,0,station-01,0,1800,1731,300,245,68463546a0467e76,59,59,0,0,3,56,0.6,0,36,1.2,20,true,1431,48,58,30,17,8,25,6,1,3,3,1521,1028,493,9,s07-exit,true,1122,537.9980225988701,1121.6666666666667,1014.9333333333333,839.835593220339,1334.9,1485.35,232746.89165199175,240980.74121341037,49.130951100359596,1,0
hub-burst,,,5,11.8,12,4,off,free-flow,1,0,station-01,0,1800,1735,300,245,f7401d76ac14b8ea,59,59,0,0,2,57,0.4,0,36,0.8,21,true,1435,48,58,30,15,7,25,6,2,3,3,1553,1055,498,9,s07-exit,true,1119,542.4437853107345,1118.6333333333334,1048.6,829.9929378531074,1422.0166666666667,1489.2,221132.08358474425,257901.06069966778,46.162167737907815,1,0
hub-burst,,,5,11.8,12,4,off,congestion,1,0,station-01,0,1800,1735,300,245,f7401d76ac14b8ea,59,59,0,0,2,57,0.4,0,36,0.8,21,true,1435,48,58,30,15,7,25,6,2,3,3,1553,1055,498,9,s07-exit,true,1119,542.4437853107345,1118.6333333333334,1048.6,829.9929378531074,1422.0166666666667,1489.2,221132.08358474425,257901.06069966778,46.162167737907815,1,0
hub-burst,,,5,11.8,12,4,off,queue,1,0,station-01,0,1800,1735,300,245,f7401d76ac14b8ea,59,59,0,0,2,57,0.4,0,36,0.8,21,true,1435,48,58,30,15,7,25,6,2,3,3,1553,1055,498,9,s07-exit,true,1119,542.4437853107345,1118.6333333333334,1048.6,829.9929378531074,1422.0166666666667,1489.2,221132.08358474425,257901.06069966778,46.162167737907815,1,0
hub-burst,,,5,11.8,12,5,off,free-flow,1,0,station-01,0,1800,1743,300,245,d3057dca1db748b4,59,59,0,0,3,56,0.6,0,36,1.2,20,true,1443,48,56,30,19,7,25,6,2,3,3,1561,1050,511,9,s07-exit,true,1072,540.1025423728813,1071.1666666666667,1060.75,855.3282485875707,1453.45,1497.65,244178.37080492626,250255.87956210837,49.385407791564745,1,0
hub-burst,,,5,11.8,12,5,off,congestion,1,0,station-01,0,1800,1743,300,245,d3057dca1db748b4,59,59,0,0,3,56,0.6,0,36,1.2,20,true,1443,48,56,30,19,7,25,6,2,3,3,1561,1050,511,9,s07-exit,true,1072,540.1025423728813,1071.1666666666667,1060.75,855.3282485875707,1453.45,1497.65,244178.37080492626,250255.87956210837,49.385407791564745,1,0
hub-burst,,,5,11.8,12,5,off,queue,1,0,station-01,0,1800,1743,300,245,d3057dca1db748b4,59,59,0,0,3,56,0.6,0,36,1.2,20,true,1443,48,56,30,19,7,25,6,2,3,3,1561,1050,511,9,s07-exit,true,1072,540.1025423728813,1071.1666666666667,1060.75,855.3282485875707,1453.45,1497.65,244178.37080492626,250255.87956210837,49.385407791564745,1,0
