name,band,seed,version,routing,gogc,gomemlimit,steps,schedule_id,cpu_seconds,wall_seconds,allocated_bytes,allocated_objects,gc_count,gc_pause_ns,heap_alloc_at_end,heap_sys_at_end,heap_in_use_at_end,process_peak_rss_kib,scheduled,served,remaining,skipped
am-peak-baseline-free-flow-gc100-r1,am-peak,4,baseline,free-flow,100,2048MiB,324000,f370d1728e1498ab,27.235864,27.242280022,8964402312,5451705,167,5852940,153782072,179994624,162217984,183528,719,702,17,0
am-peak-candidate-free-flow-gc100-r1,am-peak,4,candidate,free-flow,100,2048MiB,324000,f370d1728e1498ab,26.914381,26.925356388,8317946440,5375678,156,5256128,151624208,188383232,163397632,187316,719,702,17,0
am-peak-baseline-free-flow-gc400-r1,am-peak,4,baseline,free-flow,400,2048MiB,324000,f370d1728e1498ab,23.857792,23.867859149,8964396568,5451698,39,1367396,400188048,440041472,411443200,436292,719,702,17,0
am-peak-candidate-free-flow-gc400-r1,am-peak,4,candidate,free-flow,400,2048MiB,324000,f370d1728e1498ab,23.994539,24.007120121,8317939256,5375669,36,1282096,397592232,427458560,408068096,426516,719,702,17,0
morning-baseline-free-flow-gc100-r1,morning,1,baseline,free-flow,100,2048MiB,324000,128eeac5d1b3dcd0,44.745345,44.765103719,13327756040,6478752,206,7287794,171735280,213549056,184598528,214152,840,711,129,0
morning-candidate-free-flow-gc100-r1,morning,1,candidate,free-flow,100,2048MiB,324000,128eeac5d1b3dcd0,44.385529,44.393734727,12576397352,6388259,193,6659455,173598832,217743360,182894592,215632,840,711,129,0
am-peak-candidate-free-flow-gc100-r2,am-peak,4,candidate,free-flow,100,2048MiB,324000,f370d1728e1498ab,26.885979,26.906641336,8317934920,5375662,154,5246392,140879136,188383232,152002560,188600,719,702,17,0
am-peak-baseline-free-flow-gc100-r2,am-peak,4,baseline,free-flow,100,2048MiB,324000,f370d1728e1498ab,27.200124,27.223291113,8964402312,5451705,167,5703889,166361288,188383232,173817856,190320,719,702,17,0
am-peak-candidate-free-flow-gc400-r2,am-peak,4,candidate,free-flow,400,2048MiB,324000,f370d1728e1498ab,24.016557,24.03868253,8317943576,5375675,36,1278560,407121952,431652864,417275904,431076,719,702,17,0
am-peak-baseline-free-flow-gc400-r2,am-peak,4,baseline,free-flow,400,2048MiB,324000,f370d1728e1498ab,23.906540000000003,23.925973143,8964392248,5451692,39,1369666,425110160,444235776,435453952,440108,719,702,17,0
morning-candidate-free-flow-gc100-r2,morning,1,candidate,free-flow,100,2048MiB,324000,128eeac5d1b3dcd0,44.260366,44.293850211,12576337208,6388259,195,6689862,171543328,213549056,181248000,213580,840,711,129,0
morning-baseline-free-flow-gc100-r2,morning,1,baseline,free-flow,100,2048MiB,324000,128eeac5d1b3dcd0,45.063404,45.106460692,13327645592,6478754,205,7163941,164421224,217743360,176242688,219000,840,711,129,0
am-peak-baseline-free-flow-gc400-r3,am-peak,4,baseline,free-flow,400,2048MiB,324000,f370d1728e1498ab,23.99535,24.010075769,8964399448,5451702,40,1396727,421726616,444235776,432136192,443896,719,702,17,0
am-peak-candidate-free-flow-gc400-r3,am-peak,4,candidate,free-flow,400,2048MiB,324000,f370d1728e1498ab,23.808307,23.832716184,8317945016,5375677,37,1312200,404485344,423264256,414539776,422776,719,702,17,0
am-peak-baseline-free-flow-gc100-r3,am-peak,4,baseline,free-flow,100,2048MiB,324000,f370d1728e1498ab,27.154483000000003,27.164284279,8964397992,5451699,167,5740054,162336096,188383232,170909696,190316,719,702,17,0
am-peak-candidate-free-flow-gc100-r3,am-peak,4,candidate,free-flow,100,2048MiB,324000,f370d1728e1498ab,26.652342,26.667125623,8317949320,5375682,154,5278141,159526120,184188928,166854656,187420,719,702,17,0
morning-baseline-free-flow-gc100-r3,morning,1,baseline,free-flow,100,2048MiB,324000,128eeac5d1b3dcd0,44.955167,44.971835397,13327770440,6478772,206,7192168,165955376,217743360,177299456,218520,840,711,129,0
morning-candidate-free-flow-gc100-r3,morning,1,candidate,free-flow,100,2048MiB,324000,128eeac5d1b3dcd0,44.552087,44.564224591,12576324248,6388241,194,6839391,183550896,217743360,191799296,218828,840,711,129,0
