name,version,seed,queue_limit,band,pattern,result_sha256,schedule_id,scheduled,served,remaining,skipped,drained,actual_end_seconds,offered_per_minute,wait_average_seconds,wait_p95_seconds,wait_maximum_seconds,journey_average_seconds,journey_p95_seconds,journey_maximum_seconds,peak_pending,late_backlog_change,backlog_at_arrival_end,arrival_window_seconds,BufferMemberTicks,FocusBufferMemberTicks,BufferMovingTicks,BufferDrainingTicks,BufferSharedResourceTicks,Samples,PeakMainlineStopped,Departures,ArrivalVisits,safety_samples,restore_checks,dense_restore_samples
acton-burst-s1-unlimited-legacy,legacy,1,1000000,,hub-burst,7075e92650094947839011d522a0f0f80c349a0cd788815b04db0a9fc864c5f9,0a804ecb4fe87de5,239,217,22,0,False,5400,11.95,1972.5437238493723,3610.25,3817.8,2999.636559139785,4583.483333333334,4793.966666666666,213,113,231,1200,0,0,0,0,0,324000,56,239,238,5400,2,7200
acton-burst-s1-q200-legacy,legacy,1,200,,hub-burst,63d685fbdc8fa2c3eb0b5d9c9e092104707bba9a07ce0545fac05d521c170a22,0a804ecb4fe87de5,239,212,14,13,False,5400,11.95,1872.8661504424779,3386,3574.266666666667,2965.6680817610063,4582.533333333334,4759.583333333333,200,100,218,1200,0,0,0,0,0,324000,56,226,225,5400,2,7200
central-early-r10-s1-legacy,legacy,1,200,early,profile,fa3c1354666b87e89ddab6a64a7db173c7e115984144a6e0e2fd06fa6f3e19e5,0006c2546d58c21b,599,545,0,54,True,6645,9.983333333333333,1205.1748012232415,2430.733333333333,2497.733333333333,1680.3459327217124,2980.05,3125.7,200,77,249,3600,0,0,0,0,0,398700,19,300,299,6645,2,7200
full-morning-r14-s1-legacy,legacy,1,200,morning,profile,d179b1530cb99e3891e88273c2e4d2e3201254b1ca6020a68bb4de93fc0d21ef,ff47d91340e5f2ed,2521,1856,11,654,False,14400,14.005555555555556,1050.908007498661,2277.8333333333335,4182.583333333333,2042.9492636494253,3852.366666666667,7047.666666666667,200,6,359,10800,0,0,0,0,0,864000,1,48,48,14400,2,7200
acton-burst-s1-unlimited-v4,v4,1,1000000,,hub-burst,d37864f0de92a16dc2ba951f6a9dda399d6ef3cbdf033e4bf997b92fc1438fbe,0a804ecb4fe87de5,239,217,22,0,False,5400,11.95,1972.5437238493723,3610.25,3817.8,2999.636559139785,4583.483333333334,4793.966666666666,213,113,231,1200,272800,272800,169072,272575,272575,324000,55,239,238,5400,2,7200
acton-burst-s1-q200-v4,v4,1,200,,hub-burst,e6e31f215c554037a2ee16db1b887f020879f535a96a6aa764de35325c5ca56b,0a804ecb4fe87de5,239,212,14,13,False,5400,11.95,1872.8661504424779,3386,3574.266666666667,2965.6680817610063,4582.533333333334,4759.583333333333,200,100,218,1200,256539,256539,159201,256327,256327,324000,55,226,225,5400,2,7200
central-early-r10-s1-v4,v4,1,200,early,profile,cd225ef42ec201ceace7a7674478040dc416c5fd744fb782e827171f64293e73,0006c2546d58c21b,599,545,0,54,True,6645,9.983333333333333,1205.1748012232415,2430.733333333333,2497.733333333333,1680.3459327217124,2980.05,3125.7,200,77,249,3600,0,0,0,0,0,398700,19,300,299,6645,2,7200
full-morning-r14-s1-v4,v4,1,200,morning,profile,e8581f0c037d7bded032689adf942968a7d1efeb2f5f6ffd3b4a18f953bbb913,ff47d91340e5f2ed,2521,1856,11,654,False,14400,14.005555555555556,1050.908007498661,2277.8333333333335,4182.583333333333,2042.9492636494253,3852.366666666667,7047.666666666667,200,6,359,10800,0,0,0,0,0,864000,1,48,48,14400,2,7200
acton-burst-s2-unlimited-legacy,legacy,2,1000000,,hub-burst,240a4fcb4f0d9c906fb28de461d288fd2657d9d65add4949c11faced35075cf9,ed3ebfc8a1a26a0a,239,214,25,0,False,5400,11.95,1972.5437238493723,3610.25,3817.8,3072.2234423676014,4624.033333333334,5055.416666666667,213,114,232,1200,0,0,0,0,0,324000,56,239,238,5400,2,7200
acton-burst-s2-q200-legacy,legacy,2,200,,hub-burst,5eb795603f2ba4cb65caa97f97956408c7188d8364d75d56182f36d9c6525e69,ed3ebfc8a1a26a0a,239,211,15,13,False,5400,11.95,1872.8661504424779,3386,3574.266666666667,3049.66887835703,4526.866666666667,5055.416666666667,200,101,219,1200,0,0,0,0,0,324000,56,226,225,5400,2,7200
central-early-r10-s2-legacy,legacy,2,200,early,profile,bb6ef6d694cf20c471b52e3b48e4d127a63279af4234a06b123dd8c8a2f15ebc,8aaa642f20980cf9,599,587,0,12,True,6672,9.983333333333333,1061.728733674049,2266.8333333333335,2474.016666666667,1527.9323963657014,2799.0333333333333,3095.983333333333,200,88,254,3600,0,0,0,0,0,400320,19,299,298,6672,2,7200
full-morning-r14-s2-legacy,legacy,2,200,morning,profile,399a36d82ee8c1a411f30cb0abfa0ec45f4deb78bb952121de929c94cb7e1074,8dff6ef130977199,2521,1787,16,718,False,14400,14.005555555555556,1123.643168792753,2463.8166666666666,3995.1833333333334,2125.869949636262,4144.2,6663.766666666666,200,0,346,10800,0,0,0,0,0,864000,1,44,44,14400,2,7200
acton-burst-s2-unlimited-v4,v4,2,1000000,,hub-burst,fb50c8a55a17e8e6098302021f037e26dfe793b1844aad9cb4ac93671a4e6e6d,ed3ebfc8a1a26a0a,239,214,25,0,False,5400,11.95,1972.5437238493723,3610.25,3817.8,3072.2234423676014,4624.033333333334,5055.416666666667,213,114,232,1200,272636,272636,169091,272411,272411,324000,56,239,238,5400,2,7200
acton-burst-s2-q200-v4,v4,2,200,,hub-burst,4e138ba86ee7079464090e68d1a64fd6a09466940ce14d3ecc4fbf77dd1551ee,ed3ebfc8a1a26a0a,239,211,15,13,False,5400,11.95,1872.8661504424779,3386,3574.266666666667,3049.66887835703,4526.866666666667,5055.416666666667,200,101,219,1200,256335,256335,159220,256123,256123,324000,56,226,225,5400,2,7200
central-early-r10-s2-v4,v4,2,200,early,profile,e151798801e8e264e07fbe6fd278f54c1f5d5e0ad2060a3060ef8c710de95a7b,8aaa642f20980cf9,599,587,0,12,True,6672,9.983333333333333,1061.728733674049,2266.8333333333335,2474.016666666667,1527.9323963657014,2799.0333333333333,3095.983333333333,200,88,254,3600,0,0,0,0,0,400320,19,299,298,6672,2,7200
full-morning-r14-s2-v4,v4,2,200,morning,profile,7b37451795e3f867e174af248c56fb71bc361fdd2b144ac1213b15d6e998890e,8dff6ef130977199,2521,1787,16,718,False,14400,14.005555555555556,1123.643168792753,2463.8166666666666,3995.1833333333334,2125.869949636262,4144.2,6663.766666666666,200,0,346,10800,0,0,0,0,0,864000,1,44,44,14400,2,7200
