preset,kind,variant,iterations,ns_per_decode,bytes_per_decode,allocations_per_decode
central,full,original,136,1730624.0,557912,2075
central,full,original,138,1716504.0,557826,2074
central,full,onepass,183,1306785.0,295175,2055
central,full,onepass,177,1317461.0,295176,2055
central,full,directlegacy,162,1464918.0,295182,2055
central,full,directlegacy,162,1484198.0,295112,2055
central,delta,original,345,695947.0,200560,421
central,delta,original,349,682990.0,200473,420
central,delta,onepass,487,494599.0,68882,403
central,delta,onepass,490,490188.0,68902,403
central,delta,directlegacy,434,557696.0,68881,403
central,delta,directlegacy,423,559004.0,68881,403
full,full,original,63,3856740.0,1618688,4425
full,full,original,63,3810313.0,1618370,4421
full,full,onepass,84,2868995.0,569228,4400
full,full,onepass,81,2838706.0,569233,4400
full,full,directlegacy,74,3219432.0,569095,4399
full,full,directlegacy,72,3199263.0,569095,4399
full,delta,original,220,1065855.0,362986,700
full,delta,original,238,1047244.0,363028,701
full,delta,onepass,322,760665.0,100304,682
full,delta,onepass,316,758534.0,100304,682
full,delta,directlegacy,284,840144.0,100342,682
full,delta,directlegacy,286,831661.0,100304,682
